row_id,split,label,logit,probability,feature_contract_version,model_hash,config_hash
1,train,0,-54.337768920704555,2.5200363125272325e-24,numerical-methods-batch-4-v1,5bdca0dbcf2e61762ffe3358d42f358fb069121f4813a870c1ede95dfd240b25,b64c5c5200dfbdfef50da9ea95b568facb6adb455382fb89344720f37b2e82ca
2,train,0,-63.38519279694564,2.9659275212534357e-28,numerical-methods-batch-4-v1,5bdca0dbcf2e61762ffe3358d42f358fb069121f4813a870c1ede95dfd240b25,b64c5c5200dfbdfef50da9ea95b568facb6adb455382fb89344720f37b2e82ca
3,train,0,-29.68557037270966,1.281505855687712e-13,numerical-methods-batch-4-v1,5bdca0dbcf2e61762ffe3358d42f358fb069121f4813a870c1ede95dfd240b25,b64c5c5200dfbdfef50da9ea95b568facb6adb455382fb89344720f37b2e82ca
4,train,0,-47.8798013045516,1.6071873253570088e-21,numerical-methods-batch-4-v1,5bdca0dbcf2e61762ffe3358d42f358fb069121f4813a870c1ede95dfd240b25,b64c5c5200dfbdfef50da9ea95b568facb6adb455382fb89344720f37b2e82ca
5,train,0,-0.8584082463093132,0.29767201586406966,numerical-methods-batch-4-v1,5bdca0dbcf2e61762ffe3358d42f358fb069121f4813a870c1ede95dfd240b25,b64c5c5200dfbdfef50da9ea95b568facb6adb455382fb89344720f37b2e82ca
6,train,0,-58.66862383422316,3.315434160775847e-26,numerical-methods-batch-4-v1,5bdca0dbcf2e61762ffe3358d42f358fb069121f4813a870c1ede95dfd240b25,b64c5c5200dfbdfef50da9ea95b568facb6adb455382fb89344720f37b2e82ca
7,train,0,-48.62804404786237,7.605167861658916e-22,numerical-methods-batch-4-v1,5bdca0dbcf2e61762ffe3358d42f358fb069121f4813a870c1ede95dfd240b25,b64c5c5200dfbdfef50da9ea95b568facb6adb455382fb89344720f37b2e82ca
9,train,0,-48.570038408728934,8.059355875548923e-22,numerical-methods-batch-4-v1,5bdca0dbcf2e61762ffe3358d42f358fb069121f4813a870c1ede95dfd240b25,b64c5c5200dfbdfef50da9ea95b568facb6adb455382fb89344720f37b2e82ca
10,train,0,-38.815070845071354,1.389405191573352e-17,numerical-methods-batch-4-v1,5bdca0dbcf2e61762ffe3358d42f358fb069121f4813a870c1ede95dfd240b25,b64c5c5200dfbdfef50da9ea95b568facb6adb455382fb89344720f37b2e82ca
11,train,0,-33.8390289823734,2.0132441230172912e-15,numerical-methods-batch-4-v1,5bdca0dbcf2e61762ffe3358d42f358fb069121f4813a870c1ede95dfd240b25,b64c5c5200dfbdfef50da9ea95b568facb6adb455382fb89344720f37b2e82ca
12,train,0,-34.07450544241012,1.590853957906761e-15,numerical-methods-batch-4-v1,5bdca0dbcf2e61762ffe3358d42f358fb069121f4813a870c1ede95dfd240b25,b64c5c5200dfbdfef50da9ea95b568facb6adb455382fb89344720f37b2e82ca
13,train,0,-50.33794222068365,1.3756547851991828e-22,numerical-methods-batch-4-v1,5bdca0dbcf2e61762ffe3358d42f358fb069121f4813a870c1ede95dfd240b25,b64c5c5200dfbdfef50da9ea95b568facb6adb455382fb89344720f37b2e82ca
15,train,0,-51.0876527073971,6.500014654684871e-23,numerical-methods-batch-4-v1,5bdca0dbcf2e61762ffe3358d42f358fb069121f4813a870c1ede95dfd240b25,b64c5c5200dfbdfef50da9ea95b568facb6adb455382fb89344720f37b2e82ca
18,train,0,-43.288370028136434,1.5852573161872721e-19,numerical-methods-batch-4-v1,5bdca0dbcf2e61762ffe3358d42f358fb069121f4813a870c1ede95dfd240b25,b64c5c5200dfbdfef50da9ea95b568facb6adb455382fb89344720f37b2e82ca
19,train,0,-35.58658304145343,3.507061286388958e-16,numerical-methods-batch-4-v1,5bdca0dbcf2e61762ffe3358d42f358fb069121f4813a870c1ede95dfd240b25,b64c5c5200dfbdfef50da9ea95b568facb6adb455382fb89344720f37b2e82ca
21,train,0,-74.10215465931421,6.574203364887012e-33,numerical-methods-batch-4-v1,5bdca0dbcf2e61762ffe3358d42f358fb069121f4813a870c1ede95dfd240b25,b64c5c5200dfbdfef50da9ea95b568facb6adb455382fb89344720f37b2e82ca
23,train,0,-57.3903048819627,1.1904393526457548e-25,numerical-methods-batch-4-v1,5bdca0dbcf2e61762ffe3358d42f358fb069121f4813a870c1ede95dfd240b25,b64c5c5200dfbdfef50da9ea95b568facb6adb455382fb89344720f37b2e82ca
24,train,0,-34.71583242908146,8.377328415426942e-16,numerical-methods-batch-4-v1,5bdca0dbcf2e61762ffe3358d42f358fb069121f4813a870c1ede95dfd240b25,b64c5c5200dfbdfef50da9ea95b568facb6adb455382fb89344720f37b2e82ca
25,train,0,-55.39512868252241,8.753894108404933e-25,numerical-methods-batch-4-v1,5bdca0dbcf2e61762ffe3358d42f358fb069121f4813a870c1ede95dfd240b25,b64c5c5200dfbdfef50da9ea95b568facb6adb455382fb89344720f37b2e82ca
26,train,0,-24.283506092801908,2.8431992939934764e-11,numerical-methods-batch-4-v1,5bdca0dbcf2e61762ffe3358d42f358fb069121f4813a870c1ede95dfd240b25,b64c5c5200dfbdfef50da9ea95b568facb6adb455382fb89344720f37b2e82ca
28,train,0,-43.83314799373654,9.194025456017795e-20,numerical-methods-batch-4-v1,5bdca0dbcf2e61762ffe3358d42f358fb069121f4813a870c1ede95dfd240b25,b64c5c5200dfbdfef50da9ea95b568facb6adb455382fb89344720f37b2e82ca
29,train,0,-79.25548370206238,3.799975246868769e-35,numerical-methods-batch-4-v1,5bdca0dbcf2e61762ffe3358d42f358fb069121f4813a870c1ede95dfd240b25,b64c5c5200dfbdfef50da9ea95b568facb6adb455382fb89344720f37b2e82ca
30,train,0,-47.09386031557339,3.5269258845688184e-21,numerical-methods-batch-4-v1,5bdca0dbcf2e61762ffe3358d42f358fb069121f4813a870c1ede95dfd240b25,b64c5c5200dfbdfef50da9ea95b568facb6adb455382fb89344720f37b2e82ca
33,train,0,-58.53837139093485,3.776663798434952e-26,numerical-methods-batch-4-v1,5bdca0dbcf2e61762ffe3358d42f358fb069121f4813a870c1ede95dfd240b25,b64c5c5200dfbdfef50da9ea95b568facb6adb455382fb89344720f37b2e82ca
34,train,0,-39.81161816182741,5.129014379983475e-18,numerical-methods-batch-4-v1,5bdca0dbcf2e61762ffe3358d42f358fb069121f4813a870c1ede95dfd240b25,b64c5c5200dfbdfef50da9ea95b568facb6adb455382fb89344720f37b2e82ca
35,train,0,-33.29255049046118,3.477194896262525e-15,numerical-methods-batch-4-v1,5bdca0dbcf2e61762ffe3358d42f358fb069121f4813a870c1ede95dfd240b25,b64c5c5200dfbdfef50da9ea95b568facb6adb455382fb89344720f37b2e82ca
36,train,0,-43.80362231647559,9.469532536421467e-20,numerical-methods-batch-4-v1,5bdca0dbcf2e61762ffe3358d42f358fb069121f4813a870c1ede95dfd240b25,b64c5c5200dfbdfef50da9ea95b568facb6adb455382fb89344720f37b2e82ca
40,train,0,-50.870220002761286,8.078749826361784e-23,numerical-methods-batch-4-v1,5bdca0dbcf2e61762ffe3358d42f358fb069121f4813a870c1ede95dfd240b25,b64c5c5200dfbdfef50da9ea95b568facb6adb455382fb89344720f37b2e82ca
41,train,0,-58.85136177082172,2.7617116402582406e-26,numerical-methods-batch-4-v1,5bdca0dbcf2e61762ffe3358d42f358fb069121f4813a870c1ede95dfd240b25,b64c5c5200dfbdfef50da9ea95b568facb6adb455382fb89344720f37b2e82ca
43,train,0,-35.57534963486809,3.5466796396567006e-16,numerical-methods-batch-4-v1,5bdca0dbcf2e61762ffe3358d42f358fb069121f4813a870c1ede95dfd240b25,b64c5c5200dfbdfef50da9ea95b568facb6adb455382fb89344720f37b2e82ca
45,train,0,-51.15188539691014,6.0956276894438e-23,numerical-methods-batch-4-v1,5bdca0dbcf2e61762ffe3358d42f358fb069121f4813a870c1ede95dfd240b25,b64c5c5200dfbdfef50da9ea95b568facb6adb455382fb89344720f37b2e82ca
47,train,0,-49.35000239176435,3.694590246129427e-22,numerical-methods-batch-4-v1,5bdca0dbcf2e61762ffe3358d42f358fb069121f4813a870c1ede95dfd240b25,b64c5c5200dfbdfef50da9ea95b568facb6adb455382fb89344720f37b2e82ca
48,train,0,-4.046704073261887,0.017179594779198514,numerical-methods-batch-4-v1,5bdca0dbcf2e61762ffe3358d42f358fb069121f4813a870c1ede95dfd240b25,b64c5c5200dfbdfef50da9ea95b568facb6adb455382fb89344720f37b2e82ca
49,train,0,-45.966258864992426,1.0891994696370842e-20,numerical-methods-batch-4-v1,5bdca0dbcf2e61762ffe3358d42f358fb069121f4813a870c1ede95dfd240b25,b64c5c5200dfbdfef50da9ea95b568facb6adb455382fb89344720f37b2e82ca
51,train,0,-32.68494726241052,6.384218798448689e-15,numerical-methods-batch-4-v1,5bdca0dbcf2e61762ffe3358d42f358fb069121f4813a870c1ede95dfd240b25,b64c5c5200dfbdfef50da9ea95b568facb6adb455382fb89344720f37b2e82ca
52,train,0,-55.766326901804085,6.039374355451489e-25,numerical-methods-batch-4-v1,5bdca0dbcf2e61762ffe3358d42f358fb069121f4813a870c1ede95dfd240b25,b64c5c5200dfbdfef50da9ea95b568facb6adb455382fb89344720f37b2e82ca
53,train,0,-49.64469165875239,2.7515940192577625e-22,numerical-methods-batch-4-v1,5bdca0dbcf2e61762ffe3358d42f358fb069121f4813a870c1ede95dfd240b25,b64c5c5200dfbdfef50da9ea95b568facb6adb455382fb89344720f37b2e82ca
54,train,0,-40.82525293385871,1.8613066480393536e-18,numerical-methods-batch-4-v1,5bdca0dbcf2e61762ffe3358d42f358fb069121f4813a870c1ede95dfd240b25,b64c5c5200dfbdfef50da9ea95b568facb6adb455382fb89344720f37b2e82ca
55,train,0,-53.46534428874484,6.029704129469074e-24,numerical-methods-batch-4-v1,5bdca0dbcf2e61762ffe3358d42f358fb069121f4813a870c1ede95dfd240b25,b64c5c5200dfbdfef50da9ea95b568facb6adb455382fb89344720f37b2e82ca
56,train,0,-56.25786835399753,3.694181339499684e-25,numerical-methods-batch-4-v1,5bdca0dbcf2e61762ffe3358d42f358fb069121f4813a870c1ede95dfd240b25,b64c5c5200dfbdfef50da9ea95b568facb6adb455382fb89344720f37b2e82ca
59,train,0,-32.63724398477739,6.696147828862969e-15,numerical-methods-batch-4-v1,5bdca0dbcf2e61762ffe3358d42f358fb069121f4813a870c1ede95dfd240b25,b64c5c5200dfbdfef50da9ea95b568facb6adb455382fb89344720f37b2e82ca
60,train,0,-36.912095798120255,9.317094049163125e-17,numerical-methods-batch-4-v1,5bdca0dbcf2e61762ffe3358d42f358fb069121f4813a870c1ede95dfd240b25,b64c5c5200dfbdfef50da9ea95b568facb6adb455382fb89344720f37b2e82ca
62,train,0,-36.389996715270485,1.5704540362801013e-16,numerical-methods-batch-4-v1,5bdca0dbcf2e61762ffe3358d42f358fb069121f4813a870c1ede95dfd240b25,b64c5c5200dfbdfef50da9ea95b568facb6adb455382fb89344720f37b2e82ca
64,train,0,-13.38136245086298,1.543645093496106e-06,numerical-methods-batch-4-v1,5bdca0dbcf2e61762ffe3358d42f358fb069121f4813a870c1ede95dfd240b25,b64c5c5200dfbdfef50da9ea95b568facb6adb455382fb89344720f37b2e82ca
65,train,0,-55.52528264259136,7.685571057210019e-25,numerical-methods-batch-4-v1,5bdca0dbcf2e61762ffe3358d42f358fb069121f4813a870c1ede95dfd240b25,b64c5c5200dfbdfef50da9ea95b568facb6adb455382fb89344720f37b2e82ca
66,train,0,-44.61211155977373,4.21896695255469e-20,numerical-methods-batch-4-v1,5bdca0dbcf2e61762ffe3358d42f358fb069121f4813a870c1ede95dfd240b25,b64c5c5200dfbdfef50da9ea95b568facb6adb455382fb89344720f37b2e82ca
67,train,0,-35.570557685808325,3.56371593374793e-16,numerical-methods-batch-4-v1,5bdca0dbcf2e61762ffe3358d42f358fb069121f4813a870c1ede95dfd240b25,b64c5c5200dfbdfef50da9ea95b568facb6adb455382fb89344720f37b2e82ca
68,train,0,-43.77689728918358,9.726018077886083e-20,numerical-methods-batch-4-v1,5bdca0dbcf2e61762ffe3358d42f358fb069121f4813a870c1ede95dfd240b25,b64c5c5200dfbdfef50da9ea95b568facb6adb455382fb89344720f37b2e82ca
69,train,0,-38.790303311255755,1.4242470236975428e-17,numerical-methods-batch-4-v1,5bdca0dbcf2e61762ffe3358d42f358fb069121f4813a870c1ede95dfd240b25,b64c5c5200dfbdfef50da9ea95b568facb6adb455382fb89344720f37b2e82ca
71,train,0,-35.3104730107419,4.622281790255406e-16,numerical-methods-batch-4-v1,5bdca0dbcf2e61762ffe3358d42f358fb069121f4813a870c1ede95dfd240b25,b64c5c5200dfbdfef50da9ea95b568facb6adb455382fb89344720f37b2e82ca
73,train,0,-63.97611020100958,1.6425869422027773e-28,numerical-methods-batch-4-v1,5bdca0dbcf2e61762ffe3358d42f358fb069121f4813a870c1ede95dfd240b25,b64c5c5200dfbdfef50da9ea95b568facb6adb455382fb89344720f37b2e82ca
74,train,0,-40.56256581056486,2.42047998964062e-18,numerical-methods-batch-4-v1,5bdca0dbcf2e61762ffe3358d42f358fb069121f4813a870c1ede95dfd240b25,b64c5c5200dfbdfef50da9ea95b568facb6adb455382fb89344720f37b2e82ca
75,train,0,-60.958936524410326,3.356373200646333e-27,numerical-methods-batch-4-v1,5bdca0dbcf2e61762ffe3358d42f358fb069121f4813a870c1ede95dfd240b25,b64c5c5200dfbdfef50da9ea95b568facb6adb455382fb89344720f37b2e82ca
76,train,0,-36.89169699759689,9.50910331341746e-17,numerical-methods-batch-4-v1,5bdca0dbcf2e61762ffe3358d42f358fb069121f4813a870c1ede95dfd240b25,b64c5c5200dfbdfef50da9ea95b568facb6adb455382fb89344720f37b2e82ca
77,train,0,-53.830379700600666,4.185652188126282e-24,numerical-methods-batch-4-v1,5bdca0dbcf2e61762ffe3358d42f358fb069121f4813a870c1ede95dfd240b25,b64c5c5200dfbdfef50da9ea95b568facb6adb455382fb89344720f37b2e82ca
79,train,0,-39.44659764457557,7.38856865393367e-18,numerical-methods-batch-4-v1,5bdca0dbcf2e61762ffe3358d42f358fb069121f4813a870c1ede95dfd240b25,b64c5c5200dfbdfef50da9ea95b568facb6adb455382fb89344720f37b2e82ca
80,train,0,-46.24500779143369,8.242297776679174e-21,numerical-methods-batch-4-v1,5bdca0dbcf2e61762ffe3358d42f358fb069121f4813a870c1ede95dfd240b25,b64c5c5200dfbdfef50da9ea95b568facb6adb455382fb89344720f37b2e82ca
82,train,0,-55.61814000004522,7.00404139644006e-25,numerical-methods-batch-4-v1,5bdca0dbcf2e61762ffe3358d42f358fb069121f4813a870c1ede95dfd240b25,b64c5c5200dfbdfef50da9ea95b568facb6adb455382fb89344720f37b2e82ca
83,train,0,-67.38635313271408,5.425986125033359e-30,numerical-methods-batch-4-v1,5bdca0dbcf2e61762ffe3358d42f358fb069121f4813a870c1ede95dfd240b25,b64c5c5200dfbdfef50da9ea95b568facb6adb455382fb89344720f37b2e82ca
84,train,0,-47.972916074646896,1.4642905782101255e-21,numerical-methods-batch-4-v1,5bdca0dbcf2e61762ffe3358d42f358fb069121f4813a870c1ede95dfd240b25,b64c5c5200dfbdfef50da9ea95b568facb6adb455382fb89344720f37b2e82ca
86,train,0,-52.006130779066694,2.5943249808574434e-23,numerical-methods-batch-4-v1,5bdca0dbcf2e61762ffe3358d42f358fb069121f4813a870c1ede95dfd240b25,b64c5c5200dfbdfef50da9ea95b568facb6adb455382fb89344720f37b2e82ca
87,train,0,-39.98091090022476,4.330230499195251e-18,numerical-methods-batch-4-v1,5bdca0dbcf2e61762ffe3358d42f358fb069121f4813a870c1ede95dfd240b25,b64c5c5200dfbdfef50da9ea95b568facb6adb455382fb89344720f37b2e82ca
88,train,0,-40.85988973212846,1.7979406772541154e-18,numerical-methods-batch-4-v1,5bdca0dbcf2e61762ffe3358d42f358fb069121f4813a870c1ede95dfd240b25,b64c5c5200dfbdfef50da9ea95b568facb6adb455382fb89344720f37b2e82ca
91,train,0,-26.513771428338174,3.0564364777283032e-12,numerical-methods-batch-4-v1,5bdca0dbcf2e61762ffe3358d42f358fb069121f4813a870c1ede95dfd240b25,b64c5c5200dfbdfef50da9ea95b568facb6adb455382fb89344720f37b2e82ca
92,train,0,-56.483354885993094,2.948428860628512e-25,numerical-methods-batch-4-v1,5bdca0dbcf2e61762ffe3358d42f358fb069121f4813a870c1ede95dfd240b25,b64c5c5200dfbdfef50da9ea95b568facb6adb455382fb89344720f37b2e82ca
93,train,0,-58.89946969337202,2.6319966073807637e-26,numerical-methods-batch-4-v1,5bdca0dbcf2e61762ffe3358d42f358fb069121f4813a870c1ede95dfd240b25,b64c5c5200dfbdfef50da9ea95b568facb6adb455382fb89344720f37b2e82ca
94,train,0,-36.640541216082404,1.2224050514466718e-16,numerical-methods-batch-4-v1,5bdca0dbcf2e61762ffe3358d42f358fb069121f4813a870c1ede95dfd240b25,b64c5c5200dfbdfef50da9ea95b568facb6adb455382fb89344720f37b2e82ca
95,train,0,-48.274442046930865,1.0831190693180327e-21,numerical-methods-batch-4-v1,5bdca0dbcf2e61762ffe3358d42f358fb069121f4813a870c1ede95dfd240b25,b64c5c5200dfbdfef50da9ea95b568facb6adb455382fb89344720f37b2e82ca
96,train,0,-15.018947274631904,3.001607793171724e-07,numerical-methods-batch-4-v1,5bdca0dbcf2e61762ffe3358d42f358fb069121f4813a870c1ede95dfd240b25,b64c5c5200dfbdfef50da9ea95b568facb6adb455382fb89344720f37b2e82ca
97,train,0,-31.316696073460975,2.5080240911736e-14,numerical-methods-batch-4-v1,5bdca0dbcf2e61762ffe3358d42f358fb069121f4813a870c1ede95dfd240b25,b64c5c5200dfbdfef50da9ea95b568facb6adb455382fb89344720f37b2e82ca
99,train,0,-58.596984591780235,3.5616639098022197e-26,numerical-methods-batch-4-v1,5bdca0dbcf2e61762ffe3358d42f358fb069121f4813a870c1ede95dfd240b25,b64c5c5200dfbdfef50da9ea95b568facb6adb455382fb89344720f37b2e82ca
100,train,0,-37.0431185318995,8.1729347017936e-17,numerical-methods-batch-4-v1,5bdca0dbcf2e61762ffe3358d42f358fb069121f4813a870c1ede95dfd240b25,b64c5c5200dfbdfef50da9ea95b568facb6adb455382fb89344720f37b2e82ca
101,train,0,-22.67254266206114,1.42376997813992e-10,numerical-methods-batch-4-v1,5bdca0dbcf2e61762ffe3358d42f358fb069121f4813a870c1ede95dfd240b25,b64c5c5200dfbdfef50da9ea95b568facb6adb455382fb89344720f37b2e82ca
102,train,0,-43.457572371545844,1.3384930550270638e-19,numerical-methods-batch-4-v1,5bdca0dbcf2e61762ffe3358d42f358fb069121f4813a870c1ede95dfd240b25,b64c5c5200dfbdfef50da9ea95b568facb6adb455382fb89344720f37b2e82ca
103,train,0,-45.49681969890082,1.741735728249543e-20,numerical-methods-batch-4-v1,5bdca0dbcf2e61762ffe3358d42f358fb069121f4813a870c1ede95dfd240b25,b64c5c5200dfbdfef50da9ea95b568facb6adb455382fb89344720f37b2e82ca
104,train,0,-27.669583492482293,9.621716859131498e-13,numerical-methods-batch-4-v1,5bdca0dbcf2e61762ffe3358d42f358fb069121f4813a870c1ede95dfd240b25,b64c5c5200dfbdfef50da9ea95b568facb6adb455382fb89344720f37b2e82ca
105,train,0,-42.04270173657674,5.509175805019016e-19,numerical-methods-batch-4-v1,5bdca0dbcf2e61762ffe3358d42f358fb069121f4813a870c1ede95dfd240b25,b64c5c5200dfbdfef50da9ea95b568facb6adb455382fb89344720f37b2e82ca
106,train,0,-47.950939729583375,1.4968265344785498e-21,numerical-methods-batch-4-v1,5bdca0dbcf2e61762ffe3358d42f358fb069121f4813a870c1ede95dfd240b25,b64c5c5200dfbdfef50da9ea95b568facb6adb455382fb89344720f37b2e82ca
107,train,0,-44.86521907971172,3.275540128328824e-20,numerical-methods-batch-4-v1,5bdca0dbcf2e61762ffe3358d42f358fb069121f4813a870c1ede95dfd240b25,b64c5c5200dfbdfef50da9ea95b568facb6adb455382fb89344720f37b2e82ca
109,train,0,-42.53236679187622,3.376197158339734e-19,numerical-methods-batch-4-v1,5bdca0dbcf2e61762ffe3358d42f358fb069121f4813a870c1ede95dfd240b25,b64c5c5200dfbdfef50da9ea95b568facb6adb455382fb89344720f37b2e82ca
110,train,0,-53.50310369031433,5.806271006834228e-24,numerical-methods-batch-4-v1,5bdca0dbcf2e61762ffe3358d42f358fb069121f4813a870c1ede95dfd240b25,b64c5c5200dfbdfef50da9ea95b568facb6adb455382fb89344720f37b2e82ca
112,train,0,-36.619187605695,1.2487885010908635e-16,numerical-methods-batch-4-v1,5bdca0dbcf2e61762ffe3358d42f358fb069121f4813a870c1ede95dfd240b25,b64c5c5200dfbdfef50da9ea95b568facb6adb455382fb89344720f37b2e82ca
113,train,0,-52.0308118447146,2.5310779878553096e-23,numerical-methods-batch-4-v1,5bdca0dbcf2e61762ffe3358d42f358fb069121f4813a870c1ede95dfd240b25,b64c5c5200dfbdfef50da9ea95b568facb6adb455382fb89344720f37b2e82ca
115,train,0,-35.97935228221639,2.3679135427408107e-16,numerical-methods-batch-4-v1,5bdca0dbcf2e61762ffe3358d42f358fb069121f4813a870c1ede95dfd240b25,b64c5c5200dfbdfef50da9ea95b568facb6adb455382fb89344720f37b2e82ca
116,train,0,-26.27633867137806,3.875530065498362e-12,numerical-methods-batch-4-v1,5bdca0dbcf2e61762ffe3358d42f358fb069121f4813a870c1ede95dfd240b25,b64c5c5200dfbdfef50da9ea95b568facb6adb455382fb89344720f37b2e82ca
117,train,0,-57.50863088657136,1.0575939168762664e-25,numerical-methods-batch-4-v1,5bdca0dbcf2e61762ffe3358d42f358fb069121f4813a870c1ede95dfd240b25,b64c5c5200dfbdfef50da9ea95b568facb6adb455382fb89344720f37b2e82ca
118,train,0,-46.94484856390086,4.093655716180126e-21,numerical-methods-batch-4-v1,5bdca0dbcf2e61762ffe3358d42f358fb069121f4813a870c1ede95dfd240b25,b64c5c5200dfbdfef50da9ea95b568facb6adb455382fb89344720f37b2e82ca
119,train,0,-40.29499507802949,3.1630495062078848e-18,numerical-methods-batch-4-v1,5bdca0dbcf2e61762ffe3358d42f358fb069121f4813a870c1ede95dfd240b25,b64c5c5200dfbdfef50da9ea95b568facb6adb455382fb89344720f37b2e82ca
120,train,0,-11.30994920542519,1.2250283776858684e-05,numerical-methods-batch-4-v1,5bdca0dbcf2e61762ffe3358d42f358fb069121f4813a870c1ede95dfd240b25,b64c5c5200dfbdfef50da9ea95b568facb6adb455382fb89344720f37b2e82ca
123,train,0,-33.14378569249962,4.034937057271651e-15,numerical-methods-batch-4-v1,5bdca0dbcf2e61762ffe3358d42f358fb069121f4813a870c1ede95dfd240b25,b64c5c5200dfbdfef50da9ea95b568facb6adb455382fb89344720f37b2e82ca
125,train,0,-39.48853730982286,7.085102668963936e-18,numerical-methods-batch-4-v1,5bdca0dbcf2e61762ffe3358d42f358fb069121f4813a870c1ede95dfd240b25,b64c5c5200dfbdfef50da9ea95b568facb6adb455382fb89344720f37b2e82ca
126,train,0,-51.160886642598605,6.041005648989111e-23,numerical-methods-batch-4-v1,5bdca0dbcf2e61762ffe3358d42f358fb069121f4813a870c1ede95dfd240b25,b64c5c5200dfbdfef50da9ea95b568facb6adb455382fb89344720f37b2e82ca
127,train,0,-54.61421494822123,1.9113834201791204e-24,numerical-methods-batch-4-v1,5bdca0dbcf2e61762ffe3358d42f358fb069121f4813a870c1ede95dfd240b25,b64c5c5200dfbdfef50da9ea95b568facb6adb455382fb89344720f37b2e82ca
128,train,0,-29.67707035842642,1.2924450997670644e-13,numerical-methods-batch-4-v1,5bdca0dbcf2e61762ffe3358d42f358fb069121f4813a870c1ede95dfd240b25,b64c5c5200dfbdfef50da9ea95b568facb6adb455382fb89344720f37b2e82ca
129,train,0,-46.762008775579396,4.914933272920924e-21,numerical-methods-batch-4-v1,5bdca0dbcf2e61762ffe3358d42f358fb069121f4813a870c1ede95dfd240b25,b64c5c5200dfbdfef50da9ea95b568facb6adb455382fb89344720f37b2e82ca
130,train,0,-44.45932507873952,4.915417928137687e-20,numerical-methods-batch-4-v1,5bdca0dbcf2e61762ffe3358d42f358fb069121f4813a870c1ede95dfd240b25,b64c5c5200dfbdfef50da9ea95b568facb6adb455382fb89344720f37b2e82ca
131,train,0,-26.357970354100367,3.571732462970142e-12,numerical-methods-batch-4-v1,5bdca0dbcf2e61762ffe3358d42f358fb069121f4813a870c1ede95dfd240b25,b64c5c5200dfbdfef50da9ea95b568facb6adb455382fb89344720f37b2e82ca
132,train,0,-69.17201505392472,9.098620684391943e-31,numerical-methods-batch-4-v1,5bdca0dbcf2e61762ffe3358d42f358fb069121f4813a870c1ede95dfd240b25,b64c5c5200dfbdfef50da9ea95b568facb6adb455382fb89344720f37b2e82ca
133,train,0,-46.28666493050705,7.906000454542949e-21,numerical-methods-batch-4-v1,5bdca0dbcf2e61762ffe3358d42f358fb069121f4813a870c1ede95dfd240b25,b64c5c5200dfbdfef50da9ea95b568facb6adb455382fb89344720f37b2e82ca
135,train,0,-32.88004842728624,5.252625083933041e-15,numerical-methods-batch-4-v1,5bdca0dbcf2e61762ffe3358d42f358fb069121f4813a870c1ede95dfd240b25,b64c5c5200dfbdfef50da9ea95b568facb6adb455382fb89344720f37b2e82ca
136,train,0,-66.71212469153298,1.0648596487805192e-29,numerical-methods-batch-4-v1,5bdca0dbcf2e61762ffe3358d42f358fb069121f4813a870c1ede95dfd240b25,b64c5c5200dfbdfef50da9ea95b568facb6adb455382fb89344720f37b2e82ca
142,train,0,-34.54972163202231,9.89114444056119e-16,numerical-methods-batch-4-v1,5bdca0dbcf2e61762ffe3358d42f358fb069121f4813a870c1ede95dfd240b25,b64c5c5200dfbdfef50da9ea95b568facb6adb455382fb89344720f37b2e82ca
146,train,0,0.9614502478532856,0.7234120749289246,numerical-methods-batch-4-v1,5bdca0dbcf2e61762ffe3358d42f358fb069121f4813a870c1ede95dfd240b25,b64c5c5200dfbdfef50da9ea95b568facb6adb455382fb89344720f37b2e82ca
147,train,0,-42.59757275461798,3.1630729647528006e-19,numerical-methods-batch-4-v1,5bdca0dbcf2e61762ffe3358d42f358fb069121f4813a870c1ede95dfd240b25,b64c5c5200dfbdfef50da9ea95b568facb6adb455382fb89344720f37b2e82ca
148,train,0,-43.163307271842335,1.7964446102193261e-19,numerical-methods-batch-4-v1,5bdca0dbcf2e61762ffe3358d42f358fb069121f4813a870c1ede95dfd240b25,b64c5c5200dfbdfef50da9ea95b568facb6adb455382fb89344720f37b2e82ca
149,train,0,-38.05638133264828,2.967041262183274e-17,numerical-methods-batch-4-v1,5bdca0dbcf2e61762ffe3358d42f358fb069121f4813a870c1ede95dfd240b25,b64c5c5200dfbdfef50da9ea95b568facb6adb455382fb89344720f37b2e82ca
151,train,0,-63.93272220261732,1.7154242072811024e-28,numerical-methods-batch-4-v1,5bdca0dbcf2e61762ffe3358d42f358fb069121f4813a870c1ede95dfd240b25,b64c5c5200dfbdfef50da9ea95b568facb6adb455382fb89344720f37b2e82ca
152,train,0,-51.70156285287936,3.518005768357885e-23,numerical-methods-batch-4-v1,5bdca0dbcf2e61762ffe3358d42f358fb069121f4813a870c1ede95dfd240b25,b64c5c5200dfbdfef50da9ea95b568facb6adb455382fb89344720f37b2e82ca
153,train,0,-45.92426251055053,1.1359159720875526e-20,numerical-methods-batch-4-v1,5bdca0dbcf2e61762ffe3358d42f358fb069121f4813a870c1ede95dfd240b25,b64c5c5200dfbdfef50da9ea95b568facb6adb455382fb89344720f37b2e82ca
154,train,0,-54.46846851264263,2.2112848334822278e-24,numerical-methods-batch-4-v1,5bdca0dbcf2e61762ffe3358d42f358fb069121f4813a870c1ede95dfd240b25,b64c5c5200dfbdfef50da9ea95b568facb6adb455382fb89344720f37b2e82ca
156,train,0,-47.11407262075363,3.456354193105169e-21,numerical-methods-batch-4-v1,5bdca0dbcf2e61762ffe3358d42f358fb069121f4813a870c1ede95dfd240b25,b64c5c5200dfbdfef50da9ea95b568facb6adb455382fb89344720f37b2e82ca
157,train,0,-31.8333844165154,1.4960179608578297e-14,numerical-methods-batch-4-v1,5bdca0dbcf2e61762ffe3358d42f358fb069121f4813a870c1ede95dfd240b25,b64c5c5200dfbdfef50da9ea95b568facb6adb455382fb89344720f37b2e82ca
159,train,0,-14.767357013500261,3.860274332049706e-07,numerical-methods-batch-4-v1,5bdca0dbcf2e61762ffe3358d42f358fb069121f4813a870c1ede95dfd240b25,b64c5c5200dfbdfef50da9ea95b568facb6adb455382fb89344720f37b2e82ca
160,train,0,-41.24266099183036,1.2261395813615252e-18,numerical-methods-batch-4-v1,5bdca0dbcf2e61762ffe3358d42f358fb069121f4813a870c1ede95dfd240b25,b64c5c5200dfbdfef50da9ea95b568facb6adb455382fb89344720f37b2e82ca
161,train,0,-53.859158684317755,4.0669102041294926e-24,numerical-methods-batch-4-v1,5bdca0dbcf2e61762ffe3358d42f358fb069121f4813a870c1ede95dfd240b25,b64c5c5200dfbdfef50da9ea95b568facb6adb455382fb89344720f37b2e82ca
162,train,0,-49.861222372520764,2.215880127532771e-22,numerical-methods-batch-4-v1,5bdca0dbcf2e61762ffe3358d42f358fb069121f4813a870c1ede95dfd240b25,b64c5c5200dfbdfef50da9ea95b568facb6adb455382fb89344720f37b2e82ca
163,train,0,-33.975655286028136,1.7561450755963884e-15,numerical-methods-batch-4-v1,5bdca0dbcf2e61762ffe3358d42f358fb069121f4813a870c1ede95dfd240b25,b64c5c5200dfbdfef50da9ea95b568facb6adb455382fb89344720f37b2e82ca
164,train,0,-40.53939460411283,2.477220262831314e-18,numerical-methods-batch-4-v1,5bdca0dbcf2e61762ffe3358d42f358fb069121f4813a870c1ede95dfd240b25,b64c5c5200dfbdfef50da9ea95b568facb6adb455382fb89344720f37b2e82ca
165,train,0,-50.075599629817496,1.788312461167561e-22,numerical-methods-batch-4-v1,5bdca0dbcf2e61762ffe3358d42f358fb069121f4813a870c1ede95dfd240b25,b64c5c5200dfbdfef50da9ea95b568facb6adb455382fb89344720f37b2e82ca
168,train,0,-22.61537091833346,1.5075412485336501e-10,numerical-methods-batch-4-v1,5bdca0dbcf2e61762ffe3358d42f358fb069121f4813a870c1ede95dfd240b25,b64c5c5200dfbdfef50da9ea95b568facb6adb455382fb89344720f37b2e82ca
170,train,0,-13.055320193096122,2.138678737957802e-06,numerical-methods-batch-4-v1,5bdca0dbcf2e61762ffe3358d42f358fb069121f4813a870c1ede95dfd240b25,b64c5c5200dfbdfef50da9ea95b568facb6adb455382fb89344720f37b2e82ca
172,train,0,-35.345796546900885,4.4618565266677215e-16,numerical-methods-batch-4-v1,5bdca0dbcf2e61762ffe3358d42f358fb069121f4813a870c1ede95dfd240b25,b64c5c5200dfbdfef50da9ea95b568facb6adb455382fb89344720f37b2e82ca
173,train,0,-38.473351200996866,1.9554011806952732e-17,numerical-methods-batch-4-v1,5bdca0dbcf2e61762ffe3358d42f358fb069121f4813a870c1ede95dfd240b25,b64c5c5200dfbdfef50da9ea95b568facb6adb455382fb89344720f37b2e82ca
175,train,0,-39.859791636010335,4.8877889212301296e-18,numerical-methods-batch-4-v1,5bdca0dbcf2e61762ffe3358d42f358fb069121f4813a870c1ede95dfd240b25,b64c5c5200dfbdfef50da9ea95b568facb6adb455382fb89344720f37b2e82ca
176,train,0,-30.85769416427403,3.968932384063437e-14,numerical-methods-batch-4-v1,5bdca0dbcf2e61762ffe3358d42f358fb069121f4813a870c1ede95dfd240b25,b64c5c5200dfbdfef50da9ea95b568facb6adb455382fb89344720f37b2e82ca
178,train,0,-46.511936208823116,6.31135722185886e-21,numerical-methods-batch-4-v1,5bdca0dbcf2e61762ffe3358d42f358fb069121f4813a870c1ede95dfd240b25,b64c5c5200dfbdfef50da9ea95b568facb6adb455382fb89344720f37b2e82ca
179,train,0,-36.21140438070523,1.8775300450155286e-16,numerical-methods-batch-4-v1,5bdca0dbcf2e61762ffe3358d42f358fb069121f4813a870c1ede95dfd240b25,b64c5c5200dfbdfef50da9ea95b568facb6adb455382fb89344720f37b2e82ca
180,train,0,-45.12469794668775,2.5269269323133985e-20,numerical-methods-batch-4-v1,5bdca0dbcf2e61762ffe3358d42f358fb069121f4813a870c1ede95dfd240b25,b64c5c5200dfbdfef50da9ea95b568facb6adb455382fb89344720f37b2e82ca
181,train,0,-24.6617507822455,1.947770218608298e-11,numerical-methods-batch-4-v1,5bdca0dbcf2e61762ffe3358d42f358fb069121f4813a870c1ede95dfd240b25,b64c5c5200dfbdfef50da9ea95b568facb6adb455382fb89344720f37b2e82ca
182,train,0,-35.21965499836843,5.06172072407071e-16,numerical-methods-batch-4-v1,5bdca0dbcf2e61762ffe3358d42f358fb069121f4813a870c1ede95dfd240b25,b64c5c5200dfbdfef50da9ea95b568facb6adb455382fb89344720f37b2e82ca
183,train,0,-39.371198760948545,7.967198401054704e-18,numerical-methods-batch-4-v1,5bdca0dbcf2e61762ffe3358d42f358fb069121f4813a870c1ede95dfd240b25,b64c5c5200dfbdfef50da9ea95b568facb6adb455382fb89344720f37b2e82ca
184,train,0,-52.93756160454918,1.0221370006498208e-23,numerical-methods-batch-4-v1,5bdca0dbcf2e61762ffe3358d42f358fb069121f4813a870c1ede95dfd240b25,b64c5c5200dfbdfef50da9ea95b568facb6adb455382fb89344720f37b2e82ca
185,train,0,-54.19716481865255,2.9004834012997643e-24,numerical-methods-batch-4-v1,5bdca0dbcf2e61762ffe3358d42f358fb069121f4813a870c1ede95dfd240b25,b64c5c5200dfbdfef50da9ea95b568facb6adb455382fb89344720f37b2e82ca
186,train,0,-46.091899111016815,9.605999410340623e-21,numerical-methods-batch-4-v1,5bdca0dbcf2e61762ffe3358d42f358fb069121f4813a870c1ede95dfd240b25,b64c5c5200dfbdfef50da9ea95b568facb6adb455382fb89344720f37b2e82ca
187,train,0,-26.43402551698979,3.310156929318777e-12,numerical-methods-batch-4-v1,5bdca0dbcf2e61762ffe3358d42f358fb069121f4813a870c1ede95dfd240b25,b64c5c5200dfbdfef50da9ea95b568facb6adb455382fb89344720f37b2e82ca
188,train,0,-42.568335153549874,3.256918859509445e-19,numerical-methods-batch-4-v1,5bdca0dbcf2e61762ffe3358d42f358fb069121f4813a870c1ede95dfd240b25,b64c5c5200dfbdfef50da9ea95b568facb6adb455382fb89344720f37b2e82ca
191,train,0,-11.30994920542519,1.2250283776858684e-05,numerical-methods-batch-4-v1,5bdca0dbcf2e61762ffe3358d42f358fb069121f4813a870c1ede95dfd240b25,b64c5c5200dfbdfef50da9ea95b568facb6adb455382fb89344720f37b2e82ca
192,train,0,-55.567998938063404,7.364185011166147e-25,numerical-methods-batch-4-v1,5bdca0dbcf2e61762ffe3358d42f358fb069121f4813a870c1ede95dfd240b25,b64c5c5200dfbdfef50da9ea95b568facb6adb455382fb89344720f37b2e82ca
193,train,0,-33.52761447081163,2.7487930490941917e-15,numerical-methods-batch-4-v1,5bdca0dbcf2e61762ffe3358d42f358fb069121f4813a870c1ede95dfd240b25,b64c5c5200dfbdfef50da9ea95b568facb6adb455382fb89344720f37b2e82ca
196,train,0,-0.3595095344425019,0.4110782990050604,numerical-methods-batch-4-v1,5bdca0dbcf2e61762ffe3358d42f358fb069121f4813a870c1ede95dfd240b25,b64c5c5200dfbdfef50da9ea95b568facb6adb455382fb89344720f37b2e82ca
198,train,0,-43.109983012263015,1.894838772848548e-19,numerical-methods-batch-4-v1,5bdca0dbcf2e61762ffe3358d42f358fb069121f4813a870c1ede95dfd240b25,b64c5c5200dfbdfef50da9ea95b568facb6adb455382fb89344720f37b2e82ca
199,train,0,-37.691561702394665,4.273293658522083e-17,numerical-methods-batch-4-v1,5bdca0dbcf2e61762ffe3358d42f358fb069121f4813a870c1ede95dfd240b25,b64c5c5200dfbdfef50da9ea95b568facb6adb455382fb89344720f37b2e82ca
200,train,0,-63.235871918443046,3.4435767543616624e-28,numerical-methods-batch-4-v1,5bdca0dbcf2e61762ffe3358d42f358fb069121f4813a870c1ede95dfd240b25,b64c5c5200dfbdfef50da9ea95b568facb6adb455382fb89344720f37b2e82ca
201,train,0,-40.31148231760761,3.1113271026633848e-18,numerical-methods-batch-4-v1,5bdca0dbcf2e61762ffe3358d42f358fb069121f4813a870c1ede95dfd240b25,b64c5c5200dfbdfef50da9ea95b568facb6adb455382fb89344720f37b2e82ca
202,train,0,-37.24163568622824,6.701362705994096e-17,numerical-methods-batch-4-v1,5bdca0dbcf2e61762ffe3358d42f358fb069121f4813a870c1ede95dfd240b25,b64c5c5200dfbdfef50da9ea95b568facb6adb455382fb89344720f37b2e82ca
203,train,0,-4.046808413183365,0.01717783314510194,numerical-methods-batch-4-v1,5bdca0dbcf2e61762ffe3358d42f358fb069121f4813a870c1ede95dfd240b25,b64c5c5200dfbdfef50da9ea95b568facb6adb455382fb89344720f37b2e82ca
205,train,0,-42.67917831886847,2.9152000581141995e-19,numerical-methods-batch-4-v1,5bdca0dbcf2e61762ffe3358d42f358fb069121f4813a870c1ede95dfd240b25,b64c5c5200dfbdfef50da9ea95b568facb6adb455382fb89344720f37b2e82ca
207,train,0,-53.4111457998961,6.3655232241963284e-24,numerical-methods-batch-4-v1,5bdca0dbcf2e61762ffe3358d42f358fb069121f4813a870c1ede95dfd240b25,b64c5c5200dfbdfef50da9ea95b568facb6adb455382fb89344720f37b2e82ca
208,train,0,-40.79881924194085,1.9111639071807136e-18,numerical-methods-batch-4-v1,5bdca0dbcf2e61762ffe3358d42f358fb069121f4813a870c1ede95dfd240b25,b64c5c5200dfbdfef50da9ea95b568facb6adb455382fb89344720f37b2e82ca
209,train,0,-48.314980013588354,1.0400896790449404e-21,numerical-methods-batch-4-v1,5bdca0dbcf2e61762ffe3358d42f358fb069121f4813a870c1ede95dfd240b25,b64c5c5200dfbdfef50da9ea95b568facb6adb455382fb89344720f37b2e82ca
210,train,0,-45.86341761989899,1.2071765944422819e-20,numerical-methods-batch-4-v1,5bdca0dbcf2e61762ffe3358d42f358fb069121f4813a870c1ede95dfd240b25,b64c5c5200dfbdfef50da9ea95b568facb6adb455382fb89344720f37b2e82ca
211,train,0,-50.47511877233866,1.1993182538144887e-22,numerical-methods-batch-4-v1,5bdca0dbcf2e61762ffe3358d42f358fb069121f4813a870c1ede95dfd240b25,b64c5c5200dfbdfef50da9ea95b568facb6adb455382fb89344720f37b2e82ca
212,train,0,-49.741189375685764,2.498480307852828e-22,numerical-methods-batch-4-v1,5bdca0dbcf2e61762ffe3358d42f358fb069121f4813a870c1ede95dfd240b25,b64c5c5200dfbdfef50da9ea95b568facb6adb455382fb89344720f37b2e82ca
213,train,0,-33.81442727620029,2.063387642388576e-15,numerical-methods-batch-4-v1,5bdca0dbcf2e61762ffe3358d42f358fb069121f4813a870c1ede95dfd240b25,b64c5c5200dfbdfef50da9ea95b568facb6adb455382fb89344720f37b2e82ca
215,train,0,-43.75340509693195,9.957208517127148e-20,numerical-methods-batch-4-v1,5bdca0dbcf2e61762ffe3358d42f358fb069121f4813a870c1ede95dfd240b25,b64c5c5200dfbdfef50da9ea95b568facb6adb455382fb89344720f37b2e82ca
218,train,0,-47.771171544464984,1.7916113463443744e-21,numerical-methods-batch-4-v1,5bdca0dbcf2e61762ffe3358d42f358fb069121f4813a870c1ede95dfd240b25,b64c5c5200dfbdfef50da9ea95b568facb6adb455382fb89344720f37b2e82ca
219,train,0,-35.578898354120994,3.534115775334325e-16,numerical-methods-batch-4-v1,5bdca0dbcf2e61762ffe3358d42f358fb069121f4813a870c1ede95dfd240b25,b64c5c5200dfbdfef50da9ea95b568facb6adb455382fb89344720f37b2e82ca
220,train,0,-8.61725047136862,0.00018092437854108482,numerical-methods-batch-4-v1,5bdca0dbcf2e61762ffe3358d42f358fb069121f4813a870c1ede95dfd240b25,b64c5c5200dfbdfef50da9ea95b568facb6adb455382fb89344720f37b2e82ca
221,train,0,-51.85674231380058,3.012332889950315e-23,numerical-methods-batch-4-v1,5bdca0dbcf2e61762ffe3358d42f358fb069121f4813a870c1ede95dfd240b25,b64c5c5200dfbdfef50da9ea95b568facb6adb455382fb89344720f37b2e82ca
222,train,0,-44.38402279618455,5.299852890674565e-20,numerical-methods-batch-4-v1,5bdca0dbcf2e61762ffe3358d42f358fb069121f4813a870c1ede95dfd240b25,b64c5c5200dfbdfef50da9ea95b568facb6adb455382fb89344720f37b2e82ca
223,train,0,-45.5281313473476,1.6880440849905794e-20,numerical-methods-batch-4-v1,5bdca0dbcf2e61762ffe3358d42f358fb069121f4813a870c1ede95dfd240b25,b64c5c5200dfbdfef50da9ea95b568facb6adb455382fb89344720f37b2e82ca
224,train,0,-61.50494697492492,1.944199911557337e-27,numerical-methods-batch-4-v1,5bdca0dbcf2e61762ffe3358d42f358fb069121f4813a870c1ede95dfd240b25,b64c5c5200dfbdfef50da9ea95b568facb6adb455382fb89344720f37b2e82ca
226,train,0,-51.06564968483174,6.644619663485226e-23,numerical-methods-batch-4-v1,5bdca0dbcf2e61762ffe3358d42f358fb069121f4813a870c1ede95dfd240b25,b64c5c5200dfbdfef50da9ea95b568facb6adb455382fb89344720f37b2e82ca
228,train,0,-5.038738606655063,0.00644017472018755,numerical-methods-batch-4-v1,5bdca0dbcf2e61762ffe3358d42f358fb069121f4813a870c1ede95dfd240b25,b64c5c5200dfbdfef50da9ea95b568facb6adb455382fb89344720f37b2e82ca
229,train,0,-19.142448537869804,4.8589253604729164e-09,numerical-methods-batch-4-v1,5bdca0dbcf2e61762ffe3358d42f358fb069121f4813a870c1ede95dfd240b25,b64c5c5200dfbdfef50da9ea95b568facb6adb455382fb89344720f37b2e82ca
230,train,0,-56.5431682713542,2.7772439567584825e-25,numerical-methods-batch-4-v1,5bdca0dbcf2e61762ffe3358d42f358fb069121f4813a870c1ede95dfd240b25,b64c5c5200dfbdfef50da9ea95b568facb6adb455382fb89344720f37b2e82ca
232,train,0,-47.96082274538461,1.4821062344810145e-21,numerical-methods-batch-4-v1,5bdca0dbcf2e61762ffe3358d42f358fb069121f4813a870c1ede95dfd240b25,b64c5c5200dfbdfef50da9ea95b568facb6adb455382fb89344720f37b2e82ca
233,train,0,-45.66567133702217,1.4711295732096243e-20,numerical-methods-batch-4-v1,5bdca0dbcf2e61762ffe3358d42f358fb069121f4813a870c1ede95dfd240b25,b64c5c5200dfbdfef50da9ea95b568facb6adb455382fb89344720f37b2e82ca
234,train,0,-42.06859975809807,5.368330727940873e-19,numerical-methods-batch-4-v1,5bdca0dbcf2e61762ffe3358d42f358fb069121f4813a870c1ede95dfd240b25,b64c5c5200dfbdfef50da9ea95b568facb6adb455382fb89344720f37b2e82ca
235,train,0,-37.38558830640897,5.802902796393709e-17,numerical-methods-batch-4-v1,5bdca0dbcf2e61762ffe3358d42f358fb069121f4813a870c1ede95dfd240b25,b64c5c5200dfbdfef50da9ea95b568facb6adb455382fb89344720f37b2e82ca
236,train,0,-36.96331295884559,8.851913249624592e-17,numerical-methods-batch-4-v1,5bdca0dbcf2e61762ffe3358d42f358fb069121f4813a870c1ede95dfd240b25,b64c5c5200dfbdfef50da9ea95b568facb6adb455382fb89344720f37b2e82ca
237,train,0,-41.18808046620779,1.2949229660222192e-18,numerical-methods-batch-4-v1,5bdca0dbcf2e61762ffe3358d42f358fb069121f4813a870c1ede95dfd240b25,b64c5c5200dfbdfef50da9ea95b568facb6adb455382fb89344720f37b2e82ca
238,train,0,-37.64558507176947,4.474351876315237e-17,numerical-methods-batch-4-v1,5bdca0dbcf2e61762ffe3358d42f358fb069121f4813a870c1ede95dfd240b25,b64c5c5200dfbdfef50da9ea95b568facb6adb455382fb89344720f37b2e82ca
239,train,0,-45.14684922533708,2.471567672521655e-20,numerical-methods-batch-4-v1,5bdca0dbcf2e61762ffe3358d42f358fb069121f4813a870c1ede95dfd240b25,b64c5c5200dfbdfef50da9ea95b568facb6adb455382fb89344720f37b2e82ca
241,train,0,-53.752725346932586,4.523639572216392e-24,numerical-methods-batch-4-v1,5bdca0dbcf2e61762ffe3358d42f358fb069121f4813a870c1ede95dfd240b25,b64c5c5200dfbdfef50da9ea95b568facb6adb455382fb89344720f37b2e82ca
242,train,0,-35.42037752466733,4.1411932180765247e-16,numerical-methods-batch-4-v1,5bdca0dbcf2e61762ffe3358d42f358fb069121f4813a870c1ede95dfd240b25,b64c5c5200dfbdfef50da9ea95b568facb6adb455382fb89344720f37b2e82ca
243,train,0,-35.332344414331686,4.522283537010229e-16,numerical-methods-batch-4-v1,5bdca0dbcf2e61762ffe3358d42f358fb069121f4813a870c1ede95dfd240b25,b64c5c5200dfbdfef50da9ea95b568facb6adb455382fb89344720f37b2e82ca
244,train,0,-47.984901545838234,1.4468451205228818e-21,numerical-methods-batch-4-v1,5bdca0dbcf2e61762ffe3358d42f358fb069121f4813a870c1ede95dfd240b25,b64c5c5200dfbdfef50da9ea95b568facb6adb455382fb89344720f37b2e82ca
245,train,0,-42.32936346148027,4.1360999608850772e-19,numerical-methods-batch-4-v1,5bdca0dbcf2e61762ffe3358d42f358fb069121f4813a870c1ede95dfd240b25,b64c5c5200dfbdfef50da9ea95b568facb6adb455382fb89344720f37b2e82ca
246,train,0,-33.21198226672547,3.768941256447692e-15,numerical-methods-batch-4-v1,5bdca0dbcf2e61762ffe3358d42f358fb069121f4813a870c1ede95dfd240b25,b64c5c5200dfbdfef50da9ea95b568facb6adb455382fb89344720f37b2e82ca
247,train,0,-42.56125640355206,3.280055566749801e-19,numerical-methods-batch-4-v1,5bdca0dbcf2e61762ffe3358d42f358fb069121f4813a870c1ede95dfd240b25,b64c5c5200dfbdfef50da9ea95b568facb6adb455382fb89344720f37b2e82ca
249,train,0,-2.832469858843403,0.05559457847500668,numerical-methods-batch-4-v1,5bdca0dbcf2e61762ffe3358d42f358fb069121f4813a870c1ede95dfd240b25,b64c5c5200dfbdfef50da9ea95b568facb6adb455382fb89344720f37b2e82ca
255,train,0,-58.271603364262496,4.931331602855417e-26,numerical-methods-batch-4-v1,5bdca0dbcf2e61762ffe3358d42f358fb069121f4813a870c1ede95dfd240b25,b64c5c5200dfbdfef50da9ea95b568facb6adb455382fb89344720f37b2e82ca
256,train,0,-40.55475362820871,2.4394632746050156e-18,numerical-methods-batch-4-v1,5bdca0dbcf2e61762ffe3358d42f358fb069121f4813a870c1ede95dfd240b25,b64c5c5200dfbdfef50da9ea95b568facb6adb455382fb89344720f37b2e82ca
257,train,0,-22.225692954135546,2.2258925373887056e-10,numerical-methods-batch-4-v1,5bdca0dbcf2e61762ffe3358d42f358fb069121f4813a870c1ede95dfd240b25,b64c5c5200dfbdfef50da9ea95b568facb6adb455382fb89344720f37b2e82ca
258,train,0,-48.61026879886633,7.741560226997978e-22,numerical-methods-batch-4-v1,5bdca0dbcf2e61762ffe3358d42f358fb069121f4813a870c1ede95dfd240b25,b64c5c5200dfbdfef50da9ea95b568facb6adb455382fb89344720f37b2e82ca
259,train,0,-40.23989424661436,3.3422272540519937e-18,numerical-methods-batch-4-v1,5bdca0dbcf2e61762ffe3358d42f358fb069121f4813a870c1ede95dfd240b25,b64c5c5200dfbdfef50da9ea95b568facb6adb455382fb89344720f37b2e82ca
260,train,0,-48.37027297692779,9.841410742628354e-22,numerical-methods-batch-4-v1,5bdca0dbcf2e61762ffe3358d42f358fb069121f4813a870c1ede95dfd240b25,b64c5c5200dfbdfef50da9ea95b568facb6adb455382fb89344720f37b2e82ca
261,train,0,-55.7236163732454,6.302906975180752e-25,numerical-methods-batch-4-v1,5bdca0dbcf2e61762ffe3358d42f358fb069121f4813a870c1ede95dfd240b25,b64c5c5200dfbdfef50da9ea95b568facb6adb455382fb89344720f37b2e82ca
262,train,0,-42.62084506701212,3.090310897341409e-19,numerical-methods-batch-4-v1,5bdca0dbcf2e61762ffe3358d42f358fb069121f4813a870c1ede95dfd240b25,b64c5c5200dfbdfef50da9ea95b568facb6adb455382fb89344720f37b2e82ca
263,train,0,-41.63264937520675,8.301758764397942e-19,numerical-methods-batch-4-v1,5bdca0dbcf2e61762ffe3358d42f358fb069121f4813a870c1ede95dfd240b25,b64c5c5200dfbdfef50da9ea95b568facb6adb455382fb89344720f37b2e82ca
264,train,0,-57.404265557303866,1.1739354859426346e-25,numerical-methods-batch-4-v1,5bdca0dbcf2e61762ffe3358d42f358fb069121f4813a870c1ede95dfd240b25,b64c5c5200dfbdfef50da9ea95b568facb6adb455382fb89344720f37b2e82ca
265,train,0,-45.20401024374869,2.3342522776463067e-20,numerical-methods-batch-4-v1,5bdca0dbcf2e61762ffe3358d42f358fb069121f4813a870c1ede95dfd240b25,b64c5c5200dfbdfef50da9ea95b568facb6adb455382fb89344720f37b2e82ca
266,train,0,-40.95380296923375,1.6367764113348665e-18,numerical-methods-batch-4-v1,5bdca0dbcf2e61762ffe3358d42f358fb069121f4813a870c1ede95dfd240b25,b64c5c5200dfbdfef50da9ea95b568facb6adb455382fb89344720f37b2e82ca
267,train,0,-41.8525154026635,6.663210091986251e-19,numerical-methods-batch-4-v1,5bdca0dbcf2e61762ffe3358d42f358fb069121f4813a870c1ede95dfd240b25,b64c5c5200dfbdfef50da9ea95b568facb6adb455382fb89344720f37b2e82ca
268,train,0,-52.16896907684517,2.2044720828341283e-23,numerical-methods-batch-4-v1,5bdca0dbcf2e61762ffe3358d42f358fb069121f4813a870c1ede95dfd240b25,b64c5c5200dfbdfef50da9ea95b568facb6adb455382fb89344720f37b2e82ca
269,train,0,-11.30994920542519,1.2250283776858684e-05,numerical-methods-batch-4-v1,5bdca0dbcf2e61762ffe3358d42f358fb069121f4813a870c1ede95dfd240b25,b64c5c5200dfbdfef50da9ea95b568facb6adb455382fb89344720f37b2e82ca
271,train,0,-52.32186685767901,1.8919163954160676e-23,numerical-methods-batch-4-v1,5bdca0dbcf2e61762ffe3358d42f358fb069121f4813a870c1ede95dfd240b25,b64c5c5200dfbdfef50da9ea95b568facb6adb455382fb89344720f37b2e82ca
272,train,0,-72.01564924255233,5.296645699199658e-32,numerical-methods-batch-4-v1,5bdca0dbcf2e61762ffe3358d42f358fb069121f4813a870c1ede95dfd240b25,b64c5c5200dfbdfef50da9ea95b568facb6adb455382fb89344720f37b2e82ca
273,train,0,-50.014030609242084,1.901877272661766e-22,numerical-methods-batch-4-v1,5bdca0dbcf2e61762ffe3358d42f358fb069121f4813a870c1ede95dfd240b25,b64c5c5200dfbdfef50da9ea95b568facb6adb455382fb89344720f37b2e82ca
276,train,0,-45.54142837772211,1.665746684658228e-20,numerical-methods-batch-4-v1,5bdca0dbcf2e61762ffe3358d42f358fb069121f4813a870c1ede95dfd240b25,b64c5c5200dfbdfef50da9ea95b568facb6adb455382fb89344720f37b2e82ca
277,train,0,-34.7900873479229,7.777804807692346e-16,numerical-methods-batch-4-v1,5bdca0dbcf2e61762ffe3358d42f358fb069121f4813a870c1ede95dfd240b25,b64c5c5200dfbdfef50da9ea95b568facb6adb455382fb89344720f37b2e82ca
278,train,0,-35.84358963181691,2.7122318479679635e-16,numerical-methods-batch-4-v1,5bdca0dbcf2e61762ffe3358d42f358fb069121f4813a870c1ede95dfd240b25,b64c5c5200dfbdfef50da9ea95b568facb6adb455382fb89344720f37b2e82ca
279,train,0,-21.11258982148907,6.775147296931113e-10,numerical-methods-batch-4-v1,5bdca0dbcf2e61762ffe3358d42f358fb069121f4813a870c1ede95dfd240b25,b64c5c5200dfbdfef50da9ea95b568facb6adb455382fb89344720f37b2e82ca
280,train,0,-48.93143353066783,5.614982745191968e-22,numerical-methods-batch-4-v1,5bdca0dbcf2e61762ffe3358d42f358fb069121f4813a870c1ede95dfd240b25,b64c5c5200dfbdfef50da9ea95b568facb6adb455382fb89344720f37b2e82ca
281,train,0,-42.779394293349654,2.637212461538403e-19,numerical-methods-batch-4-v1,5bdca0dbcf2e61762ffe3358d42f358fb069121f4813a870c1ede95dfd240b25,b64c5c5200dfbdfef50da9ea95b568facb6adb455382fb89344720f37b2e82ca
282,train,0,-32.22668677904245,1.0095498342924065e-14,numerical-methods-batch-4-v1,5bdca0dbcf2e61762ffe3358d42f358fb069121f4813a870c1ede95dfd240b25,b64c5c5200dfbdfef50da9ea95b568facb6adb455382fb89344720f37b2e82ca
283,train,0,-23.310010979240644,7.526461745156964e-11,numerical-methods-batch-4-v1,5bdca0dbcf2e61762ffe3358d42f358fb069121f4813a870c1ede95dfd240b25,b64c5c5200dfbdfef50da9ea95b568facb6adb455382fb89344720f37b2e82ca
284,train,0,-44.04008841974294,7.475368682529416e-20,numerical-methods-batch-4-v1,5bdca0dbcf2e61762ffe3358d42f358fb069121f4813a870c1ede95dfd240b25,b64c5c5200dfbdfef50da9ea95b568facb6adb455382fb89344720f37b2e82ca
285,train,0,-8.61725047136862,0.00018092437854108482,numerical-methods-batch-4-v1,5bdca0dbcf2e61762ffe3358d42f358fb069121f4813a870c1ede95dfd240b25,b64c5c5200dfbdfef50da9ea95b568facb6adb455382fb89344720f37b2e82ca
288,train,0,-44.07082280615616,7.249112544541847e-20,numerical-methods-batch-4-v1,5bdca0dbcf2e61762ffe3358d42f358fb069121f4813a870c1ede95dfd240b25,b64c5c5200dfbdfef50da9ea95b568facb6adb455382fb89344720f37b2e82ca
289,train,0,-39.93528423342796,4.532381144985952e-18,numerical-methods-batch-4-v1,5bdca0dbcf2e61762ffe3358d42f358fb069121f4813a870c1ede95dfd240b25,b64c5c5200dfbdfef50da9ea95b568facb6adb455382fb89344720f37b2e82ca
290,train,0,-57.1229776626304,1.5552707748692603e-25,numerical-methods-batch-4-v1,5bdca0dbcf2e61762ffe3358d42f358fb069121f4813a870c1ede95dfd240b25,b64c5c5200dfbdfef50da9ea95b568facb6adb455382fb89344720f37b2e82ca
292,train,0,-27.990714327772473,6.978903977398041e-13,numerical-methods-batch-4-v1,5bdca0dbcf2e61762ffe3358d42f358fb069121f4813a870c1ede95dfd240b25,b64c5c5200dfbdfef50da9ea95b568facb6adb455382fb89344720f37b2e82ca
293,train,0,-48.92172404211392,5.669766888499547e-22,numerical-methods-batch-4-v1,5bdca0dbcf2e61762ffe3358d42f358fb069121f4813a870c1ede95dfd240b25,b64c5c5200dfbdfef50da9ea95b568facb6adb455382fb89344720f37b2e82ca
295,train,0,-49.14651058570656,4.528367322914648e-22,numerical-methods-batch-4-v1,5bdca0dbcf2e61762ffe3358d42f358fb069121f4813a870c1ede95dfd240b25,b64c5c5200dfbdfef50da9ea95b568facb6adb455382fb89344720f37b2e82ca
297,train,0,-12.801729929453105,2.7559931633723458e-06,numerical-methods-batch-4-v1,5bdca0dbcf2e61762ffe3358d42f358fb069121f4813a870c1ede95dfd240b25,b64c5c5200dfbdfef50da9ea95b568facb6adb455382fb89344720f37b2e82ca
298,train,0,-43.666289823442945,1.0863537916340663e-19,numerical-methods-batch-4-v1,5bdca0dbcf2e61762ffe3358d42f358fb069121f4813a870c1ede95dfd240b25,b64c5c5200dfbdfef50da9ea95b568facb6adb455382fb89344720f37b2e82ca
300,train,0,-39.193511451205964,9.516434227329209e-18,numerical-methods-batch-4-v1,5bdca0dbcf2e61762ffe3358d42f358fb069121f4813a870c1ede95dfd240b25,b64c5c5200dfbdfef50da9ea95b568facb6adb455382fb89344720f37b2e82ca
304,train,0,-47.963400140189094,1.4782911801351352e-21,numerical-methods-batch-4-v1,5bdca0dbcf2e61762ffe3358d42f358fb069121f4813a870c1ede95dfd240b25,b64c5c5200dfbdfef50da9ea95b568facb6adb455382fb89344720f37b2e82ca
305,train,0,-48.53573257978744,8.34063594683404e-22,numerical-methods-batch-4-v1,5bdca0dbcf2e61762ffe3358d42f358fb069121f4813a870c1ede95dfd240b25,b64c5c5200dfbdfef50da9ea95b568facb6adb455382fb89344720f37b2e82ca
306,train,0,-42.42667700195426,3.7525655958010653e-19,numerical-methods-batch-4-v1,5bdca0dbcf2e61762ffe3358d42f358fb069121f4813a870c1ede95dfd240b25,b64c5c5200dfbdfef50da9ea95b568facb6adb455382fb89344720f37b2e82ca
307,train,0,-17.588225531421795,2.298956190121584e-08,numerical-methods-batch-4-v1,5bdca0dbcf2e61762ffe3358d42f358fb069121f4813a870c1ede95dfd240b25,b64c5c5200dfbdfef50da9ea95b568facb6adb455382fb89344720f37b2e82ca
310,train,0,-55.80015974147709,5.838463035641812e-25,numerical-methods-batch-4-v1,5bdca0dbcf2e61762ffe3358d42f358fb069121f4813a870c1ede95dfd240b25,b64c5c5200dfbdfef50da9ea95b568facb6adb455382fb89344720f37b2e82ca
312,train,0,-40.16083013704023,3.617204669693931e-18,numerical-methods-batch-4-v1,5bdca0dbcf2e61762ffe3358d42f358fb069121f4813a870c1ede95dfd240b25,b64c5c5200dfbdfef50da9ea95b568facb6adb455382fb89344720f37b2e82ca
315,train,0,-32.34593839074803,8.960607304075664e-15,numerical-methods-batch-4-v1,5bdca0dbcf2e61762ffe3358d42f358fb069121f4813a870c1ede95dfd240b25,b64c5c5200dfbdfef50da9ea95b568facb6adb455382fb89344720f37b2e82ca
316,train,0,-0.8579908866234085,0.2977592778609791,numerical-methods-batch-4-v1,5bdca0dbcf2e61762ffe3358d42f358fb069121f4813a870c1ede95dfd240b25,b64c5c5200dfbdfef50da9ea95b568facb6adb455382fb89344720f37b2e82ca
317,train,0,-62.44767009971287,7.5739331570243985e-28,numerical-methods-batch-4-v1,5bdca0dbcf2e61762ffe3358d42f358fb069121f4813a870c1ede95dfd240b25,b64c5c5200dfbdfef50da9ea95b568facb6adb455382fb89344720f37b2e82ca
318,train,0,-52.29208755235869,1.949103623247545e-23,numerical-methods-batch-4-v1,5bdca0dbcf2e61762ffe3358d42f358fb069121f4813a870c1ede95dfd240b25,b64c5c5200dfbdfef50da9ea95b568facb6adb455382fb89344720f37b2e82ca
319,train,0,-35.170287395007314,5.317876624238456e-16,numerical-methods-batch-4-v1,5bdca0dbcf2e61762ffe3358d42f358fb069121f4813a870c1ede95dfd240b25,b64c5c5200dfbdfef50da9ea95b568facb6adb455382fb89344720f37b2e82ca
320,train,0,-41.90833730405343,6.301448091847167e-19,numerical-methods-batch-4-v1,5bdca0dbcf2e61762ffe3358d42f358fb069121f4813a870c1ede95dfd240b25,b64c5c5200dfbdfef50da9ea95b568facb6adb455382fb89344720f37b2e82ca
321,train,0,0.9614502478532856,0.7234120749289246,numerical-methods-batch-4-v1,5bdca0dbcf2e61762ffe3358d42f358fb069121f4813a870c1ede95dfd240b25,b64c5c5200dfbdfef50da9ea95b568facb6adb455382fb89344720f37b2e82ca
322,train,0,-51.96451030732066,2.7045805390808766e-23,numerical-methods-batch-4-v1,5bdca0dbcf2e61762ffe3358d42f358fb069121f4813a870c1ede95dfd240b25,b64c5c5200dfbdfef50da9ea95b568facb6adb455382fb89344720f37b2e82ca
323,train,0,-35.81026268582661,2.8041453432345536e-16,numerical-methods-batch-4-v1,5bdca0dbcf2e61762ffe3358d42f358fb069121f4813a870c1ede95dfd240b25,b64c5c5200dfbdfef50da9ea95b568facb6adb455382fb89344720f37b2e82ca
324,train,0,-55.39126606149819,8.787772471348687e-25,numerical-methods-batch-4-v1,5bdca0dbcf2e61762ffe3358d42f358fb069121f4813a870c1ede95dfd240b25,b64c5c5200dfbdfef50da9ea95b568facb6adb455382fb89344720f37b2e82ca
325,train,0,-47.39895713605361,2.5995278095470235e-21,numerical-methods-batch-4-v1,5bdca0dbcf2e61762ffe3358d42f358fb069121f4813a870c1ede95dfd240b25,b64c5c5200dfbdfef50da9ea95b568facb6adb455382fb89344720f37b2e82ca
329,train,0,-58.023202917451634,6.321834913241505e-26,numerical-methods-batch-4-v1,5bdca0dbcf2e61762ffe3358d42f358fb069121f4813a870c1ede95dfd240b25,b64c5c5200dfbdfef50da9ea95b568facb6adb455382fb89344720f37b2e82ca
330,train,0,-42.99309491094848,2.1297867470183544e-19,numerical-methods-batch-4-v1,5bdca0dbcf2e61762ffe3358d42f358fb069121f4813a870c1ede95dfd240b25,b64c5c5200dfbdfef50da9ea95b568facb6adb455382fb89344720f37b2e82ca
331,train,0,-31.21636153720275,2.7727227085415208e-14,numerical-methods-batch-4-v1,5bdca0dbcf2e61762ffe3358d42f358fb069121f4813a870c1ede95dfd240b25,b64c5c5200dfbdfef50da9ea95b568facb6adb455382fb89344720f37b2e82ca
333,train,0,-43.50034806241053,1.2824453748887255e-19,numerical-methods-batch-4-v1,5bdca0dbcf2e61762ffe3358d42f358fb069121f4813a870c1ede95dfd240b25,b64c5c5200dfbdfef50da9ea95b568facb6adb455382fb89344720f37b2e82ca
334,train,0,-36.67024103072736,1.1866336789566098e-16,numerical-methods-batch-4-v1,5bdca0dbcf2e61762ffe3358d42f358fb069121f4813a870c1ede95dfd240b25,b64c5c5200dfbdfef50da9ea95b568facb6adb455382fb89344720f37b2e82ca
335,train,0,-51.16776530880444,5.999594178708191e-23,numerical-methods-batch-4-v1,5bdca0dbcf2e61762ffe3358d42f358fb069121f4813a870c1ede95dfd240b25,b64c5c5200dfbdfef50da9ea95b568facb6adb455382fb89344720f37b2e82ca
336,train,0,-34.53287647845515,1.0059173552415495e-15,numerical-methods-batch-4-v1,5bdca0dbcf2e61762ffe3358d42f358fb069121f4813a870c1ede95dfd240b25,b64c5c5200dfbdfef50da9ea95b568facb6adb455382fb89344720f37b2e82ca
343,train,0,-39.88499502445356,4.76613950649681e-18,numerical-methods-batch-4-v1,5bdca0dbcf2e61762ffe3358d42f358fb069121f4813a870c1ede95dfd240b25,b64c5c5200dfbdfef50da9ea95b568facb6adb455382fb89344720f37b2e82ca
344,train,0,-40.90875615682514,1.7121938767410298e-18,numerical-methods-batch-4-v1,5bdca0dbcf2e61762ffe3358d42f358fb069121f4813a870c1ede95dfd240b25,b64c5c5200dfbdfef50da9ea95b568facb6adb455382fb89344720f37b2e82ca
345,train,0,-56.45708798862728,3.0269010374375603e-25,numerical-methods-batch-4-v1,5bdca0dbcf2e61762ffe3358d42f358fb069121f4813a870c1ede95dfd240b25,b64c5c5200dfbdfef50da9ea95b568facb6adb455382fb89344720f37b2e82ca
347,train,0,-47.00496512597204,3.8548104153287286e-21,numerical-methods-batch-4-v1,5bdca0dbcf2e61762ffe3358d42f358fb069121f4813a870c1ede95dfd240b25,b64c5c5200dfbdfef50da9ea95b568facb6adb455382fb89344720f37b2e82ca
348,train,0,-40.56905103844538,2.4048334159643182e-18,numerical-methods-batch-4-v1,5bdca0dbcf2e61762ffe3358d42f358fb069121f4813a870c1ede95dfd240b25,b64c5c5200dfbdfef50da9ea95b568facb6adb455382fb89344720f37b2e82ca
349,train,0,-44.61672083244915,4.199565331492283e-20,numerical-methods-batch-4-v1,5bdca0dbcf2e61762ffe3358d42f358fb069121f4813a870c1ede95dfd240b25,b64c5c5200dfbdfef50da9ea95b568facb6adb455382fb89344720f37b2e82ca
350,train,0,-11.39810499758326,1.121659461440613e-05,numerical-methods-batch-4-v1,5bdca0dbcf2e61762ffe3358d42f358fb069121f4813a870c1ede95dfd240b25,b64c5c5200dfbdfef50da9ea95b568facb6adb455382fb89344720f37b2e82ca
351,train,0,-43.78961810693383,9.60307877652897e-20,numerical-methods-batch-4-v1,5bdca0dbcf2e61762ffe3358d42f358fb069121f4813a870c1ede95dfd240b25,b64c5c5200dfbdfef50da9ea95b568facb6adb455382fb89344720f37b2e82ca
353,train,0,-0.8579908866234085,0.2977592778609791,numerical-methods-batch-4-v1,5bdca0dbcf2e61762ffe3358d42f358fb069121f4813a870c1ede95dfd240b25,b64c5c5200dfbdfef50da9ea95b568facb6adb455382fb89344720f37b2e82ca
354,train,0,-41.428332377578464,1.0183659127399662e-18,numerical-methods-batch-4-v1,5bdca0dbcf2e61762ffe3358d42f358fb069121f4813a870c1ede95dfd240b25,b64c5c5200dfbdfef50da9ea95b568facb6adb455382fb89344720f37b2e82ca
355,train,0,-47.73010066555845,1.8667263603423345e-21,numerical-methods-batch-4-v1,5bdca0dbcf2e61762ffe3358d42f358fb069121f4813a870c1ede95dfd240b25,b64c5c5200dfbdfef50da9ea95b568facb6adb455382fb89344720f37b2e82ca
357,train,0,-43.525355378670035,1.2507725347539443e-19,numerical-methods-batch-4-v1,5bdca0dbcf2e61762ffe3358d42f358fb069121f4813a870c1ede95dfd240b25,b64c5c5200dfbdfef50da9ea95b568facb6adb455382fb89344720f37b2e82ca
359,train,0,-51.32458234004304,5.1288158230345543e-23,numerical-methods-batch-4-v1,5bdca0dbcf2e61762ffe3358d42f358fb069121f4813a870c1ede95dfd240b25,b64c5c5200dfbdfef50da9ea95b568facb6adb455382fb89344720f37b2e82ca
364,train,0,-31.979167324962965,1.2930761304141252e-14,numerical-methods-batch-4-v1,5bdca0dbcf2e61762ffe3358d42f358fb069121f4813a870c1ede95dfd240b25,b64c5c5200dfbdfef50da9ea95b568facb6adb455382fb89344720f37b2e82ca
366,train,0,-51.17956418149583,5.92922170511942e-23,numerical-methods-batch-4-v1,5bdca0dbcf2e61762ffe3358d42f358fb069121f4813a870c1ede95dfd240b25,b64c5c5200dfbdfef50da9ea95b568facb6adb455382fb89344720f37b2e82ca
368,train,0,-61.18976408736447,2.664545298803656e-27,numerical-methods-batch-4-v1,5bdca0dbcf2e61762ffe3358d42f358fb069121f4813a870c1ede95dfd240b25,b64c5c5200dfbdfef50da9ea95b568facb6adb455382fb89344720f37b2e82ca
369,train,0,-44.79391088101154,3.5176423521058744e-20,numerical-methods-batch-4-v1,5bdca0dbcf2e61762ffe3358d42f358fb069121f4813a870c1ede95dfd240b25,b64c5c5200dfbdfef50da9ea95b568facb6adb455382fb89344720f37b2e82ca
371,train,0,-43.53538996708273,1.2382843090617295e-19,numerical-methods-batch-4-v1,5bdca0dbcf2e61762ffe3358d42f358fb069121f4813a870c1ede95dfd240b25,b64c5c5200dfbdfef50da9ea95b568facb6adb455382fb89344720f37b2e82ca
372,train,0,-32.18948502262591,1.0478141991470252e-14,numerical-methods-batch-4-v1,5bdca0dbcf2e61762ffe3358d42f358fb069121f4813a870c1ede95dfd240b25,b64c5c5200dfbdfef50da9ea95b568facb6adb455382fb89344720f37b2e82ca
373,train,0,-45.98380582544553,1.0702540331296361e-20,numerical-methods-batch-4-v1,5bdca0dbcf2e61762ffe3358d42f358fb069121f4813a870c1ede95dfd240b25,b64c5c5200dfbdfef50da9ea95b568facb6adb455382fb89344720f37b2e82ca
374,train,0,-40.650878544804506,2.2158877850517614e-18,numerical-methods-batch-4-v1,5bdca0dbcf2e61762ffe3358d42f358fb069121f4813a870c1ede95dfd240b25,b64c5c5200dfbdfef50da9ea95b568facb6adb455382fb89344720f37b2e82ca
375,train,0,-21.3655454543334,5.260917678264276e-10,numerical-methods-batch-4-v1,5bdca0dbcf2e61762ffe3358d42f358fb069121f4813a870c1ede95dfd240b25,b64c5c5200dfbdfef50da9ea95b568facb6adb455382fb89344720f37b2e82ca
376,train,0,-42.14856953319385,4.955743632384875e-19,numerical-methods-batch-4-v1,5bdca0dbcf2e61762ffe3358d42f358fb069121f4813a870c1ede95dfd240b25,b64c5c5200dfbdfef50da9ea95b568facb6adb455382fb89344720f37b2e82ca
377,train,0,-40.68123696117545,2.149627803962243e-18,numerical-methods-batch-4-v1,5bdca0dbcf2e61762ffe3358d42f358fb069121f4813a870c1ede95dfd240b25,b64c5c5200dfbdfef50da9ea95b568facb6adb455382fb89344720f37b2e82ca
378,train,0,-47.090882403169154,3.5374444147669044e-21,numerical-methods-batch-4-v1,5bdca0dbcf2e61762ffe3358d42f358fb069121f4813a870c1ede95dfd240b25,b64c5c5200dfbdfef50da9ea95b568facb6adb455382fb89344720f37b2e82ca
380,train,0,-51.333476219553035,5.083403000511309e-23,numerical-methods-batch-4-v1,5bdca0dbcf2e61762ffe3358d42f358fb069121f4813a870c1ede95dfd240b25,b64c5c5200dfbdfef50da9ea95b568facb6adb455382fb89344720f37b2e82ca
381,train,0,-48.41111552815561,9.447560100196805e-22,numerical-methods-batch-4-v1,5bdca0dbcf2e61762ffe3358d42f358fb069121f4813a870c1ede95dfd240b25,b64c5c5200dfbdfef50da9ea95b568facb6adb455382fb89344720f37b2e82ca
384,train,0,-54.30428598076596,2.605843051570746e-24,numerical-methods-batch-4-v1,5bdca0dbcf2e61762ffe3358d42f358fb069121f4813a870c1ede95dfd240b25,b64c5c5200dfbdfef50da9ea95b568facb6adb455382fb89344720f37b2e82ca
385,train,0,-38.63002370417101,1.6718367573425785e-17,numerical-methods-batch-4-v1,5bdca0dbcf2e61762ffe3358d42f358fb069121f4813a870c1ede95dfd240b25,b64c5c5200dfbdfef50da9ea95b568facb6adb455382fb89344720f37b2e82ca
396,train,0,-16.976491485700976,4.238414310267917e-08,numerical-methods-batch-4-v1,5bdca0dbcf2e61762ffe3358d42f358fb069121f4813a870c1ede95dfd240b25,b64c5c5200dfbdfef50da9ea95b568facb6adb455382fb89344720f37b2e82ca
397,train,0,-37.127567729544054,7.511076902900204e-17,numerical-methods-batch-4-v1,5bdca0dbcf2e61762ffe3358d42f358fb069121f4813a870c1ede95dfd240b25,b64c5c5200dfbdfef50da9ea95b568facb6adb455382fb89344720f37b2e82ca
398,train,0,-26.563267993128264,2.908836353817202e-12,numerical-methods-batch-4-v1,5bdca0dbcf2e61762ffe3358d42f358fb069121f4813a870c1ede95dfd240b25,b64c5c5200dfbdfef50da9ea95b568facb6adb455382fb89344720f37b2e82ca
399,train,0,-52.1543676605958,2.2368966435012273e-23,numerical-methods-batch-4-v1,5bdca0dbcf2e61762ffe3358d42f358fb069121f4813a870c1ede95dfd240b25,b64c5c5200dfbdfef50da9ea95b568facb6adb455382fb89344720f37b2e82ca
400,train,0,-52.23363500629334,2.066429280620625e-23,numerical-methods-batch-4-v1,5bdca0dbcf2e61762ffe3358d42f358fb069121f4813a870c1ede95dfd240b25,b64c5c5200dfbdfef50da9ea95b568facb6adb455382fb89344720f37b2e82ca
402,train,0,-35.01501957890974,6.211124192781767e-16,numerical-methods-batch-4-v1,5bdca0dbcf2e61762ffe3358d42f358fb069121f4813a870c1ede95dfd240b25,b64c5c5200dfbdfef50da9ea95b568facb6adb455382fb89344720f37b2e82ca
405,train,0,-2.832469858843403,0.05559457847500668,numerical-methods-batch-4-v1,5bdca0dbcf2e61762ffe3358d42f358fb069121f4813a870c1ede95dfd240b25,b64c5c5200dfbdfef50da9ea95b568facb6adb455382fb89344720f37b2e82ca
406,train,0,-42.842768548698864,2.4752668742514146e-19,numerical-methods-batch-4-v1,5bdca0dbcf2e61762ffe3358d42f358fb069121f4813a870c1ede95dfd240b25,b64c5c5200dfbdfef50da9ea95b568facb6adb455382fb89344720f37b2e82ca
408,train,0,-29.248621015457424,1.9837424629674425e-13,numerical-methods-batch-4-v1,5bdca0dbcf2e61762ffe3358d42f358fb069121f4813a870c1ede95dfd240b25,b64c5c5200dfbdfef50da9ea95b568facb6adb455382fb89344720f37b2e82ca
409,train,0,-45.390625398295455,1.9368761854174132e-20,numerical-methods-batch-4-v1,5bdca0dbcf2e61762ffe3358d42f358fb069121f4813a870c1ede95dfd240b25,b64c5c5200dfbdfef50da9ea95b568facb6adb455382fb89344720f37b2e82ca
411,train,0,-44.81748461774041,3.4356881559835455e-20,numerical-methods-batch-4-v1,5bdca0dbcf2e61762ffe3358d42f358fb069121f4813a870c1ede95dfd240b25,b64c5c5200dfbdfef50da9ea95b568facb6adb455382fb89344720f37b2e82ca
412,train,0,-44.145173349597854,6.729686164713481e-20,numerical-methods-batch-4-v1,5bdca0dbcf2e61762ffe3358d42f358fb069121f4813a870c1ede95dfd240b25,b64c5c5200dfbdfef50da9ea95b568facb6adb455382fb89344720f37b2e82ca
414,train,0,-43.6382801762563,1.1172123289751948e-19,numerical-methods-batch-4-v1,5bdca0dbcf2e61762ffe3358d42f358fb069121f4813a870c1ede95dfd240b25,b64c5c5200dfbdfef50da9ea95b568facb6adb455382fb89344720f37b2e82ca
415,train,0,-35.03306508822946,6.100046534003101e-16,numerical-methods-batch-4-v1,5bdca0dbcf2e61762ffe3358d42f358fb069121f4813a870c1ede95dfd240b25,b64c5c5200dfbdfef50da9ea95b568facb6adb455382fb89344720f37b2e82ca
416,train,0,-37.243644224757546,6.687916269163999e-17,numerical-methods-batch-4-v1,5bdca0dbcf2e61762ffe3358d42f358fb069121f4813a870c1ede95dfd240b25,b64c5c5200dfbdfef50da9ea95b568facb6adb455382fb89344720f37b2e82ca
418,train,0,-45.19401909864597,2.3576910258489767e-20,numerical-methods-batch-4-v1,5bdca0dbcf2e61762ffe3358d42f358fb069121f4813a870c1ede95dfd240b25,b64c5c5200dfbdfef50da9ea95b568facb6adb455382fb89344720f37b2e82ca
420,train,0,-41.72236386374931,7.589402779528292e-19,numerical-methods-batch-4-v1,5bdca0dbcf2e61762ffe3358d42f358fb069121f4813a870c1ede95dfd240b25,b64c5c5200dfbdfef50da9ea95b568facb6adb455382fb89344720f37b2e82ca
421,train,0,-46.25679111433215,8.145746087570243e-21,numerical-methods-batch-4-v1,5bdca0dbcf2e61762ffe3358d42f358fb069121f4813a870c1ede95dfd240b25,b64c5c5200dfbdfef50da9ea95b568facb6adb455382fb89344720f37b2e82ca
425,train,0,-44.937585452107854,3.046874794546133e-20,numerical-methods-batch-4-v1,5bdca0dbcf2e61762ffe3358d42f358fb069121f4813a870c1ede95dfd240b25,b64c5c5200dfbdfef50da9ea95b568facb6adb455382fb89344720f37b2e82ca
427,train,0,-48.95615949653105,5.47784923928153e-22,numerical-methods-batch-4-v1,5bdca0dbcf2e61762ffe3358d42f358fb069121f4813a870c1ede95dfd240b25,b64c5c5200dfbdfef50da9ea95b568facb6adb455382fb89344720f37b2e82ca
428,train,0,-8.61725047136862,0.00018092437854108482,numerical-methods-batch-4-v1,5bdca0dbcf2e61762ffe3358d42f358fb069121f4813a870c1ede95dfd240b25,b64c5c5200dfbdfef50da9ea95b568facb6adb455382fb89344720f37b2e82ca
429,train,0,-30.647260287058266,4.898509694414255e-14,numerical-methods-batch-4-v1,5bdca0dbcf2e61762ffe3358d42f358fb069121f4813a870c1ede95dfd240b25,b64c5c5200dfbdfef50da9ea95b568facb6adb455382fb89344720f37b2e82ca
430,train,0,-33.867375592450394,1.9569767393269457e-15,numerical-methods-batch-4-v1,5bdca0dbcf2e61762ffe3358d42f358fb069121f4813a870c1ede95dfd240b25,b64c5c5200dfbdfef50da9ea95b568facb6adb455382fb89344720f37b2e82ca
431,train,0,-37.89832006921725,3.475111315292937e-17,numerical-methods-batch-4-v1,5bdca0dbcf2e61762ffe3358d42f358fb069121f4813a870c1ede95dfd240b25,b64c5c5200dfbdfef50da9ea95b568facb6adb455382fb89344720f37b2e82ca
432,train,0,-43.42677711039183,1.3803535423890767e-19,numerical-methods-batch-4-v1,5bdca0dbcf2e61762ffe3358d42f358fb069121f4813a870c1ede95dfd240b25,b64c5c5200dfbdfef50da9ea95b568facb6adb455382fb89344720f37b2e82ca
434,train,0,-42.06319302379266,5.397434473060425e-19,numerical-methods-batch-4-v1,5bdca0dbcf2e61762ffe3358d42f358fb069121f4813a870c1ede95dfd240b25,b64c5c5200dfbdfef50da9ea95b568facb6adb455382fb89344720f37b2e82ca
435,train,0,-71.50260513147924,8.847348807184862e-32,numerical-methods-batch-4-v1,5bdca0dbcf2e61762ffe3358d42f358fb069121f4813a870c1ede95dfd240b25,b64c5c5200dfbdfef50da9ea95b568facb6adb455382fb89344720f37b2e82ca
438,train,0,-38.86973266054531,1.3154961835496258e-17,numerical-methods-batch-4-v1,5bdca0dbcf2e61762ffe3358d42f358fb069121f4813a870c1ede95dfd240b25,b64c5c5200dfbdfef50da9ea95b568facb6adb455382fb89344720f37b2e82ca
439,train,0,-48.9547687921425,5.485472607955869e-22,numerical-methods-batch-4-v1,5bdca0dbcf2e61762ffe3358d42f358fb069121f4813a870c1ede95dfd240b25,b64c5c5200dfbdfef50da9ea95b568facb6adb455382fb89344720f37b2e82ca
440,train,0,-49.16366944935208,4.451328524780248e-22,numerical-methods-batch-4-v1,5bdca0dbcf2e61762ffe3358d42f358fb069121f4813a870c1ede95dfd240b25,b64c5c5200dfbdfef50da9ea95b568facb6adb455382fb89344720f37b2e82ca
443,train,0,-49.58978540510397,2.9068983125589503e-22,numerical-methods-batch-4-v1,5bdca0dbcf2e61762ffe3358d42f358fb069121f4813a870c1ede95dfd240b25,b64c5c5200dfbdfef50da9ea95b568facb6adb455382fb89344720f37b2e82ca
445,train,0,-39.641622559538746,6.0794188914981746e-18,numerical-methods-batch-4-v1,5bdca0dbcf2e61762ffe3358d42f358fb069121f4813a870c1ede95dfd240b25,b64c5c5200dfbdfef50da9ea95b568facb6adb455382fb89344720f37b2e82ca
446,train,0,-24.209651129885223,3.06113233924325e-11,numerical-methods-batch-4-v1,5bdca0dbcf2e61762ffe3358d42f358fb069121f4813a870c1ede95dfd240b25,b64c5c5200dfbdfef50da9ea95b568facb6adb455382fb89344720f37b2e82ca
447,train,0,-32.69077166308549,6.347142628218449e-15,numerical-methods-batch-4-v1,5bdca0dbcf2e61762ffe3358d42f358fb069121f4813a870c1ede95dfd240b25,b64c5c5200dfbdfef50da9ea95b568facb6adb455382fb89344720f37b2e82ca
448,train,0,-53.14143531201343,8.336195355054079e-24,numerical-methods-batch-4-v1,5bdca0dbcf2e61762ffe3358d42f358fb069121f4813a870c1ede95dfd240b25,b64c5c5200dfbdfef50da9ea95b568facb6adb455382fb89344720f37b2e82ca
449,train,0,-60.21073351169136,7.092685197855766e-27,numerical-methods-batch-4-v1,5bdca0dbcf2e61762ffe3358d42f358fb069121f4813a870c1ede95dfd240b25,b64c5c5200dfbdfef50da9ea95b568facb6adb455382fb89344720f37b2e82ca
450,train,0,-35.827361291481736,2.7566059546615676e-16,numerical-methods-batch-4-v1,5bdca0dbcf2e61762ffe3358d42f358fb069121f4813a870c1ede95dfd240b25,b64c5c5200dfbdfef50da9ea95b568facb6adb455382fb89344720f37b2e82ca
451,train,0,-37.80145166000766,3.828583612749938e-17,numerical-methods-batch-4-v1,5bdca0dbcf2e61762ffe3358d42f358fb069121f4813a870c1ede95dfd240b25,b64c5c5200dfbdfef50da9ea95b568facb6adb455382fb89344720f37b2e82ca
452,train,0,-71.9062467484477,5.908997725024947e-32,numerical-methods-batch-4-v1,5bdca0dbcf2e61762ffe3358d42f358fb069121f4813a870c1ede95dfd240b25,b64c5c5200dfbdfef50da9ea95b568facb6adb455382fb89344720f37b2e82ca
453,train,0,-37.20747642780638,6.934230946468137e-17,numerical-methods-batch-4-v1,5bdca0dbcf2e61762ffe3358d42f358fb069121f4813a870c1ede95dfd240b25,b64c5c5200dfbdfef50da9ea95b568facb6adb455382fb89344720f37b2e82ca
454,train,0,-50.717482739649114,9.411895794195967e-23,numerical-methods-batch-4-v1,5bdca0dbcf2e61762ffe3358d42f358fb069121f4813a870c1ede95dfd240b25,b64c5c5200dfbdfef50da9ea95b568facb6adb455382fb89344720f37b2e82ca
455,train,0,-42.89218559162935,2.3559196840760417e-19,numerical-methods-batch-4-v1,5bdca0dbcf2e61762ffe3358d42f358fb069121f4813a870c1ede95dfd240b25,b64c5c5200dfbdfef50da9ea95b568facb6adb455382fb89344720f37b2e82ca
456,train,0,-47.048005116172895,3.692419139856846e-21,numerical-methods-batch-4-v1,5bdca0dbcf2e61762ffe3358d42f358fb069121f4813a870c1ede95dfd240b25,b64c5c5200dfbdfef50da9ea95b568facb6adb455382fb89344720f37b2e82ca
457,train,0,-39.01836773408117,1.1338045623178194e-17,numerical-methods-batch-4-v1,5bdca0dbcf2e61762ffe3358d42f358fb069121f4813a870c1ede95dfd240b25,b64c5c5200dfbdfef50da9ea95b568facb6adb455382fb89344720f37b2e82ca
458,train,0,-42.75860694210087,2.692606880202245e-19,numerical-methods-batch-4-v1,5bdca0dbcf2e61762ffe3358d42f358fb069121f4813a870c1ede95dfd240b25,b64c5c5200dfbdfef50da9ea95b568facb6adb455382fb89344720f37b2e82ca
459,train,0,-40.81084818249368,1.888312345733953e-18,numerical-methods-batch-4-v1,5bdca0dbcf2e61762ffe3358d42f358fb069121f4813a870c1ede95dfd240b25,b64c5c5200dfbdfef50da9ea95b568facb6adb455382fb89344720f37b2e82ca
460,train,0,-29.077338063138914,2.3543581576131886e-13,numerical-methods-batch-4-v1,5bdca0dbcf2e61762ffe3358d42f358fb069121f4813a870c1ede95dfd240b25,b64c5c5200dfbdfef50da9ea95b568facb6adb455382fb89344720f37b2e82ca
461,train,0,-34.68913172780907,8.604021928958226e-16,numerical-methods-batch-4-v1,5bdca0dbcf2e61762ffe3358d42f358fb069121f4813a870c1ede95dfd240b25,b64c5c5200dfbdfef50da9ea95b568facb6adb455382fb89344720f37b2e82ca
462,train,0,-48.380172110455305,9.744469910333861e-22,numerical-methods-batch-4-v1,5bdca0dbcf2e61762ffe3358d42f358fb069121f4813a870c1ede95dfd240b25,b64c5c5200dfbdfef50da9ea95b568facb6adb455382fb89344720f37b2e82ca
463,train,0,-65.48286868019039,3.64041984356821e-29,numerical-methods-batch-4-v1,5bdca0dbcf2e61762ffe3358d42f358fb069121f4813a870c1ede95dfd240b25,b64c5c5200dfbdfef50da9ea95b568facb6adb455382fb89344720f37b2e82ca
465,train,0,-50.73278684349877,9.26895176861132e-23,numerical-methods-batch-4-v1,5bdca0dbcf2e61762ffe3358d42f358fb069121f4813a870c1ede95dfd240b25,b64c5c5200dfbdfef50da9ea95b568facb6adb455382fb89344720f37b2e82ca
466,train,0,-28.003046548588625,6.893367106345671e-13,numerical-methods-batch-4-v1,5bdca0dbcf2e61762ffe3358d42f358fb069121f4813a870c1ede95dfd240b25,b64c5c5200dfbdfef50da9ea95b568facb6adb455382fb89344720f37b2e82ca
467,train,0,-34.11413435562131,1.5290429843757964e-15,numerical-methods-batch-4-v1,5bdca0dbcf2e61762ffe3358d42f358fb069121f4813a870c1ede95dfd240b25,b64c5c5200dfbdfef50da9ea95b568facb6adb455382fb89344720f37b2e82ca
468,train,0,-48.28624231303383,1.0704130904825763e-21,numerical-methods-batch-4-v1,5bdca0dbcf2e61762ffe3358d42f358fb069121f4813a870c1ede95dfd240b25,b64c5c5200dfbdfef50da9ea95b568facb6adb455382fb89344720f37b2e82ca
470,train,0,-39.770833846425745,5.342522007170034e-18,numerical-methods-batch-4-v1,5bdca0dbcf2e61762ffe3358d42f358fb069121f4813a870c1ede95dfd240b25,b64c5c5200dfbdfef50da9ea95b568facb6adb455382fb89344720f37b2e82ca
471,train,0,-42.14160984337517,4.990354371186329e-19,numerical-methods-batch-4-v1,5bdca0dbcf2e61762ffe3358d42f358fb069121f4813a870c1ede95dfd240b25,b64c5c5200dfbdfef50da9ea95b568facb6adb455382fb89344720f37b2e82ca
472,train,0,-37.53554993218244,4.9947963910459374e-17,numerical-methods-batch-4-v1,5bdca0dbcf2e61762ffe3358d42f358fb069121f4813a870c1ede95dfd240b25,b64c5c5200dfbdfef50da9ea95b568facb6adb455382fb89344720f37b2e82ca
473,train,0,-48.855863944701234,6.05574919615112e-22,numerical-methods-batch-4-v1,5bdca0dbcf2e61762ffe3358d42f358fb069121f4813a870c1ede95dfd240b25,b64c5c5200dfbdfef50da9ea95b568facb6adb455382fb89344720f37b2e82ca
474,train,0,-51.8942702222986,2.9013812495941815e-23,numerical-methods-batch-4-v1,5bdca0dbcf2e61762ffe3358d42f358fb069121f4813a870c1ede95dfd240b25,b64c5c5200dfbdfef50da9ea95b568facb6adb455382fb89344720f37b2e82ca
475,train,0,-45.86696288436828,1.2029044116375205e-20,numerical-methods-batch-4-v1,5bdca0dbcf2e61762ffe3358d42f358fb069121f4813a870c1ede95dfd240b25,b64c5c5200dfbdfef50da9ea95b568facb6adb455382fb89344720f37b2e82ca
476,train,0,-45.611575342573296,1.5529036752754688e-20,numerical-methods-batch-4-v1,5bdca0dbcf2e61762ffe3358d42f358fb069121f4813a870c1ede95dfd240b25,b64c5c5200dfbdfef50da9ea95b568facb6adb455382fb89344720f37b2e82ca
478,train,0,-53.47177248333699,5.991068330250805e-24,numerical-methods-batch-4-v1,5bdca0dbcf2e61762ffe3358d42f358fb069121f4813a870c1ede95dfd240b25,b64c5c5200dfbdfef50da9ea95b568facb6adb455382fb89344720f37b2e82ca
479,train,0,-24.619987473718666,2.0308380679148604e-11,numerical-methods-batch-4-v1,5bdca0dbcf2e61762ffe3358d42f358fb069121f4813a870c1ede95dfd240b25,b64c5c5200dfbdfef50da9ea95b568facb6adb455382fb89344720f37b2e82ca
480,train,0,-38.22977022463394,2.4947196452705214e-17,numerical-methods-batch-4-v1,5bdca0dbcf2e61762ffe3358d42f358fb069121f4813a870c1ede95dfd240b25,b64c5c5200dfbdfef50da9ea95b568facb6adb455382fb89344720f37b2e82ca
481,train,0,-45.71272875638023,1.4035055953177737e-20,numerical-methods-batch-4-v1,5bdca0dbcf2e61762ffe3358d42f358fb069121f4813a870c1ede95dfd240b25,b64c5c5200dfbdfef50da9ea95b568facb6adb455382fb89344720f37b2e82ca
482,train,0,-46.3303384301538,7.568149022740117e-21,numerical-methods-batch-4-v1,5bdca0dbcf2e61762ffe3358d42f358fb069121f4813a870c1ede95dfd240b25,b64c5c5200dfbdfef50da9ea95b568facb6adb455382fb89344720f37b2e82ca
483,train,0,-36.476163086753836,1.4407998361396778e-16,numerical-methods-batch-4-v1,5bdca0dbcf2e61762ffe3358d42f358fb069121f4813a870c1ede95dfd240b25,b64c5c5200dfbdfef50da9ea95b568facb6adb455382fb89344720f37b2e82ca
484,train,0,-46.01579317877905,1.0365611845435549e-20,numerical-methods-batch-4-v1,5bdca0dbcf2e61762ffe3358d42f358fb069121f4813a870c1ede95dfd240b25,b64c5c5200dfbdfef50da9ea95b568facb6adb455382fb89344720f37b2e82ca
485,train,0,-52.216851425962844,2.1014040423150716e-23,numerical-methods-batch-4-v1,5bdca0dbcf2e61762ffe3358d42f358fb069121f4813a870c1ede95dfd240b25,b64c5c5200dfbdfef50da9ea95b568facb6adb455382fb89344720f37b2e82ca
486,train,0,-50.83196000083791,8.393831896000055e-23,numerical-methods-batch-4-v1,5bdca0dbcf2e61762ffe3358d42f358fb069121f4813a870c1ede95dfd240b25,b64c5c5200dfbdfef50da9ea95b568facb6adb455382fb89344720f37b2e82ca
487,train,0,-47.507132033565455,2.3329998279884102e-21,numerical-methods-batch-4-v1,5bdca0dbcf2e61762ffe3358d42f358fb069121f4813a870c1ede95dfd240b25,b64c5c5200dfbdfef50da9ea95b568facb6adb455382fb89344720f37b2e82ca
488,train,0,-50.84374632415696,8.295480220273346e-23,numerical-methods-batch-4-v1,5bdca0dbcf2e61762ffe3358d42f358fb069121f4813a870c1ede95dfd240b25,b64c5c5200dfbdfef50da9ea95b568facb6adb455382fb89344720f37b2e82ca
490,train,0,-36.19296364606402,1.9124742868439758e-16,numerical-methods-batch-4-v1,5bdca0dbcf2e61762ffe3358d42f358fb069121f4813a870c1ede95dfd240b25,b64c5c5200dfbdfef50da9ea95b568facb6adb455382fb89344720f37b2e82ca
491,train,0,-43.217512568225665,1.701659920784455e-19,numerical-methods-batch-4-v1,5bdca0dbcf2e61762ffe3358d42f358fb069121f4813a870c1ede95dfd240b25,b64c5c5200dfbdfef50da9ea95b568facb6adb455382fb89344720f37b2e82ca
492,train,0,-39.72175766403383,5.611252798583504e-18,numerical-methods-batch-4-v1,5bdca0dbcf2e61762ffe3358d42f358fb069121f4813a870c1ede95dfd240b25,b64c5c5200dfbdfef50da9ea95b568facb6adb455382fb89344720f37b2e82ca
493,train,0,-45.81978677232169,1.2610126486203265e-20,numerical-methods-batch-4-v1,5bdca0dbcf2e61762ffe3358d42f358fb069121f4813a870c1ede95dfd240b25,b64c5c5200dfbdfef50da9ea95b568facb6adb455382fb89344720f37b2e82ca
494,train,0,-54.80491142355676,1.5795354870888502e-24,numerical-methods-batch-4-v1,5bdca0dbcf2e61762ffe3358d42f358fb069121f4813a870c1ede95dfd240b25,b64c5c5200dfbdfef50da9ea95b568facb6adb455382fb89344720f37b2e82ca
497,train,0,-33.84039959493347,2.0104866354909885e-15,numerical-methods-batch-4-v1,5bdca0dbcf2e61762ffe3358d42f358fb069121f4813a870c1ede95dfd240b25,b64c5c5200dfbdfef50da9ea95b568facb6adb455382fb89344720f37b2e82ca
498,train,0,-39.11398139580687,1.030418659398114e-17,numerical-methods-batch-4-v1,5bdca0dbcf2e61762ffe3358d42f358fb069121f4813a870c1ede95dfd240b25,b64c5c5200dfbdfef50da9ea95b568facb6adb455382fb89344720f37b2e82ca
499,train,0,-4.2116746288489235,0.01460505772989972,numerical-methods-batch-4-v1,5bdca0dbcf2e61762ffe3358d42f358fb069121f4813a870c1ede95dfd240b25,b64c5c5200dfbdfef50da9ea95b568facb6adb455382fb89344720f37b2e82ca
500,train,0,-37.7480353589866,4.038653005557684e-17,numerical-methods-batch-4-v1,5bdca0dbcf2e61762ffe3358d42f358fb069121f4813a870c1ede95dfd240b25,b64c5c5200dfbdfef50da9ea95b568facb6adb455382fb89344720f37b2e82ca
502,train,0,-30.89023412041861,3.841862140569952e-14,numerical-methods-batch-4-v1,5bdca0dbcf2e61762ffe3358d42f358fb069121f4813a870c1ede95dfd240b25,b64c5c5200dfbdfef50da9ea95b568facb6adb455382fb89344720f37b2e82ca
504,train,0,-44.54635823982479,4.5057016137555617e-20,numerical-methods-batch-4-v1,5bdca0dbcf2e61762ffe3358d42f358fb069121f4813a870c1ede95dfd240b25,b64c5c5200dfbdfef50da9ea95b568facb6adb455382fb89344720f37b2e82ca
505,train,0,-47.91290139621105,1.5548600734518877e-21,numerical-methods-batch-4-v1,5bdca0dbcf2e61762ffe3358d42f358fb069121f4813a870c1ede95dfd240b25,b64c5c5200dfbdfef50da9ea95b568facb6adb455382fb89344720f37b2e82ca
506,train,0,-41.577709626414105,8.770616851650242e-19,numerical-methods-batch-4-v1,5bdca0dbcf2e61762ffe3358d42f358fb069121f4813a870c1ede95dfd240b25,b64c5c5200dfbdfef50da9ea95b568facb6adb455382fb89344720f37b2e82ca
507,train,0,-54.805295017778676,1.5789297025978358e-24,numerical-methods-batch-4-v1,5bdca0dbcf2e61762ffe3358d42f358fb069121f4813a870c1ede95dfd240b25,b64c5c5200dfbdfef50da9ea95b568facb6adb455382fb89344720f37b2e82ca
508,train,0,-53.40585155505133,6.399313230067434e-24,numerical-methods-batch-4-v1,5bdca0dbcf2e61762ffe3358d42f358fb069121f4813a870c1ede95dfd240b25,b64c5c5200dfbdfef50da9ea95b568facb6adb455382fb89344720f37b2e82ca
509,train,0,-44.42757242967091,5.0739998428730055e-20,numerical-methods-batch-4-v1,5bdca0dbcf2e61762ffe3358d42f358fb069121f4813a870c1ede95dfd240b25,b64c5c5200dfbdfef50da9ea95b568facb6adb455382fb89344720f37b2e82ca
511,train,0,-53.2164429161375,7.733792132475223e-24,numerical-methods-batch-4-v1,5bdca0dbcf2e61762ffe3358d42f358fb069121f4813a870c1ede95dfd240b25,b64c5c5200dfbdfef50da9ea95b568facb6adb455382fb89344720f37b2e82ca
512,train,0,-55.11604019842568,1.1571985411322732e-24,numerical-methods-batch-4-v1,5bdca0dbcf2e61762ffe3358d42f358fb069121f4813a870c1ede95dfd240b25,b64c5c5200dfbdfef50da9ea95b568facb6adb455382fb89344720f37b2e82ca
513,train,0,-50.08035684425547,1.7798252789866676e-22,numerical-methods-batch-4-v1,5bdca0dbcf2e61762ffe3358d42f358fb069121f4813a870c1ede95dfd240b25,b64c5c5200dfbdfef50da9ea95b568facb6adb455382fb89344720f37b2e82ca
514,train,0,-66.82587694204092,9.503649167837663e-30,numerical-methods-batch-4-v1,5bdca0dbcf2e61762ffe3358d42f358fb069121f4813a870c1ede95dfd240b25,b64c5c5200dfbdfef50da9ea95b568facb6adb455382fb89344720f37b2e82ca
515,train,0,-42.39299279783265,3.8811207656652813e-19,numerical-methods-batch-4-v1,5bdca0dbcf2e61762ffe3358d42f358fb069121f4813a870c1ede95dfd240b25,b64c5c5200dfbdfef50da9ea95b568facb6adb455382fb89344720f37b2e82ca
516,train,0,-63.141329797249796,3.7850261911326775e-28,numerical-methods-batch-4-v1,5bdca0dbcf2e61762ffe3358d42f358fb069121f4813a870c1ede95dfd240b25,b64c5c5200dfbdfef50da9ea95b568facb6adb455382fb89344720f37b2e82ca
517,train,0,-49.66604531337625,2.693460323298045e-22,numerical-methods-batch-4-v1,5bdca0dbcf2e61762ffe3358d42f358fb069121f4813a870c1ede95dfd240b25,b64c5c5200dfbdfef50da9ea95b568facb6adb455382fb89344720f37b2e82ca
518,train,0,-46.34547153535336,7.454481666688247e-21,numerical-methods-batch-4-v1,5bdca0dbcf2e61762ffe3358d42f358fb069121f4813a870c1ede95dfd240b25,b64c5c5200dfbdfef50da9ea95b568facb6adb455382fb89344720f37b2e82ca
519,train,0,-32.45364295342433,8.045665035568797e-15,numerical-methods-batch-4-v1,5bdca0dbcf2e61762ffe3358d42f358fb069121f4813a870c1ede95dfd240b25,b64c5c5200dfbdfef50da9ea95b568facb6adb455382fb89344720f37b2e82ca
520,train,0,-55.074705971650594,1.2060327576980978e-24,numerical-methods-batch-4-v1,5bdca0dbcf2e61762ffe3358d42f358fb069121f4813a870c1ede95dfd240b25,b64c5c5200dfbdfef50da9ea95b568facb6adb455382fb89344720f37b2e82ca
521,train,0,-52.36706249355421,1.8083135042540772e-23,numerical-methods-batch-4-v1,5bdca0dbcf2e61762ffe3358d42f358fb069121f4813a870c1ede95dfd240b25,b64c5c5200dfbdfef50da9ea95b568facb6adb455382fb89344720f37b2e82ca
522,train,0,-30.848921871037845,4.003902181175714e-14,numerical-methods-batch-4-v1,5bdca0dbcf2e61762ffe3358d42f358fb069121f4813a870c1ede95dfd240b25,b64c5c5200dfbdfef50da9ea95b568facb6adb455382fb89344720f37b2e82ca
523,train,0,-27.761872847628034,8.77347847621494e-13,numerical-methods-batch-4-v1,5bdca0dbcf2e61762ffe3358d42f358fb069121f4813a870c1ede95dfd240b25,b64c5c5200dfbdfef50da9ea95b568facb6adb455382fb89344720f37b2e82ca
526,train,0,-38.871217713270525,1.3135440522249732e-17,numerical-methods-batch-4-v1,5bdca0dbcf2e61762ffe3358d42f358fb069121f4813a870c1ede95dfd240b25,b64c5c5200dfbdfef50da9ea95b568facb6adb455382fb89344720f37b2e82ca
527,train,0,-42.32521298742357,4.15330241093524e-19,numerical-methods-batch-4-v1,5bdca0dbcf2e61762ffe3358d42f358fb069121f4813a870c1ede95dfd240b25,b64c5c5200dfbdfef50da9ea95b568facb6adb455382fb89344720f37b2e82ca
529,train,0,-45.47966124776267,1.7718790827311945e-20,numerical-methods-batch-4-v1,5bdca0dbcf2e61762ffe3358d42f358fb069121f4813a870c1ede95dfd240b25,b64c5c5200dfbdfef50da9ea95b568facb6adb455382fb89344720f37b2e82ca
530,train,0,-43.71458359992525,1.0351363601346989e-19,numerical-methods-batch-4-v1,5bdca0dbcf2e61762ffe3358d42f358fb069121f4813a870c1ede95dfd240b25,b64c5c5200dfbdfef50da9ea95b568facb6adb455382fb89344720f37b2e82ca
531,train,0,-64.08968363331819,1.4662365831840774e-28,numerical-methods-batch-4-v1,5bdca0dbcf2e61762ffe3358d42f358fb069121f4813a870c1ede95dfd240b25,b64c5c5200dfbdfef50da9ea95b568facb6adb455382fb89344720f37b2e82ca
532,train,0,-53.12856226359535,8.444201292799014e-24,numerical-methods-batch-4-v1,5bdca0dbcf2e61762ffe3358d42f358fb069121f4813a870c1ede95dfd240b25,b64c5c5200dfbdfef50da9ea95b568facb6adb455382fb89344720f37b2e82ca
533,train,0,-47.0435828767057,3.7087840596339784e-21,numerical-methods-batch-4-v1,5bdca0dbcf2e61762ffe3358d42f358fb069121f4813a870c1ede95dfd240b25,b64c5c5200dfbdfef50da9ea95b568facb6adb455382fb89344720f37b2e82ca
534,train,0,-33.06820781047731,4.3517087516226026e-15,numerical-methods-batch-4-v1,5bdca0dbcf2e61762ffe3358d42f358fb069121f4813a870c1ede95dfd240b25,b64c5c5200dfbdfef50da9ea95b568facb6adb455382fb89344720f37b2e82ca
535,train,0,-64.32323289931159,1.1608467602105988e-28,numerical-methods-batch-4-v1,5bdca0dbcf2e61762ffe3358d42f358fb069121f4813a870c1ede95dfd240b25,b64c5c5200dfbdfef50da9ea95b568facb6adb455382fb89344720f37b2e82ca
536,train,0,-42.692262257612995,2.877306200168079e-19,numerical-methods-batch-4-v1,5bdca0dbcf2e61762ffe3358d42f358fb069121f4813a870c1ede95dfd240b25,b64c5c5200dfbdfef50da9ea95b568facb6adb455382fb89344720f37b2e82ca
539,train,0,-35.521019292148985,3.7447025793665877e-16,numerical-methods-batch-4-v1,5bdca0dbcf2e61762ffe3358d42f358fb069121f4813a870c1ede95dfd240b25,b64c5c5200dfbdfef50da9ea95b568facb6adb455382fb89344720f37b2e82ca
540,train,0,-39.28103130209821,8.718963548979584e-18,numerical-methods-batch-4-v1,5bdca0dbcf2e61762ffe3358d42f358fb069121f4813a870c1ede95dfd240b25,b64c5c5200dfbdfef50da9ea95b568facb6adb455382fb89344720f37b2e82ca
541,train,0,-49.4754411950834,3.259034059759442e-22,numerical-methods-batch-4-v1,5bdca0dbcf2e61762ffe3358d42f358fb069121f4813a870c1ede95dfd240b25,b64c5c5200dfbdfef50da9ea95b568facb6adb455382fb89344720f37b2e82ca
542,train,0,-54.980898499105955,1.3246439849771782e-24,numerical-methods-batch-4-v1,5bdca0dbcf2e61762ffe3358d42f358fb069121f4813a870c1ede95dfd240b25,b64c5c5200dfbdfef50da9ea95b568facb6adb455382fb89344720f37b2e82ca
543,train,0,-54.03073334062101,3.425710485544232e-24,numerical-methods-batch-4-v1,5bdca0dbcf2e61762ffe3358d42f358fb069121f4813a870c1ede95dfd240b25,b64c5c5200dfbdfef50da9ea95b568facb6adb455382fb89344720f37b2e82ca
544,train,0,-33.94797609148764,1.8054327313702515e-15,numerical-methods-batch-4-v1,5bdca0dbcf2e61762ffe3358d42f358fb069121f4813a870c1ede95dfd240b25,b64c5c5200dfbdfef50da9ea95b568facb6adb455382fb89344720f37b2e82ca
545,train,0,-45.59366125708935,1.5809731936833002e-20,numerical-methods-batch-4-v1,5bdca0dbcf2e61762ffe3358d42f358fb069121f4813a870c1ede95dfd240b25,b64c5c5200dfbdfef50da9ea95b568facb6adb455382fb89344720f37b2e82ca
548,train,0,-32.79872129819867,5.697657336209484e-15,numerical-methods-batch-4-v1,5bdca0dbcf2e61762ffe3358d42f358fb069121f4813a870c1ede95dfd240b25,b64c5c5200dfbdfef50da9ea95b568facb6adb455382fb89344720f37b2e82ca
549,train,0,-48.10089694790961,1.2883856556661366e-21,numerical-methods-batch-4-v1,5bdca0dbcf2e61762ffe3358d42f358fb069121f4813a870c1ede95dfd240b25,b64c5c5200dfbdfef50da9ea95b568facb6adb455382fb89344720f37b2e82ca
552,train,0,-51.20974257778453,5.75296032283125e-23,numerical-methods-batch-4-v1,5bdca0dbcf2e61762ffe3358d42f358fb069121f4813a870c1ede95dfd240b25,b64c5c5200dfbdfef50da9ea95b568facb6adb455382fb89344720f37b2e82ca
553,train,0,-51.509205896306604,4.2641857255192135e-23,numerical-methods-batch-4-v1,5bdca0dbcf2e61762ffe3358d42f358fb069121f4813a870c1ede95dfd240b25,b64c5c5200dfbdfef50da9ea95b568facb6adb455382fb89344720f37b2e82ca
555,train,0,-35.60747488867609,3.4345523578295656e-16,numerical-methods-batch-4-v1,5bdca0dbcf2e61762ffe3358d42f358fb069121f4813a870c1ede95dfd240b25,b64c5c5200dfbdfef50da9ea95b568facb6adb455382fb89344720f37b2e82ca
558,train,0,-42.366253082353055,3.986300805844111e-19,numerical-methods-batch-4-v1,5bdca0dbcf2e61762ffe3358d42f358fb069121f4813a870c1ede95dfd240b25,b64c5c5200dfbdfef50da9ea95b568facb6adb455382fb89344720f37b2e82ca
561,train,0,-59.97330223779696,8.993438654254146e-27,numerical-methods-batch-4-v1,5bdca0dbcf2e61762ffe3358d42f358fb069121f4813a870c1ede95dfd240b25,b64c5c5200dfbdfef50da9ea95b568facb6adb455382fb89344720f37b2e82ca
562,train,0,-35.60223866355827,3.4525836138133673e-16,numerical-methods-batch-4-v1,5bdca0dbcf2e61762ffe3358d42f358fb069121f4813a870c1ede95dfd240b25,b64c5c5200dfbdfef50da9ea95b568facb6adb455382fb89344720f37b2e82ca
563,train,0,-35.23868688597577,4.966297546023904e-16,numerical-methods-batch-4-v1,5bdca0dbcf2e61762ffe3358d42f358fb069121f4813a870c1ede95dfd240b25,b64c5c5200dfbdfef50da9ea95b568facb6adb455382fb89344720f37b2e82ca
565,train,0,-47.574180652631334,2.1817041688569588e-21,numerical-methods-batch-4-v1,5bdca0dbcf2e61762ffe3358d42f358fb069121f4813a870c1ede95dfd240b25,b64c5c5200dfbdfef50da9ea95b568facb6adb455382fb89344720f37b2e82ca
566,train,0,-49.45824028499303,3.3155773152090375e-22,numerical-methods-batch-4-v1,5bdca0dbcf2e61762ffe3358d42f358fb069121f4813a870c1ede95dfd240b25,b64c5c5200dfbdfef50da9ea95b568facb6adb455382fb89344720f37b2e82ca
567,train,0,-55.17178238247999,1.0944586411547308e-24,numerical-methods-batch-4-v1,5bdca0dbcf2e61762ffe3358d42f358fb069121f4813a870c1ede95dfd240b25,b64c5c5200dfbdfef50da9ea95b568facb6adb455382fb89344720f37b2e82ca
568,train,0,-63.74583470609799,2.0679295673717136e-28,numerical-methods-batch-4-v1,5bdca0dbcf2e61762ffe3358d42f358fb069121f4813a870c1ede95dfd240b25,b64c5c5200dfbdfef50da9ea95b568facb6adb455382fb89344720f37b2e82ca
570,train,0,-30.346143890245017,6.619682523816741e-14,numerical-methods-batch-4-v1,5bdca0dbcf2e61762ffe3358d42f358fb069121f4813a870c1ede95dfd240b25,b64c5c5200dfbdfef50da9ea95b568facb6adb455382fb89344720f37b2e82ca
571,train,0,-41.6858964484032,7.871277058750249e-19,numerical-methods-batch-4-v1,5bdca0dbcf2e61762ffe3358d42f358fb069121f4813a870c1ede95dfd240b25,b64c5c5200dfbdfef50da9ea95b568facb6adb455382fb89344720f37b2e82ca
572,train,0,-15.300927242787461,2.2640792898877489e-07,numerical-methods-batch-4-v1,5bdca0dbcf2e61762ffe3358d42f358fb069121f4813a870c1ede95dfd240b25,b64c5c5200dfbdfef50da9ea95b568facb6adb455382fb89344720f37b2e82ca
573,train,0,-70.8149446482316,1.7597878017325098e-31,numerical-methods-batch-4-v1,5bdca0dbcf2e61762ffe3358d42f358fb069121f4813a870c1ede95dfd240b25,b64c5c5200dfbdfef50da9ea95b568facb6adb455382fb89344720f37b2e82ca
574,train,0,-43.006258564961094,2.101934690762675e-19,numerical-methods-batch-4-v1,5bdca0dbcf2e61762ffe3358d42f358fb069121f4813a870c1ede95dfd240b25,b64c5c5200dfbdfef50da9ea95b568facb6adb455382fb89344720f37b2e82ca
575,train,0,-36.10281241433658,2.0928966713589517e-16,numerical-methods-batch-4-v1,5bdca0dbcf2e61762ffe3358d42f358fb069121f4813a870c1ede95dfd240b25,b64c5c5200dfbdfef50da9ea95b568facb6adb455382fb89344720f37b2e82ca
576,train,0,-57.37954282708974,1.2033201136878937e-25,numerical-methods-batch-4-v1,5bdca0dbcf2e61762ffe3358d42f358fb069121f4813a870c1ede95dfd240b25,b64c5c5200dfbdfef50da9ea95b568facb6adb455382fb89344720f37b2e82ca
577,train,0,-37.03611297601269,8.230391676642121e-17,numerical-methods-batch-4-v1,5bdca0dbcf2e61762ffe3358d42f358fb069121f4813a870c1ede95dfd240b25,b64c5c5200dfbdfef50da9ea95b568facb6adb455382fb89344720f37b2e82ca
578,train,0,-28.45297638317887,4.3957133426782657e-13,numerical-methods-batch-4-v1,5bdca0dbcf2e61762ffe3358d42f358fb069121f4813a870c1ede95dfd240b25,b64c5c5200dfbdfef50da9ea95b568facb6adb455382fb89344720f37b2e82ca
579,train,0,-43.05509507741099,2.001749782820691e-19,numerical-methods-batch-4-v1,5bdca0dbcf2e61762ffe3358d42f358fb069121f4813a870c1ede95dfd240b25,b64c5c5200dfbdfef50da9ea95b568facb6adb455382fb89344720f37b2e82ca
580,train,0,-34.76576949004288,7.969262849417912e-16,numerical-methods-batch-4-v1,5bdca0dbcf2e61762ffe3358d42f358fb069121f4813a870c1ede95dfd240b25,b64c5c5200dfbdfef50da9ea95b568facb6adb455382fb89344720f37b2e82ca
582,train,0,-26.43674742671134,3.3011592320081096e-12,numerical-methods-batch-4-v1,5bdca0dbcf2e61762ffe3358d42f358fb069121f4813a870c1ede95dfd240b25,b64c5c5200dfbdfef50da9ea95b568facb6adb455382fb89344720f37b2e82ca
583,train,0,-44.68359563132181,3.927905093073302e-20,numerical-methods-batch-4-v1,5bdca0dbcf2e61762ffe3358d42f358fb069121f4813a870c1ede95dfd240b25,b64c5c5200dfbdfef50da9ea95b568facb6adb455382fb89344720f37b2e82ca
584,train,0,-35.94242658504618,2.4569847895451195e-16,numerical-methods-batch-4-v1,5bdca0dbcf2e61762ffe3358d42f358fb069121f4813a870c1ede95dfd240b25,b64c5c5200dfbdfef50da9ea95b568facb6adb455382fb89344720f37b2e82ca
585,train,0,-34.226601890871336,1.3663931133438362e-15,numerical-methods-batch-4-v1,5bdca0dbcf2e61762ffe3358d42f358fb069121f4813a870c1ede95dfd240b25,b64c5c5200dfbdfef50da9ea95b568facb6adb455382fb89344720f37b2e82ca
587,train,0,-53.43231734236175,6.232171886706829e-24,numerical-methods-batch-4-v1,5bdca0dbcf2e61762ffe3358d42f358fb069121f4813a870c1ede95dfd240b25,b64c5c5200dfbdfef50da9ea95b568facb6adb455382fb89344720f37b2e82ca
590,train,0,-33.87752164016108,1.9372215479880506e-15,numerical-methods-batch-4-v1,5bdca0dbcf2e61762ffe3358d42f358fb069121f4813a870c1ede95dfd240b25,b64c5c5200dfbdfef50da9ea95b568facb6adb455382fb89344720f37b2e82ca
591,train,0,-41.25658246238065,1.2091881832583667e-18,numerical-methods-batch-4-v1,5bdca0dbcf2e61762ffe3358d42f358fb069121f4813a870c1ede95dfd240b25,b64c5c5200dfbdfef50da9ea95b568facb6adb455382fb89344720f37b2e82ca
592,train,0,-34.94352522289502,6.671443578091317e-16,numerical-methods-batch-4-v1,5bdca0dbcf2e61762ffe3358d42f358fb069121f4813a870c1ede95dfd240b25,b64c5c5200dfbdfef50da9ea95b568facb6adb455382fb89344720f37b2e82ca
594,train,0,-16.3331613331155,8.064884014930533e-08,numerical-methods-batch-4-v1,5bdca0dbcf2e61762ffe3358d42f358fb069121f4813a870c1ede95dfd240b25,b64c5c5200dfbdfef50da9ea95b568facb6adb455382fb89344720f37b2e82ca
595,train,0,-54.731634553768934,1.699625067295717e-24,numerical-methods-batch-4-v1,5bdca0dbcf2e61762ffe3358d42f358fb069121f4813a870c1ede95dfd240b25,b64c5c5200dfbdfef50da9ea95b568facb6adb455382fb89344720f37b2e82ca
596,train,0,-53.30398659812137,7.085536784135281e-24,numerical-methods-batch-4-v1,5bdca0dbcf2e61762ffe3358d42f358fb069121f4813a870c1ede95dfd240b25,b64c5c5200dfbdfef50da9ea95b568facb6adb455382fb89344720f37b2e82ca
597,train,0,-31.396368976447654,2.315955453924429e-14,numerical-methods-batch-4-v1,5bdca0dbcf2e61762ffe3358d42f358fb069121f4813a870c1ede95dfd240b25,b64c5c5200dfbdfef50da9ea95b568facb6adb455382fb89344720f37b2e82ca
598,train,0,-68.80725107127368,1.3103597509365477e-30,numerical-methods-batch-4-v1,5bdca0dbcf2e61762ffe3358d42f358fb069121f4813a870c1ede95dfd240b25,b64c5c5200dfbdfef50da9ea95b568facb6adb455382fb89344720f37b2e82ca
601,train,0,-46.712662480386946,5.163550748979493e-21,numerical-methods-batch-4-v1,5bdca0dbcf2e61762ffe3358d42f358fb069121f4813a870c1ede95dfd240b25,b64c5c5200dfbdfef50da9ea95b568facb6adb455382fb89344720f37b2e82ca
602,train,0,-43.37272895422611,1.4570120719472926e-19,numerical-methods-batch-4-v1,5bdca0dbcf2e61762ffe3358d42f358fb069121f4813a870c1ede95dfd240b25,b64c5c5200dfbdfef50da9ea95b568facb6adb455382fb89344720f37b2e82ca
605,train,0,-5.038738606655063,0.00644017472018755,numerical-methods-batch-4-v1,5bdca0dbcf2e61762ffe3358d42f358fb069121f4813a870c1ede95dfd240b25,b64c5c5200dfbdfef50da9ea95b568facb6adb455382fb89344720f37b2e82ca
606,train,0,-35.26577930228105,4.833554825256994e-16,numerical-methods-batch-4-v1,5bdca0dbcf2e61762ffe3358d42f358fb069121f4813a870c1ede95dfd240b25,b64c5c5200dfbdfef50da9ea95b568facb6adb455382fb89344720f37b2e82ca
608,train,0,-69.71067306618154,5.3093255739611815e-31,numerical-methods-batch-4-v1,5bdca0dbcf2e61762ffe3358d42f358fb069121f4813a870c1ede95dfd240b25,b64c5c5200dfbdfef50da9ea95b568facb6adb455382fb89344720f37b2e82ca
609,train,0,-52.21143272951297,2.1128218197362584e-23,numerical-methods-batch-4-v1,5bdca0dbcf2e61762ffe3358d42f358fb069121f4813a870c1ede95dfd240b25,b64c5c5200dfbdfef50da9ea95b568facb6adb455382fb89344720f37b2e82ca
613,train,0,-35.0951094897342,5.733074783140234e-16,numerical-methods-batch-4-v1,5bdca0dbcf2e61762ffe3358d42f358fb069121f4813a870c1ede95dfd240b25,b64c5c5200dfbdfef50da9ea95b568facb6adb455382fb89344720f37b2e82ca
615,train,0,-52.3161346540597,1.902792387345047e-23,numerical-methods-batch-4-v1,5bdca0dbcf2e61762ffe3358d42f358fb069121f4813a870c1ede95dfd240b25,b64c5c5200dfbdfef50da9ea95b568facb6adb455382fb89344720f37b2e82ca
616,train,0,-9.076949372017573,0.00011425661447015664,numerical-methods-batch-4-v1,5bdca0dbcf2e61762ffe3358d42f358fb069121f4813a870c1ede95dfd240b25,b64c5c5200dfbdfef50da9ea95b568facb6adb455382fb89344720f37b2e82ca
618,train,0,-8.207625377893372,0.0002724929248772659,numerical-methods-batch-4-v1,5bdca0dbcf2e61762ffe3358d42f358fb069121f4813a870c1ede95dfd240b25,b64c5c5200dfbdfef50da9ea95b568facb6adb455382fb89344720f37b2e82ca
620,train,0,-45.926548658992076,1.1333220657154881e-20,numerical-methods-batch-4-v1,5bdca0dbcf2e61762ffe3358d42f358fb069121f4813a870c1ede95dfd240b25,b64c5c5200dfbdfef50da9ea95b568facb6adb455382fb89344720f37b2e82ca
621,train,0,-26.96379652735573,1.948821027738387e-12,numerical-methods-batch-4-v1,5bdca0dbcf2e61762ffe3358d42f358fb069121f4813a870c1ede95dfd240b25,b64c5c5200dfbdfef50da9ea95b568facb6adb455382fb89344720f37b2e82ca
622,train,0,-46.87018132525307,4.411018554906491e-21,numerical-methods-batch-4-v1,5bdca0dbcf2e61762ffe3358d42f358fb069121f4813a870c1ede95dfd240b25,b64c5c5200dfbdfef50da9ea95b568facb6adb455382fb89344720f37b2e82ca
623,train,0,-43.75283002110579,9.962936313842269e-20,numerical-methods-batch-4-v1,5bdca0dbcf2e61762ffe3358d42f358fb069121f4813a870c1ede95dfd240b25,b64c5c5200dfbdfef50da9ea95b568facb6adb455382fb89344720f37b2e82ca
624,train,0,-57.15427680988516,1.507346039872733e-25,numerical-methods-batch-4-v1,5bdca0dbcf2e61762ffe3358d42f358fb069121f4813a870c1ede95dfd240b25,b64c5c5200dfbdfef50da9ea95b568facb6adb455382fb89344720f37b2e82ca
625,train,0,-62.063301726127676,1.1123732374617499e-27,numerical-methods-batch-4-v1,5bdca0dbcf2e61762ffe3358d42f358fb069121f4813a870c1ede95dfd240b25,b64c5c5200dfbdfef50da9ea95b568facb6adb455382fb89344720f37b2e82ca
626,train,0,-33.582684945748575,2.601508448160943e-15,numerical-methods-batch-4-v1,5bdca0dbcf2e61762ffe3358d42f358fb069121f4813a870c1ede95dfd240b25,b64c5c5200dfbdfef50da9ea95b568facb6adb455382fb89344720f37b2e82ca
627,train,0,-45.16515603539389,2.4267327965313097e-20,numerical-methods-batch-4-v1,5bdca0dbcf2e61762ffe3358d42f358fb069121f4813a870c1ede95dfd240b25,b64c5c5200dfbdfef50da9ea95b568facb6adb455382fb89344720f37b2e82ca
629,train,0,-42.43930595547276,3.7054726127686074e-19,numerical-methods-batch-4-v1,5bdca0dbcf2e61762ffe3358d42f358fb069121f4813a870c1ede95dfd240b25,b64c5c5200dfbdfef50da9ea95b568facb6adb455382fb89344720f37b2e82ca
630,train,0,-26.34971202392355,3.6013511410312353e-12,numerical-methods-batch-4-v1,5bdca0dbcf2e61762ffe3358d42f358fb069121f4813a870c1ede95dfd240b25,b64c5c5200dfbdfef50da9ea95b568facb6adb455382fb89344720f37b2e82ca
632,train,0,-44.122122973952486,6.886609582669332e-20,numerical-methods-batch-4-v1,5bdca0dbcf2e61762ffe3358d42f358fb069121f4813a870c1ede95dfd240b25,b64c5c5200dfbdfef50da9ea95b568facb6adb455382fb89344720f37b2e82ca
634,train,0,-35.85779092527428,2.673986854516482e-16,numerical-methods-batch-4-v1,5bdca0dbcf2e61762ffe3358d42f358fb069121f4813a870c1ede95dfd240b25,b64c5c5200dfbdfef50da9ea95b568facb6adb455382fb89344720f37b2e82ca
636,train,0,-15.502042043089531,1.8516060964644785e-07,numerical-methods-batch-4-v1,5bdca0dbcf2e61762ffe3358d42f358fb069121f4813a870c1ede95dfd240b25,b64c5c5200dfbdfef50da9ea95b568facb6adb455382fb89344720f37b2e82ca
638,train,0,-52.94004646960277,1.0196002811450094e-23,numerical-methods-batch-4-v1,5bdca0dbcf2e61762ffe3358d42f358fb069121f4813a870c1ede95dfd240b25,b64c5c5200dfbdfef50da9ea95b568facb6adb455382fb89344720f37b2e82ca
640,train,0,-31.97460428725301,1.2989899678294667e-14,numerical-methods-batch-4-v1,5bdca0dbcf2e61762ffe3358d42f358fb069121f4813a870c1ede95dfd240b25,b64c5c5200dfbdfef50da9ea95b568facb6adb455382fb89344720f37b2e82ca
642,train,0,-43.488498577908125,1.297732082418476e-19,numerical-methods-batch-4-v1,5bdca0dbcf2e61762ffe3358d42f358fb069121f4813a870c1ede95dfd240b25,b64c5c5200dfbdfef50da9ea95b568facb6adb455382fb89344720f37b2e82ca
643,train,0,-46.10243809549766,9.505293532590124e-21,numerical-methods-batch-4-v1,5bdca0dbcf2e61762ffe3358d42f358fb069121f4813a870c1ede95dfd240b25,b64c5c5200dfbdfef50da9ea95b568facb6adb455382fb89344720f37b2e82ca
644,train,0,-42.16001625123005,4.899340066091244e-19,numerical-methods-batch-4-v1,5bdca0dbcf2e61762ffe3358d42f358fb069121f4813a870c1ede95dfd240b25,b64c5c5200dfbdfef50da9ea95b568facb6adb455382fb89344720f37b2e82ca
645,train,0,-23.98571763267416,3.82943927937235e-11,numerical-methods-batch-4-v1,5bdca0dbcf2e61762ffe3358d42f358fb069121f4813a870c1ede95dfd240b25,b64c5c5200dfbdfef50da9ea95b568facb6adb455382fb89344720f37b2e82ca
647,train,0,-46.423421250808865,6.895477087214458e-21,numerical-methods-batch-4-v1,5bdca0dbcf2e61762ffe3358d42f358fb069121f4813a870c1ede95dfd240b25,b64c5c5200dfbdfef50da9ea95b568facb6adb455382fb89344720f37b2e82ca
649,train,0,-37.76211705857488,3.982180455116077e-17,numerical-methods-batch-4-v1,5bdca0dbcf2e61762ffe3358d42f358fb069121f4813a870c1ede95dfd240b25,b64c5c5200dfbdfef50da9ea95b568facb6adb455382fb89344720f37b2e82ca
651,train,0,-40.79903258444413,1.9107562181788206e-18,numerical-methods-batch-4-v1,5bdca0dbcf2e61762ffe3358d42f358fb069121f4813a870c1ede95dfd240b25,b64c5c5200dfbdfef50da9ea95b568facb6adb455382fb89344720f37b2e82ca
655,train,0,-49.43927875939538,3.3790455449743836e-22,numerical-methods-batch-4-v1,5bdca0dbcf2e61762ffe3358d42f358fb069121f4813a870c1ede95dfd240b25,b64c5c5200dfbdfef50da9ea95b568facb6adb455382fb89344720f37b2e82ca
656,train,0,-50.37874400010851,1.320655290694059e-22,numerical-methods-batch-4-v1,5bdca0dbcf2e61762ffe3358d42f358fb069121f4813a870c1ede95dfd240b25,b64c5c5200dfbdfef50da9ea95b568facb6adb455382fb89344720f37b2e82ca
657,train,0,-42.90835322376181,2.318136298251994e-19,numerical-methods-batch-4-v1,5bdca0dbcf2e61762ffe3358d42f358fb069121f4813a870c1ede95dfd240b25,b64c5c5200dfbdfef50da9ea95b568facb6adb455382fb89344720f37b2e82ca
658,train,0,-8.207625377893372,0.0002724929248772659,numerical-methods-batch-4-v1,5bdca0dbcf2e61762ffe3358d42f358fb069121f4813a870c1ede95dfd240b25,b64c5c5200dfbdfef50da9ea95b568facb6adb455382fb89344720f37b2e82ca
659,train,0,-20.41355180424923,1.3630352730151251e-09,numerical-methods-batch-4-v1,5bdca0dbcf2e61762ffe3358d42f358fb069121f4813a870c1ede95dfd240b25,b64c5c5200dfbdfef50da9ea95b568facb6adb455382fb89344720f37b2e82ca
660,train,0,-36.351785248868744,1.6316246545999862e-16,numerical-methods-batch-4-v1,5bdca0dbcf2e61762ffe3358d42f358fb069121f4813a870c1ede95dfd240b25,b64c5c5200dfbdfef50da9ea95b568facb6adb455382fb89344720f37b2e82ca
661,train,0,-35.61645091405814,3.403861674923678e-16,numerical-methods-batch-4-v1,5bdca0dbcf2e61762ffe3358d42f358fb069121f4813a870c1ede95dfd240b25,b64c5c5200dfbdfef50da9ea95b568facb6adb455382fb89344720f37b2e82ca
662,train,0,-31.147444526043813,2.970548975212896e-14,numerical-methods-batch-4-v1,5bdca0dbcf2e61762ffe3358d42f358fb069121f4813a870c1ede95dfd240b25,b64c5c5200dfbdfef50da9ea95b568facb6adb455382fb89344720f37b2e82ca
663,train,0,-42.30066264341877,4.2565293577185944e-19,numerical-methods-batch-4-v1,5bdca0dbcf2e61762ffe3358d42f358fb069121f4813a870c1ede95dfd240b25,b64c5c5200dfbdfef50da9ea95b568facb6adb455382fb89344720f37b2e82ca
664,train,0,-30.161157473489666,7.964815891669618e-14,numerical-methods-batch-4-v1,5bdca0dbcf2e61762ffe3358d42f358fb069121f4813a870c1ede95dfd240b25,b64c5c5200dfbdfef50da9ea95b568facb6adb455382fb89344720f37b2e82ca
665,train,0,-54.39004591126805,2.3916806522450014e-24,numerical-methods-batch-4-v1,5bdca0dbcf2e61762ffe3358d42f358fb069121f4813a870c1ede95dfd240b25,b64c5c5200dfbdfef50da9ea95b568facb6adb455382fb89344720f37b2e82ca
666,train,0,-47.51084307333576,2.3243580178110487e-21,numerical-methods-batch-4-v1,5bdca0dbcf2e61762ffe3358d42f358fb069121f4813a870c1ede95dfd240b25,b64c5c5200dfbdfef50da9ea95b568facb6adb455382fb89344720f37b2e82ca
667,train,0,-46.787516668755295,4.791149128034577e-21,numerical-methods-batch-4-v1,5bdca0dbcf2e61762ffe3358d42f358fb069121f4813a870c1ede95dfd240b25,b64c5c5200dfbdfef50da9ea95b568facb6adb455382fb89344720f37b2e82ca
670,train,0,-48.49408399866927,8.695346932147546e-22,numerical-methods-batch-4-v1,5bdca0dbcf2e61762ffe3358d42f358fb069121f4813a870c1ede95dfd240b25,b64c5c5200dfbdfef50da9ea95b568facb6adb455382fb89344720f37b2e82ca
671,train,0,-28.308413319652907,5.079398704197339e-13,numerical-methods-batch-4-v1,5bdca0dbcf2e61762ffe3358d42f358fb069121f4813a870c1ede95dfd240b25,b64c5c5200dfbdfef50da9ea95b568facb6adb455382fb89344720f37b2e82ca
673,train,0,-21.87022620295881,3.176006934102168e-10,numerical-methods-batch-4-v1,5bdca0dbcf2e61762ffe3358d42f358fb069121f4813a870c1ede95dfd240b25,b64c5c5200dfbdfef50da9ea95b568facb6adb455382fb89344720f37b2e82ca
676,train,0,-22.629542394417435,1.4863278315278278e-10,numerical-methods-batch-4-v1,5bdca0dbcf2e61762ffe3358d42f358fb069121f4813a870c1ede95dfd240b25,b64c5c5200dfbdfef50da9ea95b568facb6adb455382fb89344720f37b2e82ca
677,train,0,-28.31202117849476,5.061105969316252e-13,numerical-methods-batch-4-v1,5bdca0dbcf2e61762ffe3358d42f358fb069121f4813a870c1ede95dfd240b25,b64c5c5200dfbdfef50da9ea95b568facb6adb455382fb89344720f37b2e82ca
678,train,0,-14.700053967799356,4.12902487049712e-07,numerical-methods-batch-4-v1,5bdca0dbcf2e61762ffe3358d42f358fb069121f4813a870c1ede95dfd240b25,b64c5c5200dfbdfef50da9ea95b568facb6adb455382fb89344720f37b2e82ca
679,train,0,-35.00427830408354,6.278199175229597e-16,numerical-methods-batch-4-v1,5bdca0dbcf2e61762ffe3358d42f358fb069121f4813a870c1ede95dfd240b25,b64c5c5200dfbdfef50da9ea95b568facb6adb455382fb89344720f37b2e82ca
681,train,0,-48.8147283418735,6.310050653364765e-22,numerical-methods-batch-4-v1,5bdca0dbcf2e61762ffe3358d42f358fb069121f4813a870c1ede95dfd240b25,b64c5c5200dfbdfef50da9ea95b568facb6adb455382fb89344720f37b2e82ca
682,train,0,-27.1730669680448,1.5808365166973676e-12,numerical-methods-batch-4-v1,5bdca0dbcf2e61762ffe3358d42f358fb069121f4813a870c1ede95dfd240b25,b64c5c5200dfbdfef50da9ea95b568facb6adb455382fb89344720f37b2e82ca
684,train,0,-41.83391739074668,6.788292085562611e-19,numerical-methods-batch-4-v1,5bdca0dbcf2e61762ffe3358d42f358fb069121f4813a870c1ede95dfd240b25,b64c5c5200dfbdfef50da9ea95b568facb6adb455382fb89344720f37b2e82ca
685,train,0,-41.88740420098016,6.434747269428274e-19,numerical-methods-batch-4-v1,5bdca0dbcf2e61762ffe3358d42f358fb069121f4813a870c1ede95dfd240b25,b64c5c5200dfbdfef50da9ea95b568facb6adb455382fb89344720f37b2e82ca
686,train,0,-58.31288228793437,4.731915694467411e-26,numerical-methods-batch-4-v1,5bdca0dbcf2e61762ffe3358d42f358fb069121f4813a870c1ede95dfd240b25,b64c5c5200dfbdfef50da9ea95b568facb6adb455382fb89344720f37b2e82ca
687,train,0,-36.67981818277626,1.1753233545851954e-16,numerical-methods-batch-4-v1,5bdca0dbcf2e61762ffe3358d42f358fb069121f4813a870c1ede95dfd240b25,b64c5c5200dfbdfef50da9ea95b568facb6adb455382fb89344720f37b2e82ca
688,train,0,-25.802526927733794,6.224506662389833e-12,numerical-methods-batch-4-v1,5bdca0dbcf2e61762ffe3358d42f358fb069121f4813a870c1ede95dfd240b25,b64c5c5200dfbdfef50da9ea95b568facb6adb455382fb89344720f37b2e82ca
689,train,0,-47.9249468339603,1.5362434510056395e-21,numerical-methods-batch-4-v1,5bdca0dbcf2e61762ffe3358d42f358fb069121f4813a870c1ede95dfd240b25,b64c5c5200dfbdfef50da9ea95b568facb6adb455382fb89344720f37b2e82ca
691,train,0,-63.21701108049939,3.50914186027289e-28,numerical-methods-batch-4-v1,5bdca0dbcf2e61762ffe3358d42f358fb069121f4813a870c1ede95dfd240b25,b64c5c5200dfbdfef50da9ea95b568facb6adb455382fb89344720f37b2e82ca
692,train,0,-4.2116746288489235,0.01460505772989972,numerical-methods-batch-4-v1,5bdca0dbcf2e61762ffe3358d42f358fb069121f4813a870c1ede95dfd240b25,b64c5c5200dfbdfef50da9ea95b568facb6adb455382fb89344720f37b2e82ca
695,train,0,-14.912897624862893,3.3374187950309433e-07,numerical-methods-batch-4-v1,5bdca0dbcf2e61762ffe3358d42f358fb069121f4813a870c1ede95dfd240b25,b64c5c5200dfbdfef50da9ea95b568facb6adb455382fb89344720f37b2e82ca
696,train,0,-40.379077214398905,2.9079677208634034e-18,numerical-methods-batch-4-v1,5bdca0dbcf2e61762ffe3358d42f358fb069121f4813a870c1ede95dfd240b25,b64c5c5200dfbdfef50da9ea95b568facb6adb455382fb89344720f37b2e82ca
699,train,0,-40.464978347464196,2.6685982283235667e-18,numerical-methods-batch-4-v1,5bdca0dbcf2e61762ffe3358d42f358fb069121f4813a870c1ede95dfd240b25,b64c5c5200dfbdfef50da9ea95b568facb6adb455382fb89344720f37b2e82ca
702,train,0,-72.3267211559455,3.880646718859241e-32,numerical-methods-batch-4-v1,5bdca0dbcf2e61762ffe3358d42f358fb069121f4813a870c1ede95dfd240b25,b64c5c5200dfbdfef50da9ea95b568facb6adb455382fb89344720f37b2e82ca
704,train,0,-43.46028215395509,1.3348709398800143e-19,numerical-methods-batch-4-v1,5bdca0dbcf2e61762ffe3358d42f358fb069121f4813a870c1ede95dfd240b25,b64c5c5200dfbdfef50da9ea95b568facb6adb455382fb89344720f37b2e82ca
705,train,0,-52.98041572439065,9.792595192460085e-24,numerical-methods-batch-4-v1,5bdca0dbcf2e61762ffe3358d42f358fb069121f4813a870c1ede95dfd240b25,b64c5c5200dfbdfef50da9ea95b568facb6adb455382fb89344720f37b2e82ca
706,train,0,-35.728624865330325,3.042673660800059e-16,numerical-methods-batch-4-v1,5bdca0dbcf2e61762ffe3358d42f358fb069121f4813a870c1ede95dfd240b25,b64c5c5200dfbdfef50da9ea95b568facb6adb455382fb89344720f37b2e82ca
707,train,0,-42.53723000060206,3.359817867097129e-19,numerical-methods-batch-4-v1,5bdca0dbcf2e61762ffe3358d42f358fb069121f4813a870c1ede95dfd240b25,b64c5c5200dfbdfef50da9ea95b568facb6adb455382fb89344720f37b2e82ca
708,train,0,-36.614724258598486,1.2543747349979806e-16,numerical-methods-batch-4-v1,5bdca0dbcf2e61762ffe3358d42f358fb069121f4813a870c1ede95dfd240b25,b64c5c5200dfbdfef50da9ea95b568facb6adb455382fb89344720f37b2e82ca
709,train,0,-51.61763353819608,3.826014269663334e-23,numerical-methods-batch-4-v1,5bdca0dbcf2e61762ffe3358d42f358fb069121f4813a870c1ede95dfd240b25,b64c5c5200dfbdfef50da9ea95b568facb6adb455382fb89344720f37b2e82ca
710,train,0,-43.64195208224515,1.113117552751074e-19,numerical-methods-batch-4-v1,5bdca0dbcf2e61762ffe3358d42f358fb069121f4813a870c1ede95dfd240b25,b64c5c5200dfbdfef50da9ea95b568facb6adb455382fb89344720f37b2e82ca
713,train,0,-63.28916840284102,3.2648512443203237e-28,numerical-methods-batch-4-v1,5bdca0dbcf2e61762ffe3358d42f358fb069121f4813a870c1ede95dfd240b25,b64c5c5200dfbdfef50da9ea95b568facb6adb455382fb89344720f37b2e82ca
715,train,0,-48.42957485146877,9.27476428728019e-22,numerical-methods-batch-4-v1,5bdca0dbcf2e61762ffe3358d42f358fb069121f4813a870c1ede95dfd240b25,b64c5c5200dfbdfef50da9ea95b568facb6adb455382fb89344720f37b2e82ca
716,train,0,-50.897194821943756,7.863739973860334e-23,numerical-methods-batch-4-v1,5bdca0dbcf2e61762ffe3358d42f358fb069121f4813a870c1ede95dfd240b25,b64c5c5200dfbdfef50da9ea95b568facb6adb455382fb89344720f37b2e82ca
717,train,0,0.9614502478532856,0.7234120749289246,numerical-methods-batch-4-v1,5bdca0dbcf2e61762ffe3358d42f358fb069121f4813a870c1ede95dfd240b25,b64c5c5200dfbdfef50da9ea95b568facb6adb455382fb89344720f37b2e82ca
718,train,0,-56.04873721203125,4.553472427703673e-25,numerical-methods-batch-4-v1,5bdca0dbcf2e61762ffe3358d42f358fb069121f4813a870c1ede95dfd240b25,b64c5c5200dfbdfef50da9ea95b568facb6adb455382fb89344720f37b2e82ca
720,train,0,-43.040466084936995,2.0312486082975886e-19,numerical-methods-batch-4-v1,5bdca0dbcf2e61762ffe3358d42f358fb069121f4813a870c1ede95dfd240b25,b64c5c5200dfbdfef50da9ea95b568facb6adb455382fb89344720f37b2e82ca
723,train,0,-62.8563353770091,5.0331560205359865e-28,numerical-methods-batch-4-v1,5bdca0dbcf2e61762ffe3358d42f358fb069121f4813a870c1ede95dfd240b25,b64c5c5200dfbdfef50da9ea95b568facb6adb455382fb89344720f37b2e82ca
724,train,0,-43.93720588014771,8.285408699641279e-20,numerical-methods-batch-4-v1,5bdca0dbcf2e61762ffe3358d42f358fb069121f4813a870c1ede95dfd240b25,b64c5c5200dfbdfef50da9ea95b568facb6adb455382fb89344720f37b2e82ca
725,train,0,-65.06000384184222,5.556474669872022e-29,numerical-methods-batch-4-v1,5bdca0dbcf2e61762ffe3358d42f358fb069121f4813a870c1ede95dfd240b25,b64c5c5200dfbdfef50da9ea95b568facb6adb455382fb89344720f37b2e82ca
727,train,0,-44.00179306429594,7.767192671737072e-20,numerical-methods-batch-4-v1,5bdca0dbcf2e61762ffe3358d42f358fb069121f4813a870c1ede95dfd240b25,b64c5c5200dfbdfef50da9ea95b568facb6adb455382fb89344720f37b2e82ca
729,train,0,-2.8323479888828,0.05560097746020138,numerical-methods-batch-4-v1,5bdca0dbcf2e61762ffe3358d42f358fb069121f4813a870c1ede95dfd240b25,b64c5c5200dfbdfef50da9ea95b568facb6adb455382fb89344720f37b2e82ca
730,train,0,-22.437418264558183,1.801163176205708e-10,numerical-methods-batch-4-v1,5bdca0dbcf2e61762ffe3358d42f358fb069121f4813a870c1ede95dfd240b25,b64c5c5200dfbdfef50da9ea95b568facb6adb455382fb89344720f37b2e82ca
731,train,0,-49.901339211303366,2.128745490398783e-22,numerical-methods-batch-4-v1,5bdca0dbcf2e61762ffe3358d42f358fb069121f4813a870c1ede95dfd240b25,b64c5c5200dfbdfef50da9ea95b568facb6adb455382fb89344720f37b2e82ca
733,train,0,-35.208099092873674,5.120552764452335e-16,numerical-methods-batch-4-v1,5bdca0dbcf2e61762ffe3358d42f358fb069121f4813a870c1ede95dfd240b25,b64c5c5200dfbdfef50da9ea95b568facb6adb455382fb89344720f37b2e82ca
735,train,0,-43.122226788306456,1.8717802410828648e-19,numerical-methods-batch-4-v1,5bdca0dbcf2e61762ffe3358d42f358fb069121f4813a870c1ede95dfd240b25,b64c5c5200dfbdfef50da9ea95b568facb6adb455382fb89344720f37b2e82ca
736,train,0,-56.971163806028066,1.8102473960229286e-25,numerical-methods-batch-4-v1,5bdca0dbcf2e61762ffe3358d42f358fb069121f4813a870c1ede95dfd240b25,b64c5c5200dfbdfef50da9ea95b568facb6adb455382fb89344720f37b2e82ca
737,train,0,-42.32931154400975,4.136314702307239e-19,numerical-methods-batch-4-v1,5bdca0dbcf2e61762ffe3358d42f358fb069121f4813a870c1ede95dfd240b25,b64c5c5200dfbdfef50da9ea95b568facb6adb455382fb89344720f37b2e82ca
738,train,0,-54.559008454356935,2.019871261598382e-24,numerical-methods-batch-4-v1,5bdca0dbcf2e61762ffe3358d42f358fb069121f4813a870c1ede95dfd240b25,b64c5c5200dfbdfef50da9ea95b568facb6adb455382fb89344720f37b2e82ca
741,train,0,-33.576198514392516,2.6184378003156793e-15,numerical-methods-batch-4-v1,5bdca0dbcf2e61762ffe3358d42f358fb069121f4813a870c1ede95dfd240b25,b64c5c5200dfbdfef50da9ea95b568facb6adb455382fb89344720f37b2e82ca
744,train,0,-49.27818389492871,3.9696905753365683e-22,numerical-methods-batch-4-v1,5bdca0dbcf2e61762ffe3358d42f358fb069121f4813a870c1ede95dfd240b25,b64c5c5200dfbdfef50da9ea95b568facb6adb455382fb89344720f37b2e82ca
745,train,0,-68.429257924968,1.912277356143397e-30,numerical-methods-batch-4-v1,5bdca0dbcf2e61762ffe3358d42f358fb069121f4813a870c1ede95dfd240b25,b64c5c5200dfbdfef50da9ea95b568facb6adb455382fb89344720f37b2e82ca
748,train,0,-32.784089165777296,5.781639130849669e-15,numerical-methods-batch-4-v1,5bdca0dbcf2e61762ffe3358d42f358fb069121f4813a870c1ede95dfd240b25,b64c5c5200dfbdfef50da9ea95b568facb6adb455382fb89344720f37b2e82ca
749,train,0,-43.87084314953453,8.853905935926263e-20,numerical-methods-batch-4-v1,5bdca0dbcf2e61762ffe3358d42f358fb069121f4813a870c1ede95dfd240b25,b64c5c5200dfbdfef50da9ea95b568facb6adb455382fb89344720f37b2e82ca
750,train,0,-43.57702642616268,1.1877851337361884e-19,numerical-methods-batch-4-v1,5bdca0dbcf2e61762ffe3358d42f358fb069121f4813a870c1ede95dfd240b25,b64c5c5200dfbdfef50da9ea95b568facb6adb455382fb89344720f37b2e82ca
751,train,0,-41.84224307665112,6.732009518429903e-19,numerical-methods-batch-4-v1,5bdca0dbcf2e61762ffe3358d42f358fb069121f4813a870c1ede95dfd240b25,b64c5c5200dfbdfef50da9ea95b568facb6adb455382fb89344720f37b2e82ca
753,train,0,-26.465507149327223,3.2075710439944374e-12,numerical-methods-batch-4-v1,5bdca0dbcf2e61762ffe3358d42f358fb069121f4813a870c1ede95dfd240b25,b64c5c5200dfbdfef50da9ea95b568facb6adb455382fb89344720f37b2e82ca
755,train,0,-49.85648761099537,2.22639666851569e-22,numerical-methods-batch-4-v1,5bdca0dbcf2e61762ffe3358d42f358fb069121f4813a870c1ede95dfd240b25,b64c5c5200dfbdfef50da9ea95b568facb6adb455382fb89344720f37b2e82ca
756,train,0,-48.800182189184376,6.402508435895289e-22,numerical-methods-batch-4-v1,5bdca0dbcf2e61762ffe3358d42f358fb069121f4813a870c1ede95dfd240b25,b64c5c5200dfbdfef50da9ea95b568facb6adb455382fb89344720f37b2e82ca
757,train,0,-57.323514893507955,1.2726641146006104e-25,numerical-methods-batch-4-v1,5bdca0dbcf2e61762ffe3358d42f358fb069121f4813a870c1ede95dfd240b25,b64c5c5200dfbdfef50da9ea95b568facb6adb455382fb89344720f37b2e82ca
759,train,0,-41.16789349310357,1.3213291750901617e-18,numerical-methods-batch-4-v1,5bdca0dbcf2e61762ffe3358d42f358fb069121f4813a870c1ede95dfd240b25,b64c5c5200dfbdfef50da9ea95b568facb6adb455382fb89344720f37b2e82ca
760,train,0,-44.320085002904676,5.649781415999403e-20,numerical-methods-batch-4-v1,5bdca0dbcf2e61762ffe3358d42f358fb069121f4813a870c1ede95dfd240b25,b64c5c5200dfbdfef50da9ea95b568facb6adb455382fb89344720f37b2e82ca
761,train,0,-36.045150064519106,2.217125247967733e-16,numerical-methods-batch-4-v1,5bdca0dbcf2e61762ffe3358d42f358fb069121f4813a870c1ede95dfd240b25,b64c5c5200dfbdfef50da9ea95b568facb6adb455382fb89344720f37b2e82ca
762,train,0,-34.95041086088508,6.625664223646662e-16,numerical-methods-batch-4-v1,5bdca0dbcf2e61762ffe3358d42f358fb069121f4813a870c1ede95dfd240b25,b64c5c5200dfbdfef50da9ea95b568facb6adb455382fb89344720f37b2e82ca
763,train,1,17.10712559335723,0.9999999628062697,numerical-methods-batch-4-v1,5bdca0dbcf2e61762ffe3358d42f358fb069121f4813a870c1ede95dfd240b25,b64c5c5200dfbdfef50da9ea95b568facb6adb455382fb89344720f37b2e82ca
764,train,1,6.659237162881835,0.9987195176879201,numerical-methods-batch-4-v1,5bdca0dbcf2e61762ffe3358d42f358fb069121f4813a870c1ede95dfd240b25,b64c5c5200dfbdfef50da9ea95b568facb6adb455382fb89344720f37b2e82ca
765,train,1,10.938687808217727,0.9999822425527353,numerical-methods-batch-4-v1,5bdca0dbcf2e61762ffe3358d42f358fb069121f4813a870c1ede95dfd240b25,b64c5c5200dfbdfef50da9ea95b568facb6adb455382fb89344720f37b2e82ca
766,train,1,11.216863928460034,0.999986554651846,numerical-methods-batch-4-v1,5bdca0dbcf2e61762ffe3358d42f358fb069121f4813a870c1ede95dfd240b25,b64c5c5200dfbdfef50da9ea95b568facb6adb455382fb89344720f37b2e82ca
769,train,1,31.766890154916254,0.999999999999984,numerical-methods-batch-4-v1,5bdca0dbcf2e61762ffe3358d42f358fb069121f4813a870c1ede95dfd240b25,b64c5c5200dfbdfef50da9ea95b568facb6adb455382fb89344720f37b2e82ca
770,train,1,15.73232087983291,0.999999852924684,numerical-methods-batch-4-v1,5bdca0dbcf2e61762ffe3358d42f358fb069121f4813a870c1ede95dfd240b25,b64c5c5200dfbdfef50da9ea95b568facb6adb455382fb89344720f37b2e82ca
772,train,1,15.444264489048107,0.9999998038261705,numerical-methods-batch-4-v1,5bdca0dbcf2e61762ffe3358d42f358fb069121f4813a870c1ede95dfd240b25,b64c5c5200dfbdfef50da9ea95b568facb6adb455382fb89344720f37b2e82ca
774,train,1,22.123440424231497,0.9999999997534461,numerical-methods-batch-4-v1,5bdca0dbcf2e61762ffe3358d42f358fb069121f4813a870c1ede95dfd240b25,b64c5c5200dfbdfef50da9ea95b568facb6adb455382fb89344720f37b2e82ca
775,train,1,18.765058063451207,0.9999999929133851,numerical-methods-batch-4-v1,5bdca0dbcf2e61762ffe3358d42f358fb069121f4813a870c1ede95dfd240b25,b64c5c5200dfbdfef50da9ea95b568facb6adb455382fb89344720f37b2e82ca
776,train,1,24.283020175009817,0.9999999999715541,numerical-methods-batch-4-v1,5bdca0dbcf2e61762ffe3358d42f358fb069121f4813a870c1ede95dfd240b25,b64c5c5200dfbdfef50da9ea95b568facb6adb455382fb89344720f37b2e82ca
777,train,1,34.487784830718475,0.9999999999999989,numerical-methods-batch-4-v1,5bdca0dbcf2e61762ffe3358d42f358fb069121f4813a870c1ede95dfd240b25,b64c5c5200dfbdfef50da9ea95b568facb6adb455382fb89344720f37b2e82ca
778,train,1,20.083620457289918,0.9999999981041916,numerical-methods-batch-4-v1,5bdca0dbcf2e61762ffe3358d42f358fb069121f4813a870c1ede95dfd240b25,b64c5c5200dfbdfef50da9ea95b568facb6adb455382fb89344720f37b2e82ca
779,train,1,11.120944029630495,0.999985201116639,numerical-methods-batch-4-v1,5bdca0dbcf2e61762ffe3358d42f358fb069121f4813a870c1ede95dfd240b25,b64c5c5200dfbdfef50da9ea95b568facb6adb455382fb89344720f37b2e82ca
784,train,1,19.25228719924509,0.9999999956465064,numerical-methods-batch-4-v1,5bdca0dbcf2e61762ffe3358d42f358fb069121f4813a870c1ede95dfd240b25,b64c5c5200dfbdfef50da9ea95b568facb6adb455382fb89344720f37b2e82ca
785,train,1,26.694511157135118,0.9999999999974489,numerical-methods-batch-4-v1,5bdca0dbcf2e61762ffe3358d42f358fb069121f4813a870c1ede95dfd240b25,b64c5c5200dfbdfef50da9ea95b568facb6adb455382fb89344720f37b2e82ca
786,train,1,19.144007140868077,0.9999999951486418,numerical-methods-batch-4-v1,5bdca0dbcf2e61762ffe3358d42f358fb069121f4813a870c1ede95dfd240b25,b64c5c5200dfbdfef50da9ea95b568facb6adb455382fb89344720f37b2e82ca
788,train,1,31.366012163128445,0.999999999999976,numerical-methods-batch-4-v1,5bdca0dbcf2e61762ffe3358d42f358fb069121f4813a870c1ede95dfd240b25,b64c5c5200dfbdfef50da9ea95b568facb6adb455382fb89344720f37b2e82ca
789,train,1,23.96099578124958,0.9999999999607472,numerical-methods-batch-4-v1,5bdca0dbcf2e61762ffe3358d42f358fb069121f4813a870c1ede95dfd240b25,b64c5c5200dfbdfef50da9ea95b568facb6adb455382fb89344720f37b2e82ca
790,train,1,10.556948469221892,0.9999739885694754,numerical-methods-batch-4-v1,5bdca0dbcf2e61762ffe3358d42f358fb069121f4813a870c1ede95dfd240b25,b64c5c5200dfbdfef50da9ea95b568facb6adb455382fb89344720f37b2e82ca
792,train,1,22.14411668481422,0.9999999997584916,numerical-methods-batch-4-v1,5bdca0dbcf2e61762ffe3358d42f358fb069121f4813a870c1ede95dfd240b25,b64c5c5200dfbdfef50da9ea95b568facb6adb455382fb89344720f37b2e82ca
793,train,1,19.32580968496746,0.9999999959551027,numerical-methods-batch-4-v1,5bdca0dbcf2e61762ffe3358d42f358fb069121f4813a870c1ede95dfd240b25,b64c5c5200dfbdfef50da9ea95b568facb6adb455382fb89344720f37b2e82ca
794,train,1,22.649280115874312,0.9999999998542721,numerical-methods-batch-4-v1,5bdca0dbcf2e61762ffe3358d42f358fb069121f4813a870c1ede95dfd240b25,b64c5c5200dfbdfef50da9ea95b568facb6adb455382fb89344720f37b2e82ca
795,train,1,28.512645391364543,0.9999999999995859,numerical-methods-batch-4-v1,5bdca0dbcf2e61762ffe3358d42f358fb069121f4813a870c1ede95dfd240b25,b64c5c5200dfbdfef50da9ea95b568facb6adb455382fb89344720f37b2e82ca
796,train,1,15.3417909987556,0.9999997826574628,numerical-methods-batch-4-v1,5bdca0dbcf2e61762ffe3358d42f358fb069121f4813a870c1ede95dfd240b25,b64c5c5200dfbdfef50da9ea95b568facb6adb455382fb89344720f37b2e82ca
797,train,1,4.614329661909332,0.9901883979890475,numerical-methods-batch-4-v1,5bdca0dbcf2e61762ffe3358d42f358fb069121f4813a870c1ede95dfd240b25,b64c5c5200dfbdfef50da9ea95b568facb6adb455382fb89344720f37b2e82ca
799,train,1,23.80865315887128,0.9999999999542877,numerical-methods-batch-4-v1,5bdca0dbcf2e61762ffe3358d42f358fb069121f4813a870c1ede95dfd240b25,b64c5c5200dfbdfef50da9ea95b568facb6adb455382fb89344720f37b2e82ca
801,train,1,30.941505741771536,0.9999999999999636,numerical-methods-batch-4-v1,5bdca0dbcf2e61762ffe3358d42f358fb069121f4813a870c1ede95dfd240b25,b64c5c5200dfbdfef50da9ea95b568facb6adb455382fb89344720f37b2e82ca
802,train,1,31.31797535015764,0.9999999999999749,numerical-methods-batch-4-v1,5bdca0dbcf2e61762ffe3358d42f358fb069121f4813a870c1ede95dfd240b25,b64c5c5200dfbdfef50da9ea95b568facb6adb455382fb89344720f37b2e82ca
803,train,1,15.918078556222218,0.9999998778576511,numerical-methods-batch-4-v1,5bdca0dbcf2e61762ffe3358d42f358fb069121f4813a870c1ede95dfd240b25,b64c5c5200dfbdfef50da9ea95b568facb6adb455382fb89344720f37b2e82ca
804,train,1,10.922903709225915,0.9999819600488162,numerical-methods-batch-4-v1,5bdca0dbcf2e61762ffe3358d42f358fb069121f4813a870c1ede95dfd240b25,b64c5c5200dfbdfef50da9ea95b568facb6adb455382fb89344720f37b2e82ca
806,train,1,34.735374729264926,0.9999999999999991,numerical-methods-batch-4-v1,5bdca0dbcf2e61762ffe3358d42f358fb069121f4813a870c1ede95dfd240b25,b64c5c5200dfbdfef50da9ea95b568facb6adb455382fb89344720f37b2e82ca
808,train,1,32.130875601206974,0.9999999999999889,numerical-methods-batch-4-v1,5bdca0dbcf2e61762ffe3358d42f358fb069121f4813a870c1ede95dfd240b25,b64c5c5200dfbdfef50da9ea95b568facb6adb455382fb89344720f37b2e82ca
809,train,1,37.13166924348763,1.0,numerical-methods-batch-4-v1,5bdca0dbcf2e61762ffe3358d42f358fb069121f4813a870c1ede95dfd240b25,b64c5c5200dfbdfef50da9ea95b568facb6adb455382fb89344720f37b2e82ca
810,train,1,34.62542158931713,0.9999999999999991,numerical-methods-batch-4-v1,5bdca0dbcf2e61762ffe3358d42f358fb069121f4813a870c1ede95dfd240b25,b64c5c5200dfbdfef50da9ea95b568facb6adb455382fb89344720f37b2e82ca
811,train,1,23.93519027192624,0.9999999999597209,numerical-methods-batch-4-v1,5bdca0dbcf2e61762ffe3358d42f358fb069121f4813a870c1ede95dfd240b25,b64c5c5200dfbdfef50da9ea95b568facb6adb455382fb89344720f37b2e82ca
812,train,1,25.20411227933294,0.9999999999886762,numerical-methods-batch-4-v1,5bdca0dbcf2e61762ffe3358d42f358fb069121f4813a870c1ede95dfd240b25,b64c5c5200dfbdfef50da9ea95b568facb6adb455382fb89344720f37b2e82ca
814,train,1,25.02726280407372,0.9999999999864855,numerical-methods-batch-4-v1,5bdca0dbcf2e61762ffe3358d42f358fb069121f4813a870c1ede95dfd240b25,b64c5c5200dfbdfef50da9ea95b568facb6adb455382fb89344720f37b2e82ca
816,train,1,5.655288354365149,0.9965132360617118,numerical-methods-batch-4-v1,5bdca0dbcf2e61762ffe3358d42f358fb069121f4813a870c1ede95dfd240b25,b64c5c5200dfbdfef50da9ea95b568facb6adb455382fb89344720f37b2e82ca
818,train,1,19.203406772937583,0.9999999954284191,numerical-methods-batch-4-v1,5bdca0dbcf2e61762ffe3358d42f358fb069121f4813a870c1ede95dfd240b25,b64c5c5200dfbdfef50da9ea95b568facb6adb455382fb89344720f37b2e82ca
819,train,1,9.42193721176111,0.9999190774584176,numerical-methods-batch-4-v1,5bdca0dbcf2e61762ffe3358d42f358fb069121f4813a870c1ede95dfd240b25,b64c5c5200dfbdfef50da9ea95b568facb6adb455382fb89344720f37b2e82ca
820,train,1,7.2180268923091315,0.9992672894890392,numerical-methods-batch-4-v1,5bdca0dbcf2e61762ffe3358d42f358fb069121f4813a870c1ede95dfd240b25,b64c5c5200dfbdfef50da9ea95b568facb6adb455382fb89344720f37b2e82ca
821,train,1,3.5872714108482047,0.9730714751749682,numerical-methods-batch-4-v1,5bdca0dbcf2e61762ffe3358d42f358fb069121f4813a870c1ede95dfd240b25,b64c5c5200dfbdfef50da9ea95b568facb6adb455382fb89344720f37b2e82ca
822,train,1,11.320162442779308,0.9999878741930243,numerical-methods-batch-4-v1,5bdca0dbcf2e61762ffe3358d42f358fb069121f4813a870c1ede95dfd240b25,b64c5c5200dfbdfef50da9ea95b568facb6adb455382fb89344720f37b2e82ca
823,train,1,28.23170122110224,0.9999999999994515,numerical-methods-batch-4-v1,5bdca0dbcf2e61762ffe3358d42f358fb069121f4813a870c1ede95dfd240b25,b64c5c5200dfbdfef50da9ea95b568facb6adb455382fb89344720f37b2e82ca
824,train,1,23.60559853842627,0.9999999999439961,numerical-methods-batch-4-v1,5bdca0dbcf2e61762ffe3358d42f358fb069121f4813a870c1ede95dfd240b25,b64c5c5200dfbdfef50da9ea95b568facb6adb455382fb89344720f37b2e82ca
826,train,1,19.04085122979302,0.9999999946214726,numerical-methods-batch-4-v1,5bdca0dbcf2e61762ffe3358d42f358fb069121f4813a870c1ede95dfd240b25,b64c5c5200dfbdfef50da9ea95b568facb6adb455382fb89344720f37b2e82ca
827,train,1,18.13837225778653,0.9999999867381226,numerical-methods-batch-4-v1,5bdca0dbcf2e61762ffe3358d42f358fb069121f4813a870c1ede95dfd240b25,b64c5c5200dfbdfef50da9ea95b568facb6adb455382fb89344720f37b2e82ca
828,train,1,22.79527500344721,0.9999999998740674,numerical-methods-batch-4-v1,5bdca0dbcf2e61762ffe3358d42f358fb069121f4813a870c1ede95dfd240b25,b64c5c5200dfbdfef50da9ea95b568facb6adb455382fb89344720f37b2e82ca
829,train,1,28.40856956901216,0.9999999999995404,numerical-methods-batch-4-v1,5bdca0dbcf2e61762ffe3358d42f358fb069121f4813a870c1ede95dfd240b25,b64c5c5200dfbdfef50da9ea95b568facb6adb455382fb89344720f37b2e82ca
830,train,1,34.2501770496995,0.9999999999999987,numerical-methods-batch-4-v1,5bdca0dbcf2e61762ffe3358d42f358fb069121f4813a870c1ede95dfd240b25,b64c5c5200dfbdfef50da9ea95b568facb6adb455382fb89344720f37b2e82ca
831,train,1,22.14121378410872,0.9999999997577895,numerical-methods-batch-4-v1,5bdca0dbcf2e61762ffe3358d42f358fb069121f4813a870c1ede95dfd240b25,b64c5c5200dfbdfef50da9ea95b568facb6adb455382fb89344720f37b2e82ca
832,train,1,14.700244581458447,0.9999995871762103,numerical-methods-batch-4-v1,5bdca0dbcf2e61762ffe3358d42f358fb069121f4813a870c1ede95dfd240b25,b64c5c5200dfbdfef50da9ea95b568facb6adb455382fb89344720f37b2e82ca
833,train,1,21.656208581408805,0.9999999996066056,numerical-methods-batch-4-v1,5bdca0dbcf2e61762ffe3358d42f358fb069121f4813a870c1ede95dfd240b25,b64c5c5200dfbdfef50da9ea95b568facb6adb455382fb89344720f37b2e82ca
834,train,1,25.627853881734488,0.9999999999925875,numerical-methods-batch-4-v1,5bdca0dbcf2e61762ffe3358d42f358fb069121f4813a870c1ede95dfd240b25,b64c5c5200dfbdfef50da9ea95b568facb6adb455382fb89344720f37b2e82ca
836,train,1,21.044995623725846,0.9999999992751059,numerical-methods-batch-4-v1,5bdca0dbcf2e61762ffe3358d42f358fb069121f4813a870c1ede95dfd240b25,b64c5c5200dfbdfef50da9ea95b568facb6adb455382fb89344720f37b2e82ca
837,train,1,29.102639469932477,0.9999999999997704,numerical-methods-batch-4-v1,5bdca0dbcf2e61762ffe3358d42f358fb069121f4813a870c1ede95dfd240b25,b64c5c5200dfbdfef50da9ea95b568facb6adb455382fb89344720f37b2e82ca
838,train,1,39.0581914897114,1.0,numerical-methods-batch-4-v1,5bdca0dbcf2e61762ffe3358d42f358fb069121f4813a870c1ede95dfd240b25,b64c5c5200dfbdfef50da9ea95b568facb6adb455382fb89344720f37b2e82ca
839,train,1,25.125661634861395,0.999999999987752,numerical-methods-batch-4-v1,5bdca0dbcf2e61762ffe3358d42f358fb069121f4813a870c1ede95dfd240b25,b64c5c5200dfbdfef50da9ea95b568facb6adb455382fb89344720f37b2e82ca
840,train,1,15.499481960662093,0.9999998143647566,numerical-methods-batch-4-v1,5bdca0dbcf2e61762ffe3358d42f358fb069121f4813a870c1ede95dfd240b25,b64c5c5200dfbdfef50da9ea95b568facb6adb455382fb89344720f37b2e82ca
841,train,1,19.09386207481613,0.9999999948991676,numerical-methods-batch-4-v1,5bdca0dbcf2e61762ffe3358d42f358fb069121f4813a870c1ede95dfd240b25,b64c5c5200dfbdfef50da9ea95b568facb6adb455382fb89344720f37b2e82ca
844,train,1,19.643070784351217,0.999999997054746,numerical-methods-batch-4-v1,5bdca0dbcf2e61762ffe3358d42f358fb069121f4813a870c1ede95dfd240b25,b64c5c5200dfbdfef50da9ea95b568facb6adb455382fb89344720f37b2e82ca
845,train,1,22.482615011544887,0.999999999827843,numerical-methods-batch-4-v1,5bdca0dbcf2e61762ffe3358d42f358fb069121f4813a870c1ede95dfd240b25,b64c5c5200dfbdfef50da9ea95b568facb6adb455382fb89344720f37b2e82ca
846,train,1,32.55769341836984,0.9999999999999927,numerical-methods-batch-4-v1,5bdca0dbcf2e61762ffe3358d42f358fb069121f4813a870c1ede95dfd240b25,b64c5c5200dfbdfef50da9ea95b568facb6adb455382fb89344720f37b2e82ca
848,train,1,27.93337270715285,0.9999999999992608,numerical-methods-batch-4-v1,5bdca0dbcf2e61762ffe3358d42f358fb069121f4813a870c1ede95dfd240b25,b64c5c5200dfbdfef50da9ea95b568facb6adb455382fb89344720f37b2e82ca
850,train,1,24.56193779214842,0.9999999999784779,numerical-methods-batch-4-v1,5bdca0dbcf2e61762ffe3358d42f358fb069121f4813a870c1ede95dfd240b25,b64c5c5200dfbdfef50da9ea95b568facb6adb455382fb89344720f37b2e82ca
851,train,1,12.153505587387107,0.9999947301615855,numerical-methods-batch-4-v1,5bdca0dbcf2e61762ffe3358d42f358fb069121f4813a870c1ede95dfd240b25,b64c5c5200dfbdfef50da9ea95b568facb6adb455382fb89344720f37b2e82ca
852,train,1,16.683587482144176,0.9999999431919354,numerical-methods-batch-4-v1,5bdca0dbcf2e61762ffe3358d42f358fb069121f4813a870c1ede95dfd240b25,b64c5c5200dfbdfef50da9ea95b568facb6adb455382fb89344720f37b2e82ca
853,train,1,27.18340260105991,0.9999999999984355,numerical-methods-batch-4-v1,5bdca0dbcf2e61762ffe3358d42f358fb069121f4813a870c1ede95dfd240b25,b64c5c5200dfbdfef50da9ea95b568facb6adb455382fb89344720f37b2e82ca
854,train,1,22.549542046690647,0.9999999998389879,numerical-methods-batch-4-v1,5bdca0dbcf2e61762ffe3358d42f358fb069121f4813a870c1ede95dfd240b25,b64c5c5200dfbdfef50da9ea95b568facb6adb455382fb89344720f37b2e82ca
855,train,1,24.812118720022944,0.9999999999832416,numerical-methods-batch-4-v1,5bdca0dbcf2e61762ffe3358d42f358fb069121f4813a870c1ede95dfd240b25,b64c5c5200dfbdfef50da9ea95b568facb6adb455382fb89344720f37b2e82ca
856,train,1,31.20063705166347,0.9999999999999718,numerical-methods-batch-4-v1,5bdca0dbcf2e61762ffe3358d42f358fb069121f4813a870c1ede95dfd240b25,b64c5c5200dfbdfef50da9ea95b568facb6adb455382fb89344720f37b2e82ca
857,train,1,17.382832975170196,0.9999999717686564,numerical-methods-batch-4-v1,5bdca0dbcf2e61762ffe3358d42f358fb069121f4813a870c1ede95dfd240b25,b64c5c5200dfbdfef50da9ea95b568facb6adb455382fb89344720f37b2e82ca
858,train,1,7.721532590818329,0.9995570154540475,numerical-methods-batch-4-v1,5bdca0dbcf2e61762ffe3358d42f358fb069121f4813a870c1ede95dfd240b25,b64c5c5200dfbdfef50da9ea95b568facb6adb455382fb89344720f37b2e82ca
859,train,1,17.209089677754136,0.999999966411756,numerical-methods-batch-4-v1,5bdca0dbcf2e61762ffe3358d42f358fb069121f4813a870c1ede95dfd240b25,b64c5c5200dfbdfef50da9ea95b568facb6adb455382fb89344720f37b2e82ca
860,train,1,26.684981446185866,0.9999999999974245,numerical-methods-batch-4-v1,5bdca0dbcf2e61762ffe3358d42f358fb069121f4813a870c1ede95dfd240b25,b64c5c5200dfbdfef50da9ea95b568facb6adb455382fb89344720f37b2e82ca
861,train,1,31.045471318304884,0.9999999999999671,numerical-methods-batch-4-v1,5bdca0dbcf2e61762ffe3358d42f358fb069121f4813a870c1ede95dfd240b25,b64c5c5200dfbdfef50da9ea95b568facb6adb455382fb89344720f37b2e82ca
862,train,1,34.57196873635789,0.9999999999999991,numerical-methods-batch-4-v1,5bdca0dbcf2e61762ffe3358d42f358fb069121f4813a870c1ede95dfd240b25,b64c5c5200dfbdfef50da9ea95b568facb6adb455382fb89344720f37b2e82ca
864,train,1,20.208619163718637,0.9999999983269527,numerical-methods-batch-4-v1,5bdca0dbcf2e61762ffe3358d42f358fb069121f4813a870c1ede95dfd240b25,b64c5c5200dfbdfef50da9ea95b568facb6adb455382fb89344720f37b2e82ca
865,train,1,12.86511752498391,0.9999974132805629,numerical-methods-batch-4-v1,5bdca0dbcf2e61762ffe3358d42f358fb069121f4813a870c1ede95dfd240b25,b64c5c5200dfbdfef50da9ea95b568facb6adb455382fb89344720f37b2e82ca
867,train,1,39.39594113537833,1.0,numerical-methods-batch-4-v1,5bdca0dbcf2e61762ffe3358d42f358fb069121f4813a870c1ede95dfd240b25,b64c5c5200dfbdfef50da9ea95b568facb6adb455382fb89344720f37b2e82ca
868,train,1,31.298442423398548,0.9999999999999745,numerical-methods-batch-4-v1,5bdca0dbcf2e61762ffe3358d42f358fb069121f4813a870c1ede95dfd240b25,b64c5c5200dfbdfef50da9ea95b568facb6adb455382fb89344720f37b2e82ca
870,train,1,40.238826528904966,1.0,numerical-methods-batch-4-v1,5bdca0dbcf2e61762ffe3358d42f358fb069121f4813a870c1ede95dfd240b25,b64c5c5200dfbdfef50da9ea95b568facb6adb455382fb89344720f37b2e82ca
871,train,1,37.2143873153608,1.0,numerical-methods-batch-4-v1,5bdca0dbcf2e61762ffe3358d42f358fb069121f4813a870c1ede95dfd240b25,b64c5c5200dfbdfef50da9ea95b568facb6adb455382fb89344720f37b2e82ca
873,train,1,25.549268535606537,0.9999999999919815,numerical-methods-batch-4-v1,5bdca0dbcf2e61762ffe3358d42f358fb069121f4813a870c1ede95dfd240b25,b64c5c5200dfbdfef50da9ea95b568facb6adb455382fb89344720f37b2e82ca
874,train,1,30.62002413059392,0.9999999999999496,numerical-methods-batch-4-v1,5bdca0dbcf2e61762ffe3358d42f358fb069121f4813a870c1ede95dfd240b25,b64c5c5200dfbdfef50da9ea95b568facb6adb455382fb89344720f37b2e82ca
875,train,1,32.30066092409194,0.9999999999999907,numerical-methods-batch-4-v1,5bdca0dbcf2e61762ffe3358d42f358fb069121f4813a870c1ede95dfd240b25,b64c5c5200dfbdfef50da9ea95b568facb6adb455382fb89344720f37b2e82ca
876,train,1,16.480705484607824,0.9999999304142169,numerical-methods-batch-4-v1,5bdca0dbcf2e61762ffe3358d42f358fb069121f4813a870c1ede95dfd240b25,b64c5c5200dfbdfef50da9ea95b568facb6adb455382fb89344720f37b2e82ca
877,train,1,10.880454446122505,0.999981177795008,numerical-methods-batch-4-v1,5bdca0dbcf2e61762ffe3358d42f358fb069121f4813a870c1ede95dfd240b25,b64c5c5200dfbdfef50da9ea95b568facb6adb455382fb89344720f37b2e82ca
879,train,1,26.573475158177942,0.9999999999971207,numerical-methods-batch-4-v1,5bdca0dbcf2e61762ffe3358d42f358fb069121f4813a870c1ede95dfd240b25,b64c5c5200dfbdfef50da9ea95b568facb6adb455382fb89344720f37b2e82ca
881,train,1,14.67866578820645,0.9999995781711654,numerical-methods-batch-4-v1,5bdca0dbcf2e61762ffe3358d42f358fb069121f4813a870c1ede95dfd240b25,b64c5c5200dfbdfef50da9ea95b568facb6adb455382fb89344720f37b2e82ca
882,train,1,10.005792146151192,0.9999548643104964,numerical-methods-batch-4-v1,5bdca0dbcf2e61762ffe3358d42f358fb069121f4813a870c1ede95dfd240b25,b64c5c5200dfbdfef50da9ea95b568facb6adb455382fb89344720f37b2e82ca
884,train,1,31.94592658718846,0.9999999999999867,numerical-methods-batch-4-v1,5bdca0dbcf2e61762ffe3358d42f358fb069121f4813a870c1ede95dfd240b25,b64c5c5200dfbdfef50da9ea95b568facb6adb455382fb89344720f37b2e82ca
886,train,1,5.297542805880328,0.9950210397874795,numerical-methods-batch-4-v1,5bdca0dbcf2e61762ffe3358d42f358fb069121f4813a870c1ede95dfd240b25,b64c5c5200dfbdfef50da9ea95b568facb6adb455382fb89344720f37b2e82ca
887,train,1,9.468768168934913,0.9999227794845783,numerical-methods-batch-4-v1,5bdca0dbcf2e61762ffe3358d42f358fb069121f4813a870c1ede95dfd240b25,b64c5c5200dfbdfef50da9ea95b568facb6adb455382fb89344720f37b2e82ca
888,train,1,5.305245477022135,0.9950590549917291,numerical-methods-batch-4-v1,5bdca0dbcf2e61762ffe3358d42f358fb069121f4813a870c1ede95dfd240b25,b64c5c5200dfbdfef50da9ea95b568facb6adb455382fb89344720f37b2e82ca
889,train,1,10.80129780547014,0.9999796273690565,numerical-methods-batch-4-v1,5bdca0dbcf2e61762ffe3358d42f358fb069121f4813a870c1ede95dfd240b25,b64c5c5200dfbdfef50da9ea95b568facb6adb455382fb89344720f37b2e82ca
890,train,1,16.3935615144949,0.999999924078171,numerical-methods-batch-4-v1,5bdca0dbcf2e61762ffe3358d42f358fb069121f4813a870c1ede95dfd240b25,b64c5c5200dfbdfef50da9ea95b568facb6adb455382fb89344720f37b2e82ca
891,train,1,26.101127678504938,0.9999999999953824,numerical-methods-batch-4-v1,5bdca0dbcf2e61762ffe3358d42f358fb069121f4813a870c1ede95dfd240b25,b64c5c5200dfbdfef50da9ea95b568facb6adb455382fb89344720f37b2e82ca
893,train,1,5.23641489994788,0.9947088522748538,numerical-methods-batch-4-v1,5bdca0dbcf2e61762ffe3358d42f358fb069121f4813a870c1ede95dfd240b25,b64c5c5200dfbdfef50da9ea95b568facb6adb455382fb89344720f37b2e82ca
894,train,1,12.890640283142288,0.9999974784652265,numerical-methods-batch-4-v1,5bdca0dbcf2e61762ffe3358d42f358fb069121f4813a870c1ede95dfd240b25,b64c5c5200dfbdfef50da9ea95b568facb6adb455382fb89344720f37b2e82ca
895,train,1,14.106912162357036,0.9999992527850255,numerical-methods-batch-4-v1,5bdca0dbcf2e61762ffe3358d42f358fb069121f4813a870c1ede95dfd240b25,b64c5c5200dfbdfef50da9ea95b568facb6adb455382fb89344720f37b2e82ca
896,train,1,11.96096014575244,0.9999936112155497,numerical-methods-batch-4-v1,5bdca0dbcf2e61762ffe3358d42f358fb069121f4813a870c1ede95dfd240b25,b64c5c5200dfbdfef50da9ea95b568facb6adb455382fb89344720f37b2e82ca
897,train,1,10.628370032555486,0.9999757815120437,numerical-methods-batch-4-v1,5bdca0dbcf2e61762ffe3358d42f358fb069121f4813a870c1ede95dfd240b25,b64c5c5200dfbdfef50da9ea95b568facb6adb455382fb89344720f37b2e82ca
898,train,1,21.53354750635333,0.9999999995552673,numerical-methods-batch-4-v1,5bdca0dbcf2e61762ffe3358d42f358fb069121f4813a870c1ede95dfd240b25,b64c5c5200dfbdfef50da9ea95b568facb6adb455382fb89344720f37b2e82ca
900,train,1,17.42448224760941,0.9999999729203218,numerical-methods-batch-4-v1,5bdca0dbcf2e61762ffe3358d42f358fb069121f4813a870c1ede95dfd240b25,b64c5c5200dfbdfef50da9ea95b568facb6adb455382fb89344720f37b2e82ca
901,train,1,5.910881235719904,0.9972975252959579,numerical-methods-batch-4-v1,5bdca0dbcf2e61762ffe3358d42f358fb069121f4813a870c1ede95dfd240b25,b64c5c5200dfbdfef50da9ea95b568facb6adb455382fb89344720f37b2e82ca
902,train,1,14.469694294986274,0.9999994801340333,numerical-methods-batch-4-v1,5bdca0dbcf2e61762ffe3358d42f358fb069121f4813a870c1ede95dfd240b25,b64c5c5200dfbdfef50da9ea95b568facb6adb455382fb89344720f37b2e82ca
903,train,1,23.283753991480843,0.9999999999227329,numerical-methods-batch-4-v1,5bdca0dbcf2e61762ffe3358d42f358fb069121f4813a870c1ede95dfd240b25,b64c5c5200dfbdfef50da9ea95b568facb6adb455382fb89344720f37b2e82ca
904,train,1,18.62591600055709,0.9999999918554433,numerical-methods-batch-4-v1,5bdca0dbcf2e61762ffe3358d42f358fb069121f4813a870c1ede95dfd240b25,b64c5c5200dfbdfef50da9ea95b568facb6adb455382fb89344720f37b2e82ca
905,train,1,9.08242187194812,0.9998863668762109,numerical-methods-batch-4-v1,5bdca0dbcf2e61762ffe3358d42f358fb069121f4813a870c1ede95dfd240b25,b64c5c5200dfbdfef50da9ea95b568facb6adb455382fb89344720f37b2e82ca
907,train,1,23.383722605315313,0.9999999999300837,numerical-methods-batch-4-v1,5bdca0dbcf2e61762ffe3358d42f358fb069121f4813a870c1ede95dfd240b25,b64c5c5200dfbdfef50da9ea95b568facb6adb455382fb89344720f37b2e82ca
909,train,1,23.47182220301469,0.9999999999359799,numerical-methods-batch-4-v1,5bdca0dbcf2e61762ffe3358d42f358fb069121f4813a870c1ede95dfd240b25,b64c5c5200dfbdfef50da9ea95b568facb6adb455382fb89344720f37b2e82ca
910,train,1,24.92307166211817,0.9999999999850016,numerical-methods-batch-4-v1,5bdca0dbcf2e61762ffe3358d42f358fb069121f4813a870c1ede95dfd240b25,b64c5c5200dfbdfef50da9ea95b568facb6adb455382fb89344720f37b2e82ca
912,train,1,-0.5757419735522138,0.35991295288483127,numerical-methods-batch-4-v1,5bdca0dbcf2e61762ffe3358d42f358fb069121f4813a870c1ede95dfd240b25,b64c5c5200dfbdfef50da9ea95b568facb6adb455382fb89344720f37b2e82ca
914,train,1,21.69279763854572,0.9999999996207394,numerical-methods-batch-4-v1,5bdca0dbcf2e61762ffe3358d42f358fb069121f4813a870c1ede95dfd240b25,b64c5c5200dfbdfef50da9ea95b568facb6adb455382fb89344720f37b2e82ca
915,train,1,17.530010486943013,0.9999999756323769,numerical-methods-batch-4-v1,5bdca0dbcf2e61762ffe3358d42f358fb069121f4813a870c1ede95dfd240b25,b64c5c5200dfbdfef50da9ea95b568facb6adb455382fb89344720f37b2e82ca
916,train,1,19.9463787551093,0.999999997825308,numerical-methods-batch-4-v1,5bdca0dbcf2e61762ffe3358d42f358fb069121f4813a870c1ede95dfd240b25,b64c5c5200dfbdfef50da9ea95b568facb6adb455382fb89344720f37b2e82ca
917,train,1,19.30813967458515,0.9999999958829942,numerical-methods-batch-4-v1,5bdca0dbcf2e61762ffe3358d42f358fb069121f4813a870c1ede95dfd240b25,b64c5c5200dfbdfef50da9ea95b568facb6adb455382fb89344720f37b2e82ca
920,train,1,10.216418736680742,0.9999634363251568,numerical-methods-batch-4-v1,5bdca0dbcf2e61762ffe3358d42f358fb069121f4813a870c1ede95dfd240b25,b64c5c5200dfbdfef50da9ea95b568facb6adb455382fb89344720f37b2e82ca
922,train,1,26.086239660825676,0.9999999999953131,numerical-methods-batch-4-v1,5bdca0dbcf2e61762ffe3358d42f358fb069121f4813a870c1ede95dfd240b25,b64c5c5200dfbdfef50da9ea95b568facb6adb455382fb89344720f37b2e82ca
923,train,1,26.005181308977633,0.9999999999949174,numerical-methods-batch-4-v1,5bdca0dbcf2e61762ffe3358d42f358fb069121f4813a870c1ede95dfd240b25,b64c5c5200dfbdfef50da9ea95b568facb6adb455382fb89344720f37b2e82ca
924,train,1,17.61205242840503,0.9999999775517338,numerical-methods-batch-4-v1,5bdca0dbcf2e61762ffe3358d42f358fb069121f4813a870c1ede95dfd240b25,b64c5c5200dfbdfef50da9ea95b568facb6adb455382fb89344720f37b2e82ca
925,train,1,2.886393958440303,0.9471697287022267,numerical-methods-batch-4-v1,5bdca0dbcf2e61762ffe3358d42f358fb069121f4813a870c1ede95dfd240b25,b64c5c5200dfbdfef50da9ea95b568facb6adb455382fb89344720f37b2e82ca
927,train,1,17.040619417176593,0.9999999602485474,numerical-methods-batch-4-v1,5bdca0dbcf2e61762ffe3358d42f358fb069121f4813a870c1ede95dfd240b25,b64c5c5200dfbdfef50da9ea95b568facb6adb455382fb89344720f37b2e82ca
931,train,1,30.478555660109514,0.999999999999942,numerical-methods-batch-4-v1,5bdca0dbcf2e61762ffe3358d42f358fb069121f4813a870c1ede95dfd240b25,b64c5c5200dfbdfef50da9ea95b568facb6adb455382fb89344720f37b2e82ca
933,train,1,13.967115154462237,0.9999991406727436,numerical-methods-batch-4-v1,5bdca0dbcf2e61762ffe3358d42f358fb069121f4813a870c1ede95dfd240b25,b64c5c5200dfbdfef50da9ea95b568facb6adb455382fb89344720f37b2e82ca
934,train,1,16.6368443566437,0.9999999404735103,numerical-methods-batch-4-v1,5bdca0dbcf2e61762ffe3358d42f358fb069121f4813a870c1ede95dfd240b25,b64c5c5200dfbdfef50da9ea95b568facb6adb455382fb89344720f37b2e82ca
935,train,1,23.613246414339955,0.9999999999444227,numerical-methods-batch-4-v1,5bdca0dbcf2e61762ffe3358d42f358fb069121f4813a870c1ede95dfd240b25,b64c5c5200dfbdfef50da9ea95b568facb6adb455382fb89344720f37b2e82ca
937,train,1,4.624914890140131,0.9902907052192955,numerical-methods-batch-4-v1,5bdca0dbcf2e61762ffe3358d42f358fb069121f4813a870c1ede95dfd240b25,b64c5c5200dfbdfef50da9ea95b568facb6adb455382fb89344720f37b2e82ca
938,train,1,0.264875615430892,0.5658344461078691,numerical-methods-batch-4-v1,5bdca0dbcf2e61762ffe3358d42f358fb069121f4813a870c1ede95dfd240b25,b64c5c5200dfbdfef50da9ea95b568facb6adb455382fb89344720f37b2e82ca
939,train,1,10.309645917892814,0.9999666908767681,numerical-methods-batch-4-v1,5bdca0dbcf2e61762ffe3358d42f358fb069121f4813a870c1ede95dfd240b25,b64c5c5200dfbdfef50da9ea95b568facb6adb455382fb89344720f37b2e82ca
940,train,1,16.883535886826962,0.9999999534870901,numerical-methods-batch-4-v1,5bdca0dbcf2e61762ffe3358d42f358fb069121f4813a870c1ede95dfd240b25,b64c5c5200dfbdfef50da9ea95b568facb6adb455382fb89344720f37b2e82ca
941,train,1,7.692368290172686,0.9995439118621419,numerical-methods-batch-4-v1,5bdca0dbcf2e61762ffe3358d42f358fb069121f4813a870c1ede95dfd240b25,b64c5c5200dfbdfef50da9ea95b568facb6adb455382fb89344720f37b2e82ca
942,train,1,2.824368402302566,0.9439785294804665,numerical-methods-batch-4-v1,5bdca0dbcf2e61762ffe3358d42f358fb069121f4813a870c1ede95dfd240b25,b64c5c5200dfbdfef50da9ea95b568facb6adb455382fb89344720f37b2e82ca
945,train,1,18.580794696058852,0.9999999914795331,numerical-methods-batch-4-v1,5bdca0dbcf2e61762ffe3358d42f358fb069121f4813a870c1ede95dfd240b25,b64c5c5200dfbdfef50da9ea95b568facb6adb455382fb89344720f37b2e82ca
946,train,1,19.3103318455165,0.9999999958920094,numerical-methods-batch-4-v1,5bdca0dbcf2e61762ffe3358d42f358fb069121f4813a870c1ede95dfd240b25,b64c5c5200dfbdfef50da9ea95b568facb6adb455382fb89344720f37b2e82ca
947,train,1,10.49457389025432,0.999972314495255,numerical-methods-batch-4-v1,5bdca0dbcf2e61762ffe3358d42f358fb069121f4813a870c1ede95dfd240b25,b64c5c5200dfbdfef50da9ea95b568facb6adb455382fb89344720f37b2e82ca
949,train,1,12.886499299818544,0.9999974680019702,numerical-methods-batch-4-v1,5bdca0dbcf2e61762ffe3358d42f358fb069121f4813a870c1ede95dfd240b25,b64c5c5200dfbdfef50da9ea95b568facb6adb455382fb89344720f37b2e82ca
950,train,1,16.485052981710346,0.999999930716084,numerical-methods-batch-4-v1,5bdca0dbcf2e61762ffe3358d42f358fb069121f4813a870c1ede95dfd240b25,b64c5c5200dfbdfef50da9ea95b568facb6adb455382fb89344720f37b2e82ca
951,train,1,22.04252636379622,0.9999999997326672,numerical-methods-batch-4-v1,5bdca0dbcf2e61762ffe3358d42f358fb069121f4813a870c1ede95dfd240b25,b64c5c5200dfbdfef50da9ea95b568facb6adb455382fb89344720f37b2e82ca
954,train,1,11.048607278395929,0.9999840909620796,numerical-methods-batch-4-v1,5bdca0dbcf2e61762ffe3358d42f358fb069121f4813a870c1ede95dfd240b25,b64c5c5200dfbdfef50da9ea95b568facb6adb455382fb89344720f37b2e82ca
955,train,1,16.411600643859607,0.9999999254354555,numerical-methods-batch-4-v1,5bdca0dbcf2e61762ffe3358d42f358fb069121f4813a870c1ede95dfd240b25,b64c5c5200dfbdfef50da9ea95b568facb6adb455382fb89344720f37b2e82ca
957,train,1,17.638231079477237,0.9999999781317734,numerical-methods-batch-4-v1,5bdca0dbcf2e61762ffe3358d42f358fb069121f4813a870c1ede95dfd240b25,b64c5c5200dfbdfef50da9ea95b568facb6adb455382fb89344720f37b2e82ca
958,train,1,16.047881146327704,0.9999998927261851,numerical-methods-batch-4-v1,5bdca0dbcf2e61762ffe3358d42f358fb069121f4813a870c1ede95dfd240b25,b64c5c5200dfbdfef50da9ea95b568facb6adb455382fb89344720f37b2e82ca
961,train,1,22.878618064904643,0.9999999998841376,numerical-methods-batch-4-v1,5bdca0dbcf2e61762ffe3358d42f358fb069121f4813a870c1ede95dfd240b25,b64c5c5200dfbdfef50da9ea95b568facb6adb455382fb89344720f37b2e82ca
962,train,1,13.183599206015876,0.9999981188007532,numerical-methods-batch-4-v1,5bdca0dbcf2e61762ffe3358d42f358fb069121f4813a870c1ede95dfd240b25,b64c5c5200dfbdfef50da9ea95b568facb6adb455382fb89344720f37b2e82ca
963,train,1,15.99331733768314,0.9999998867102853,numerical-methods-batch-4-v1,5bdca0dbcf2e61762ffe3358d42f358fb069121f4813a870c1ede95dfd240b25,b64c5c5200dfbdfef50da9ea95b568facb6adb455382fb89344720f37b2e82ca
965,train,1,23.534664216619504,0.9999999999398792,numerical-methods-batch-4-v1,5bdca0dbcf2e61762ffe3358d42f358fb069121f4813a870c1ede95dfd240b25,b64c5c5200dfbdfef50da9ea95b568facb6adb455382fb89344720f37b2e82ca
966,train,1,14.650102813104757,0.9999995659487607,numerical-methods-batch-4-v1,5bdca0dbcf2e61762ffe3358d42f358fb069121f4813a870c1ede95dfd240b25,b64c5c5200dfbdfef50da9ea95b568facb6adb455382fb89344720f37b2e82ca
967,train,1,17.1300507556954,0.9999999636492425,numerical-methods-batch-4-v1,5bdca0dbcf2e61762ffe3358d42f358fb069121f4813a870c1ede95dfd240b25,b64c5c5200dfbdfef50da9ea95b568facb6adb455382fb89344720f37b2e82ca
968,train,1,28.85684831434446,0.9999999999997065,numerical-methods-batch-4-v1,5bdca0dbcf2e61762ffe3358d42f358fb069121f4813a870c1ede95dfd240b25,b64c5c5200dfbdfef50da9ea95b568facb6adb455382fb89344720f37b2e82ca
969,train,1,20.82430875630368,0.9999999990961057,numerical-methods-batch-4-v1,5bdca0dbcf2e61762ffe3358d42f358fb069121f4813a870c1ede95dfd240b25,b64c5c5200dfbdfef50da9ea95b568facb6adb455382fb89344720f37b2e82ca
970,train,1,25.595302090488104,0.9999999999923423,numerical-methods-batch-4-v1,5bdca0dbcf2e61762ffe3358d42f358fb069121f4813a870c1ede95dfd240b25,b64c5c5200dfbdfef50da9ea95b568facb6adb455382fb89344720f37b2e82ca
971,train,1,29.596225262855057,0.9999999999998599,numerical-methods-batch-4-v1,5bdca0dbcf2e61762ffe3358d42f358fb069121f4813a870c1ede95dfd240b25,b64c5c5200dfbdfef50da9ea95b568facb6adb455382fb89344720f37b2e82ca
972,train,1,18.433370502096018,0.999999990126096,numerical-methods-batch-4-v1,5bdca0dbcf2e61762ffe3358d42f358fb069121f4813a870c1ede95dfd240b25,b64c5c5200dfbdfef50da9ea95b568facb6adb455382fb89344720f37b2e82ca
974,train,1,10.722776621016818,0.9999779632415003,numerical-methods-batch-4-v1,5bdca0dbcf2e61762ffe3358d42f358fb069121f4813a870c1ede95dfd240b25,b64c5c5200dfbdfef50da9ea95b568facb6adb455382fb89344720f37b2e82ca
975,train,1,26.23935051934823,0.9999999999959783,numerical-methods-batch-4-v1,5bdca0dbcf2e61762ffe3358d42f358fb069121f4813a870c1ede95dfd240b25,b64c5c5200dfbdfef50da9ea95b568facb6adb455382fb89344720f37b2e82ca
976,train,1,20.48026544848488,0.9999999987249308,numerical-methods-batch-4-v1,5bdca0dbcf2e61762ffe3358d42f358fb069121f4813a870c1ede95dfd240b25,b64c5c5200dfbdfef50da9ea95b568facb6adb455382fb89344720f37b2e82ca
978,train,1,24.52330287442085,0.9999999999776301,numerical-methods-batch-4-v1,5bdca0dbcf2e61762ffe3358d42f358fb069121f4813a870c1ede95dfd240b25,b64c5c5200dfbdfef50da9ea95b568facb6adb455382fb89344720f37b2e82ca
981,train,1,13.371700553768536,0.9999984413681058,numerical-methods-batch-4-v1,5bdca0dbcf2e61762ffe3358d42f358fb069121f4813a870c1ede95dfd240b25,b64c5c5200dfbdfef50da9ea95b568facb6adb455382fb89344720f37b2e82ca
982,train,1,29.213718719125346,0.9999999999997946,numerical-methods-batch-4-v1,5bdca0dbcf2e61762ffe3358d42f358fb069121f4813a870c1ede95dfd240b25,b64c5c5200dfbdfef50da9ea95b568facb6adb455382fb89344720f37b2e82ca
983,train,1,30.77302144038746,0.9999999999999567,numerical-methods-batch-4-v1,5bdca0dbcf2e61762ffe3358d42f358fb069121f4813a870c1ede95dfd240b25,b64c5c5200dfbdfef50da9ea95b568facb6adb455382fb89344720f37b2e82ca
985,train,1,28.85892419816112,0.9999999999997071,numerical-methods-batch-4-v1,5bdca0dbcf2e61762ffe3358d42f358fb069121f4813a870c1ede95dfd240b25,b64c5c5200dfbdfef50da9ea95b568facb6adb455382fb89344720f37b2e82ca
988,train,1,22.20240669896606,0.9999999997721667,numerical-methods-batch-4-v1,5bdca0dbcf2e61762ffe3358d42f358fb069121f4813a870c1ede95dfd240b25,b64c5c5200dfbdfef50da9ea95b568facb6adb455382fb89344720f37b2e82ca
990,train,1,35.52472278378985,0.9999999999999996,numerical-methods-batch-4-v1,5bdca0dbcf2e61762ffe3358d42f358fb069121f4813a870c1ede95dfd240b25,b64c5c5200dfbdfef50da9ea95b568facb6adb455382fb89344720f37b2e82ca
991,train,1,35.214675378735464,0.9999999999999996,numerical-methods-batch-4-v1,5bdca0dbcf2e61762ffe3358d42f358fb069121f4813a870c1ede95dfd240b25,b64c5c5200dfbdfef50da9ea95b568facb6adb455382fb89344720f37b2e82ca
992,train,1,36.320764794492085,0.9999999999999998,numerical-methods-batch-4-v1,5bdca0dbcf2e61762ffe3358d42f358fb069121f4813a870c1ede95dfd240b25,b64c5c5200dfbdfef50da9ea95b568facb6adb455382fb89344720f37b2e82ca
993,train,1,32.62120850633039,0.9999999999999931,numerical-methods-batch-4-v1,5bdca0dbcf2e61762ffe3358d42f358fb069121f4813a870c1ede95dfd240b25,b64c5c5200dfbdfef50da9ea95b568facb6adb455382fb89344720f37b2e82ca
995,train,1,25.487271884630815,0.9999999999914686,numerical-methods-batch-4-v1,5bdca0dbcf2e61762ffe3358d42f358fb069121f4813a870c1ede95dfd240b25,b64c5c5200dfbdfef50da9ea95b568facb6adb455382fb89344720f37b2e82ca
996,train,1,29.85815719234074,0.9999999999998921,numerical-methods-batch-4-v1,5bdca0dbcf2e61762ffe3358d42f358fb069121f4813a870c1ede95dfd240b25,b64c5c5200dfbdfef50da9ea95b568facb6adb455382fb89344720f37b2e82ca
997,train,1,26.788084543327486,0.9999999999976767,numerical-methods-batch-4-v1,5bdca0dbcf2e61762ffe3358d42f358fb069121f4813a870c1ede95dfd240b25,b64c5c5200dfbdfef50da9ea95b568facb6adb455382fb89344720f37b2e82ca
998,train,1,13.75487140884499,0.9999989374856936,numerical-methods-batch-4-v1,5bdca0dbcf2e61762ffe3358d42f358fb069121f4813a870c1ede95dfd240b25,b64c5c5200dfbdfef50da9ea95b568facb6adb455382fb89344720f37b2e82ca
1000,train,1,14.680612206707876,0.9999995789914219,numerical-methods-batch-4-v1,5bdca0dbcf2e61762ffe3358d42f358fb069121f4813a870c1ede95dfd240b25,b64c5c5200dfbdfef50da9ea95b568facb6adb455382fb89344720f37b2e82ca
1001,train,1,21.093510860208518,0.9999999993094348,numerical-methods-batch-4-v1,5bdca0dbcf2e61762ffe3358d42f358fb069121f4813a870c1ede95dfd240b25,b64c5c5200dfbdfef50da9ea95b568facb6adb455382fb89344720f37b2e82ca
1002,train,1,12.06059985721762,0.9999942171021348,numerical-methods-batch-4-v1,5bdca0dbcf2e61762ffe3358d42f358fb069121f4813a870c1ede95dfd240b25,b64c5c5200dfbdfef50da9ea95b568facb6adb455382fb89344720f37b2e82ca
1003,train,1,10.501810761515012,0.9999725141229704,numerical-methods-batch-4-v1,5bdca0dbcf2e61762ffe3358d42f358fb069121f4813a870c1ede95dfd240b25,b64c5c5200dfbdfef50da9ea95b568facb6adb455382fb89344720f37b2e82ca
1004,train,1,3.9041289452442864,0.980239829507072,numerical-methods-batch-4-v1,5bdca0dbcf2e61762ffe3358d42f358fb069121f4813a870c1ede95dfd240b25,b64c5c5200dfbdfef50da9ea95b568facb6adb455382fb89344720f37b2e82ca
1005,train,1,9.696828896116033,0.9999385256394906,numerical-methods-batch-4-v1,5bdca0dbcf2e61762ffe3358d42f358fb069121f4813a870c1ede95dfd240b25,b64c5c5200dfbdfef50da9ea95b568facb6adb455382fb89344720f37b2e82ca
1006,train,1,25.119124609590656,0.9999999999876716,numerical-methods-batch-4-v1,5bdca0dbcf2e61762ffe3358d42f358fb069121f4813a870c1ede95dfd240b25,b64c5c5200dfbdfef50da9ea95b568facb6adb455382fb89344720f37b2e82ca
1007,train,1,14.311622862889001,0.9999993911071151,numerical-methods-batch-4-v1,5bdca0dbcf2e61762ffe3358d42f358fb069121f4813a870c1ede95dfd240b25,b64c5c5200dfbdfef50da9ea95b568facb6adb455382fb89344720f37b2e82ca
1008,train,1,8.258657726164794,0.9997410606514171,numerical-methods-batch-4-v1,5bdca0dbcf2e61762ffe3358d42f358fb069121f4813a870c1ede95dfd240b25,b64c5c5200dfbdfef50da9ea95b568facb6adb455382fb89344720f37b2e82ca
1009,train,1,13.280187576464522,0.9999982920031116,numerical-methods-batch-4-v1,5bdca0dbcf2e61762ffe3358d42f358fb069121f4813a870c1ede95dfd240b25,b64c5c5200dfbdfef50da9ea95b568facb6adb455382fb89344720f37b2e82ca
1010,train,1,11.813402016514933,0.9999925954021612,numerical-methods-batch-4-v1,5bdca0dbcf2e61762ffe3358d42f358fb069121f4813a870c1ede95dfd240b25,b64c5c5200dfbdfef50da9ea95b568facb6adb455382fb89344720f37b2e82ca
1011,train,1,16.515024405330777,0.9999999327618118,numerical-methods-batch-4-v1,5bdca0dbcf2e61762ffe3358d42f358fb069121f4813a870c1ede95dfd240b25,b64c5c5200dfbdfef50da9ea95b568facb6adb455382fb89344720f37b2e82ca
1012,train,1,21.78433932646051,0.999999999653916,numerical-methods-batch-4-v1,5bdca0dbcf2e61762ffe3358d42f358fb069121f4813a870c1ede95dfd240b25,b64c5c5200dfbdfef50da9ea95b568facb6adb455382fb89344720f37b2e82ca
1013,train,1,32.34684320983906,0.9999999999999911,numerical-methods-batch-4-v1,5bdca0dbcf2e61762ffe3358d42f358fb069121f4813a870c1ede95dfd240b25,b64c5c5200dfbdfef50da9ea95b568facb6adb455382fb89344720f37b2e82ca
1015,train,1,7.123007273958139,0.999194311436091,numerical-methods-batch-4-v1,5bdca0dbcf2e61762ffe3358d42f358fb069121f4813a870c1ede95dfd240b25,b64c5c5200dfbdfef50da9ea95b568facb6adb455382fb89344720f37b2e82ca
1016,train,1,14.74045610108193,0.9999996034471437,numerical-methods-batch-4-v1,5bdca0dbcf2e61762ffe3358d42f358fb069121f4813a870c1ede95dfd240b25,b64c5c5200dfbdfef50da9ea95b568facb6adb455382fb89344720f37b2e82ca
1017,train,1,16.677366476755708,0.9999999428374305,numerical-methods-batch-4-v1,5bdca0dbcf2e61762ffe3358d42f358fb069121f4813a870c1ede95dfd240b25,b64c5c5200dfbdfef50da9ea95b568facb6adb455382fb89344720f37b2e82ca
1018,train,1,15.185729958134742,0.99999974594885,numerical-methods-batch-4-v1,5bdca0dbcf2e61762ffe3358d42f358fb069121f4813a870c1ede95dfd240b25,b64c5c5200dfbdfef50da9ea95b568facb6adb455382fb89344720f37b2e82ca
1020,train,1,26.71067285808433,0.9999999999974898,numerical-methods-batch-4-v1,5bdca0dbcf2e61762ffe3358d42f358fb069121f4813a870c1ede95dfd240b25,b64c5c5200dfbdfef50da9ea95b568facb6adb455382fb89344720f37b2e82ca
1022,train,1,15.663877631216591,0.9999998425058919,numerical-methods-batch-4-v1,5bdca0dbcf2e61762ffe3358d42f358fb069121f4813a870c1ede95dfd240b25,b64c5c5200dfbdfef50da9ea95b568facb6adb455382fb89344720f37b2e82ca
1023,train,1,7.467865880842963,0.9994291801308655,numerical-methods-batch-4-v1,5bdca0dbcf2e61762ffe3358d42f358fb069121f4813a870c1ede95dfd240b25,b64c5c5200dfbdfef50da9ea95b568facb6adb455382fb89344720f37b2e82ca
1024,train,1,15.90024208192517,0.9999998756595173,numerical-methods-batch-4-v1,5bdca0dbcf2e61762ffe3358d42f358fb069121f4813a870c1ede95dfd240b25,b64c5c5200dfbdfef50da9ea95b568facb6adb455382fb89344720f37b2e82ca
1025,train,1,25.10643232594513,0.9999999999875142,numerical-methods-batch-4-v1,5bdca0dbcf2e61762ffe3358d42f358fb069121f4813a870c1ede95dfd240b25,b64c5c5200dfbdfef50da9ea95b568facb6adb455382fb89344720f37b2e82ca
1027,train,1,13.125502218411617,0.9999980062718149,numerical-methods-batch-4-v1,5bdca0dbcf2e61762ffe3358d42f358fb069121f4813a870c1ede95dfd240b25,b64c5c5200dfbdfef50da9ea95b568facb6adb455382fb89344720f37b2e82ca
1028,train,1,20.64602206698882,0.9999999989196946,numerical-methods-batch-4-v1,5bdca0dbcf2e61762ffe3358d42f358fb069121f4813a870c1ede95dfd240b25,b64c5c5200dfbdfef50da9ea95b568facb6adb455382fb89344720f37b2e82ca
1029,train,1,22.22419231847779,0.9999999997770765,numerical-methods-batch-4-v1,5bdca0dbcf2e61762ffe3358d42f358fb069121f4813a870c1ede95dfd240b25,b64c5c5200dfbdfef50da9ea95b568facb6adb455382fb89344720f37b2e82ca
1030,train,1,14.382198125457242,0.9999994325985124,numerical-methods-batch-4-v1,5bdca0dbcf2e61762ffe3358d42f358fb069121f4813a870c1ede95dfd240b25,b64c5c5200dfbdfef50da9ea95b568facb6adb455382fb89344720f37b2e82ca
1031,train,1,22.654605232269567,0.9999999998550462,numerical-methods-batch-4-v1,5bdca0dbcf2e61762ffe3358d42f358fb069121f4813a870c1ede95dfd240b25,b64c5c5200dfbdfef50da9ea95b568facb6adb455382fb89344720f37b2e82ca
1032,train,1,27.259892616593177,0.9999999999985507,numerical-methods-batch-4-v1,5bdca0dbcf2e61762ffe3358d42f358fb069121f4813a870c1ede95dfd240b25,b64c5c5200dfbdfef50da9ea95b568facb6adb455382fb89344720f37b2e82ca
1033,train,1,16.060426914313737,0.9999998940636102,numerical-methods-batch-4-v1,5bdca0dbcf2e61762ffe3358d42f358fb069121f4813a870c1ede95dfd240b25,b64c5c5200dfbdfef50da9ea95b568facb6adb455382fb89344720f37b2e82ca
1034,train,1,4.67443571189756,0.990755469853713,numerical-methods-batch-4-v1,5bdca0dbcf2e61762ffe3358d42f358fb069121f4813a870c1ede95dfd240b25,b64c5c5200dfbdfef50da9ea95b568facb6adb455382fb89344720f37b2e82ca
1035,train,1,13.567149797729593,0.9999987180793279,numerical-methods-batch-4-v1,5bdca0dbcf2e61762ffe3358d42f358fb069121f4813a870c1ede95dfd240b25,b64c5c5200dfbdfef50da9ea95b568facb6adb455382fb89344720f37b2e82ca
1036,train,1,18.726769857404484,0.99999999263679,numerical-methods-batch-4-v1,5bdca0dbcf2e61762ffe3358d42f358fb069121f4813a870c1ede95dfd240b25,b64c5c5200dfbdfef50da9ea95b568facb6adb455382fb89344720f37b2e82ca
1037,train,1,18.17402673312357,0.9999999872026376,numerical-methods-batch-4-v1,5bdca0dbcf2e61762ffe3358d42f358fb069121f4813a870c1ede95dfd240b25,b64c5c5200dfbdfef50da9ea95b568facb6adb455382fb89344720f37b2e82ca
1040,train,1,8.882604513902391,0.9998612370236556,numerical-methods-batch-4-v1,5bdca0dbcf2e61762ffe3358d42f358fb069121f4813a870c1ede95dfd240b25,b64c5c5200dfbdfef50da9ea95b568facb6adb455382fb89344720f37b2e82ca
1041,train,1,2.0762672596216074,0.8885749923259528,numerical-methods-batch-4-v1,5bdca0dbcf2e61762ffe3358d42f358fb069121f4813a870c1ede95dfd240b25,b64c5c5200dfbdfef50da9ea95b568facb6adb455382fb89344720f37b2e82ca
1042,train,1,16.755048600097602,0.9999999471098467,numerical-methods-batch-4-v1,5bdca0dbcf2e61762ffe3358d42f358fb069121f4813a870c1ede95dfd240b25,b64c5c5200dfbdfef50da9ea95b568facb6adb455382fb89344720f37b2e82ca
1043,train,1,22.587788937692366,0.99999999984503,numerical-methods-batch-4-v1,5bdca0dbcf2e61762ffe3358d42f358fb069121f4813a870c1ede95dfd240b25,b64c5c5200dfbdfef50da9ea95b568facb6adb455382fb89344720f37b2e82ca
1044,train,1,23.81105994742593,0.9999999999543976,numerical-methods-batch-4-v1,5bdca0dbcf2e61762ffe3358d42f358fb069121f4813a870c1ede95dfd240b25,b64c5c5200dfbdfef50da9ea95b568facb6adb455382fb89344720f37b2e82ca
1045,train,1,25.894228136899102,0.999999999994321,numerical-methods-batch-4-v1,5bdca0dbcf2e61762ffe3358d42f358fb069121f4813a870c1ede95dfd240b25,b64c5c5200dfbdfef50da9ea95b568facb6adb455382fb89344720f37b2e82ca
1046,train,1,21.61435346611713,0.9999999995897906,numerical-methods-batch-4-v1,5bdca0dbcf2e61762ffe3358d42f358fb069121f4813a870c1ede95dfd240b25,b64c5c5200dfbdfef50da9ea95b568facb6adb455382fb89344720f37b2e82ca
1047,train,1,9.829824569314924,0.9999461806984391,numerical-methods-batch-4-v1,5bdca0dbcf2e61762ffe3358d42f358fb069121f4813a870c1ede95dfd240b25,b64c5c5200dfbdfef50da9ea95b568facb6adb455382fb89344720f37b2e82ca
1048,train,1,8.259289023396514,0.9997412240252355,numerical-methods-batch-4-v1,5bdca0dbcf2e61762ffe3358d42f358fb069121f4813a870c1ede95dfd240b25,b64c5c5200dfbdfef50da9ea95b568facb6adb455382fb89344720f37b2e82ca
1049,train,1,23.684313074456647,0.9999999999482354,numerical-methods-batch-4-v1,5bdca0dbcf2e61762ffe3358d42f358fb069121f4813a870c1ede95dfd240b25,b64c5c5200dfbdfef50da9ea95b568facb6adb455382fb89344720f37b2e82ca
1050,train,1,33.69909852904755,0.9999999999999978,numerical-methods-batch-4-v1,5bdca0dbcf2e61762ffe3358d42f358fb069121f4813a870c1ede95dfd240b25,b64c5c5200dfbdfef50da9ea95b568facb6adb455382fb89344720f37b2e82ca
1051,train,1,28.070544040702217,0.9999999999993556,numerical-methods-batch-4-v1,5bdca0dbcf2e61762ffe3358d42f358fb069121f4813a870c1ede95dfd240b25,b64c5c5200dfbdfef50da9ea95b568facb6adb455382fb89344720f37b2e82ca
1052,train,1,30.428525624759104,0.9999999999999389,numerical-methods-batch-4-v1,5bdca0dbcf2e61762ffe3358d42f358fb069121f4813a870c1ede95dfd240b25,b64c5c5200dfbdfef50da9ea95b568facb6adb455382fb89344720f37b2e82ca
1054,train,1,25.585053168582817,0.9999999999922633,numerical-methods-batch-4-v1,5bdca0dbcf2e61762ffe3358d42f358fb069121f4813a870c1ede95dfd240b25,b64c5c5200dfbdfef50da9ea95b568facb6adb455382fb89344720f37b2e82ca
1055,train,1,18.181106806175208,0.9999999872929238,numerical-methods-batch-4-v1,5bdca0dbcf2e61762ffe3358d42f358fb069121f4813a870c1ede95dfd240b25,b64c5c5200dfbdfef50da9ea95b568facb6adb455382fb89344720f37b2e82ca
1056,train,1,21.97134763581527,0.9999999997129452,numerical-methods-batch-4-v1,5bdca0dbcf2e61762ffe3358d42f358fb069121f4813a870c1ede95dfd240b25,b64c5c5200dfbdfef50da9ea95b568facb6adb455382fb89344720f37b2e82ca
1057,train,1,29.529118058444944,0.9999999999998501,numerical-methods-batch-4-v1,5bdca0dbcf2e61762ffe3358d42f358fb069121f4813a870c1ede95dfd240b25,b64c5c5200dfbdfef50da9ea95b568facb6adb455382fb89344720f37b2e82ca
1058,train,1,23.839244346295885,0.9999999999556648,numerical-methods-batch-4-v1,5bdca0dbcf2e61762ffe3358d42f358fb069121f4813a870c1ede95dfd240b25,b64c5c5200dfbdfef50da9ea95b568facb6adb455382fb89344720f37b2e82ca
1062,train,1,19.860874387114073,0.9999999976311811,numerical-methods-batch-4-v1,5bdca0dbcf2e61762ffe3358d42f358fb069121f4813a870c1ede95dfd240b25,b64c5c5200dfbdfef50da9ea95b568facb6adb455382fb89344720f37b2e82ca
1063,train,1,10.56064439134015,0.9999740845257725,numerical-methods-batch-4-v1,5bdca0dbcf2e61762ffe3358d42f358fb069121f4813a870c1ede95dfd240b25,b64c5c5200dfbdfef50da9ea95b568facb6adb455382fb89344720f37b2e82ca
1064,train,1,4.829609899922437,0.9920736909193176,numerical-methods-batch-4-v1,5bdca0dbcf2e61762ffe3358d42f358fb069121f4813a870c1ede95dfd240b25,b64c5c5200dfbdfef50da9ea95b568facb6adb455382fb89344720f37b2e82ca
1066,train,1,10.457040957610763,0.9999712556606524,numerical-methods-batch-4-v1,5bdca0dbcf2e61762ffe3358d42f358fb069121f4813a870c1ede95dfd240b25,b64c5c5200dfbdfef50da9ea95b568facb6adb455382fb89344720f37b2e82ca
1067,train,1,23.80542626611213,0.99999999995414,numerical-methods-batch-4-v1,5bdca0dbcf2e61762ffe3358d42f358fb069121f4813a870c1ede95dfd240b25,b64c5c5200dfbdfef50da9ea95b568facb6adb455382fb89344720f37b2e82ca
1069,train,1,4.045741177693481,0.9828041396919738,numerical-methods-batch-4-v1,5bdca0dbcf2e61762ffe3358d42f358fb069121f4813a870c1ede95dfd240b25,b64c5c5200dfbdfef50da9ea95b568facb6adb455382fb89344720f37b2e82ca
1070,train,1,8.889799310438752,0.9998622316750453,numerical-methods-batch-4-v1,5bdca0dbcf2e61762ffe3358d42f358fb069121f4813a870c1ede95dfd240b25,b64c5c5200dfbdfef50da9ea95b568facb6adb455382fb89344720f37b2e82ca
1072,train,1,12.586768731056301,0.9999965830839312,numerical-methods-batch-4-v1,5bdca0dbcf2e61762ffe3358d42f358fb069121f4813a870c1ede95dfd240b25,b64c5c5200dfbdfef50da9ea95b568facb6adb455382fb89344720f37b2e82ca
1074,train,1,26.516391322589683,0.9999999999969515,numerical-methods-batch-4-v1,5bdca0dbcf2e61762ffe3358d42f358fb069121f4813a870c1ede95dfd240b25,b64c5c5200dfbdfef50da9ea95b568facb6adb455382fb89344720f37b2e82ca
1076,train,1,4.695040000526996,0.9909422902757649,numerical-methods-batch-4-v1,5bdca0dbcf2e61762ffe3358d42f358fb069121f4813a870c1ede95dfd240b25,b64c5c5200dfbdfef50da9ea95b568facb6adb455382fb89344720f37b2e82ca
1077,train,1,11.460879264502301,0.9999894658668683,numerical-methods-batch-4-v1,5bdca0dbcf2e61762ffe3358d42f358fb069121f4813a870c1ede95dfd240b25,b64c5c5200dfbdfef50da9ea95b568facb6adb455382fb89344720f37b2e82ca
1080,train,1,10.329173600421727,0.999967334995959,numerical-methods-batch-4-v1,5bdca0dbcf2e61762ffe3358d42f358fb069121f4813a870c1ede95dfd240b25,b64c5c5200dfbdfef50da9ea95b568facb6adb455382fb89344720f37b2e82ca
1081,train,1,20.721064278879687,0.9999999989977961,numerical-methods-batch-4-v1,5bdca0dbcf2e61762ffe3358d42f358fb069121f4813a870c1ede95dfd240b25,b64c5c5200dfbdfef50da9ea95b568facb6adb455382fb89344720f37b2e82ca
1083,train,1,15.762469681398878,0.9999998572926524,numerical-methods-batch-4-v1,5bdca0dbcf2e61762ffe3358d42f358fb069121f4813a870c1ede95dfd240b25,b64c5c5200dfbdfef50da9ea95b568facb6adb455382fb89344720f37b2e82ca
1084,train,1,6.414332179865747,0.9983647649987715,numerical-methods-batch-4-v1,5bdca0dbcf2e61762ffe3358d42f358fb069121f4813a870c1ede95dfd240b25,b64c5c5200dfbdfef50da9ea95b568facb6adb455382fb89344720f37b2e82ca
1085,train,1,13.46338345363945,0.9999985779127565,numerical-methods-batch-4-v1,5bdca0dbcf2e61762ffe3358d42f358fb069121f4813a870c1ede95dfd240b25,b64c5c5200dfbdfef50da9ea95b568facb6adb455382fb89344720f37b2e82ca
1086,train,1,19.636431460222376,0.9999999970351265,numerical-methods-batch-4-v1,5bdca0dbcf2e61762ffe3358d42f358fb069121f4813a870c1ede95dfd240b25,b64c5c5200dfbdfef50da9ea95b568facb6adb455382fb89344720f37b2e82ca
1087,train,1,16.697519730845947,0.9999999439779115,numerical-methods-batch-4-v1,5bdca0dbcf2e61762ffe3358d42f358fb069121f4813a870c1ede95dfd240b25,b64c5c5200dfbdfef50da9ea95b568facb6adb455382fb89344720f37b2e82ca
1088,train,1,8.50925158681625,0.9997984459876522,numerical-methods-batch-4-v1,5bdca0dbcf2e61762ffe3358d42f358fb069121f4813a870c1ede95dfd240b25,b64c5c5200dfbdfef50da9ea95b568facb6adb455382fb89344720f37b2e82ca
1090,train,1,24.205124751862876,0.9999999999692497,numerical-methods-batch-4-v1,5bdca0dbcf2e61762ffe3358d42f358fb069121f4813a870c1ede95dfd240b25,b64c5c5200dfbdfef50da9ea95b568facb6adb455382fb89344720f37b2e82ca
1091,train,1,16.672906162737696,0.9999999425818982,numerical-methods-batch-4-v1,5bdca0dbcf2e61762ffe3358d42f358fb069121f4813a870c1ede95dfd240b25,b64c5c5200dfbdfef50da9ea95b568facb6adb455382fb89344720f37b2e82ca
1093,train,1,23.382517758116876,0.9999999999299993,numerical-methods-batch-4-v1,5bdca0dbcf2e61762ffe3358d42f358fb069121f4813a870c1ede95dfd240b25,b64c5c5200dfbdfef50da9ea95b568facb6adb455382fb89344720f37b2e82ca
1095,train,1,-0.5904605110059862,0.3565291986743781,numerical-methods-batch-4-v1,5bdca0dbcf2e61762ffe3358d42f358fb069121f4813a870c1ede95dfd240b25,b64c5c5200dfbdfef50da9ea95b568facb6adb455382fb89344720f37b2e82ca
1098,train,1,15.710836649050725,0.9999998497306969,numerical-methods-batch-4-v1,5bdca0dbcf2e61762ffe3358d42f358fb069121f4813a870c1ede95dfd240b25,b64c5c5200dfbdfef50da9ea95b568facb6adb455382fb89344720f37b2e82ca
1099,train,1,18.617469962660593,0.9999999917863628,numerical-methods-batch-4-v1,5bdca0dbcf2e61762ffe3358d42f358fb069121f4813a870c1ede95dfd240b25,b64c5c5200dfbdfef50da9ea95b568facb6adb455382fb89344720f37b2e82ca
1100,train,1,21.093560434912796,0.999999999309469,numerical-methods-batch-4-v1,5bdca0dbcf2e61762ffe3358d42f358fb069121f4813a870c1ede95dfd240b25,b64c5c5200dfbdfef50da9ea95b568facb6adb455382fb89344720f37b2e82ca
1101,train,1,4.801881465156336,0.9918526469956201,numerical-methods-batch-4-v1,5bdca0dbcf2e61762ffe3358d42f358fb069121f4813a870c1ede95dfd240b25,b64c5c5200dfbdfef50da9ea95b568facb6adb455382fb89344720f37b2e82ca
1103,train,1,11.167389266427906,0.9999858727272865,numerical-methods-batch-4-v1,5bdca0dbcf2e61762ffe3358d42f358fb069121f4813a870c1ede95dfd240b25,b64c5c5200dfbdfef50da9ea95b568facb6adb455382fb89344720f37b2e82ca
1104,train,1,26.648952346798644,0.9999999999973301,numerical-methods-batch-4-v1,5bdca0dbcf2e61762ffe3358d42f358fb069121f4813a870c1ede95dfd240b25,b64c5c5200dfbdfef50da9ea95b568facb6adb455382fb89344720f37b2e82ca
1105,train,1,27.142438661367983,0.99999999999837,numerical-methods-batch-4-v1,5bdca0dbcf2e61762ffe3358d42f358fb069121f4813a870c1ede95dfd240b25,b64c5c5200dfbdfef50da9ea95b568facb6adb455382fb89344720f37b2e82ca
1106,train,1,27.30500543262486,0.9999999999986147,numerical-methods-batch-4-v1,5bdca0dbcf2e61762ffe3358d42f358fb069121f4813a870c1ede95dfd240b25,b64c5c5200dfbdfef50da9ea95b568facb6adb455382fb89344720f37b2e82ca
1107,train,1,23.547981603608648,0.9999999999406746,numerical-methods-batch-4-v1,5bdca0dbcf2e61762ffe3358d42f358fb069121f4813a870c1ede95dfd240b25,b64c5c5200dfbdfef50da9ea95b568facb6adb455382fb89344720f37b2e82ca
1108,train,1,7.795926948794522,0.9995887619324755,numerical-methods-batch-4-v1,5bdca0dbcf2e61762ffe3358d42f358fb069121f4813a870c1ede95dfd240b25,b64c5c5200dfbdfef50da9ea95b568facb6adb455382fb89344720f37b2e82ca
1109,train,1,3.8761936798671055,0.979691409896508,numerical-methods-batch-4-v1,5bdca0dbcf2e61762ffe3358d42f358fb069121f4813a870c1ede95dfd240b25,b64c5c5200dfbdfef50da9ea95b568facb6adb455382fb89344720f37b2e82ca
1110,train,1,18.86661788104751,0.9999999935977599,numerical-methods-batch-4-v1,5bdca0dbcf2e61762ffe3358d42f358fb069121f4813a870c1ede95dfd240b25,b64c5c5200dfbdfef50da9ea95b568facb6adb455382fb89344720f37b2e82ca
1111,train,1,33.81844726268391,0.999999999999998,numerical-methods-batch-4-v1,5bdca0dbcf2e61762ffe3358d42f358fb069121f4813a870c1ede95dfd240b25,b64c5c5200dfbdfef50da9ea95b568facb6adb455382fb89344720f37b2e82ca
1113,train,1,34.07075564220385,0.9999999999999984,numerical-methods-batch-4-v1,5bdca0dbcf2e61762ffe3358d42f358fb069121f4813a870c1ede95dfd240b25,b64c5c5200dfbdfef50da9ea95b568facb6adb455382fb89344720f37b2e82ca
1114,train,1,34.20186508276691,0.9999999999999987,numerical-methods-batch-4-v1,5bdca0dbcf2e61762ffe3358d42f358fb069121f4813a870c1ede95dfd240b25,b64c5c5200dfbdfef50da9ea95b568facb6adb455382fb89344720f37b2e82ca
1115,train,1,28.40838402990059,0.9999999999995404,numerical-methods-batch-4-v1,5bdca0dbcf2e61762ffe3358d42f358fb069121f4813a870c1ede95dfd240b25,b64c5c5200dfbdfef50da9ea95b568facb6adb455382fb89344720f37b2e82ca
1117,train,1,21.26292410656646,0.9999999994170525,numerical-methods-batch-4-v1,5bdca0dbcf2e61762ffe3358d42f358fb069121f4813a870c1ede95dfd240b25,b64c5c5200dfbdfef50da9ea95b568facb6adb455382fb89344720f37b2e82ca
1118,train,1,27.53161683646438,0.9999999999988956,numerical-methods-batch-4-v1,5bdca0dbcf2e61762ffe3358d42f358fb069121f4813a870c1ede95dfd240b25,b64c5c5200dfbdfef50da9ea95b568facb6adb455382fb89344720f37b2e82ca
1119,train,1,21.891785160743645,0.9999999996891731,numerical-methods-batch-4-v1,5bdca0dbcf2e61762ffe3358d42f358fb069121f4813a870c1ede95dfd240b25,b64c5c5200dfbdfef50da9ea95b568facb6adb455382fb89344720f37b2e82ca
1121,train,1,2.4846265032727626,0.9230570286588431,numerical-methods-batch-4-v1,5bdca0dbcf2e61762ffe3358d42f358fb069121f4813a870c1ede95dfd240b25,b64c5c5200dfbdfef50da9ea95b568facb6adb455382fb89344720f37b2e82ca
1122,train,1,13.976948476472826,0.999999149081368,numerical-methods-batch-4-v1,5bdca0dbcf2e61762ffe3358d42f358fb069121f4813a870c1ede95dfd240b25,b64c5c5200dfbdfef50da9ea95b568facb6adb455382fb89344720f37b2e82ca
1124,train,1,7.845480528553088,0.9996086357982943,numerical-methods-batch-4-v1,5bdca0dbcf2e61762ffe3358d42f358fb069121f4813a870c1ede95dfd240b25,b64c5c5200dfbdfef50da9ea95b568facb6adb455382fb89344720f37b2e82ca
1125,train,1,4.486699295498754,0.9888675848182252,numerical-methods-batch-4-v1,5bdca0dbcf2e61762ffe3358d42f358fb069121f4813a870c1ede95dfd240b25,b64c5c5200dfbdfef50da9ea95b568facb6adb455382fb89344720f37b2e82ca
1126,train,1,0.43476576920727084,0.6070111140397465,numerical-methods-batch-4-v1,5bdca0dbcf2e61762ffe3358d42f358fb069121f4813a870c1ede95dfd240b25,b64c5c5200dfbdfef50da9ea95b568facb6adb455382fb89344720f37b2e82ca
1128,train,1,21.544410754133715,0.9999999995600724,numerical-methods-batch-4-v1,5bdca0dbcf2e61762ffe3358d42f358fb069121f4813a870c1ede95dfd240b25,b64c5c5200dfbdfef50da9ea95b568facb6adb455382fb89344720f37b2e82ca
1129,train,1,24.048539944474385,0.9999999999640374,numerical-methods-batch-4-v1,5bdca0dbcf2e61762ffe3358d42f358fb069121f4813a870c1ede95dfd240b25,b64c5c5200dfbdfef50da9ea95b568facb6adb455382fb89344720f37b2e82ca
1132,train,1,13.31772063857573,0.9999983549212188,numerical-methods-batch-4-v1,5bdca0dbcf2e61762ffe3358d42f358fb069121f4813a870c1ede95dfd240b25,b64c5c5200dfbdfef50da9ea95b568facb6adb455382fb89344720f37b2e82ca
1133,train,1,17.884454571630542,0.9999999829045688,numerical-methods-batch-4-v1,5bdca0dbcf2e61762ffe3358d42f358fb069121f4813a870c1ede95dfd240b25,b64c5c5200dfbdfef50da9ea95b568facb6adb455382fb89344720f37b2e82ca
1135,train,1,29.919053935387524,0.9999999999998985,numerical-methods-batch-4-v1,5bdca0dbcf2e61762ffe3358d42f358fb069121f4813a870c1ede95dfd240b25,b64c5c5200dfbdfef50da9ea95b568facb6adb455382fb89344720f37b2e82ca
1136,train,1,22.244731974028426,0.9999999997816085,numerical-methods-batch-4-v1,5bdca0dbcf2e61762ffe3358d42f358fb069121f4813a870c1ede95dfd240b25,b64c5c5200dfbdfef50da9ea95b568facb6adb455382fb89344720f37b2e82ca
1137,train,1,14.919096632871431,0.9999996683205891,numerical-methods-batch-4-v1,5bdca0dbcf2e61762ffe3358d42f358fb069121f4813a870c1ede95dfd240b25,b64c5c5200dfbdfef50da9ea95b568facb6adb455382fb89344720f37b2e82ca
1138,train,1,21.674192733960822,0.9999999996136173,numerical-methods-batch-4-v1,5bdca0dbcf2e61762ffe3358d42f358fb069121f4813a870c1ede95dfd240b25,b64c5c5200dfbdfef50da9ea95b568facb6adb455382fb89344720f37b2e82ca
1139,train,1,19.677437222710125,0.9999999971542444,numerical-methods-batch-4-v1,5bdca0dbcf2e61762ffe3358d42f358fb069121f4813a870c1ede95dfd240b25,b64c5c5200dfbdfef50da9ea95b568facb6adb455382fb89344720f37b2e82ca
1141,train,1,17.060400256372006,0.9999999610271386,numerical-methods-batch-4-v1,5bdca0dbcf2e61762ffe3358d42f358fb069121f4813a870c1ede95dfd240b25,b64c5c5200dfbdfef50da9ea95b568facb6adb455382fb89344720f37b2e82ca
1142,train,1,25.84249631388537,0.9999999999940195,numerical-methods-batch-4-v1,5bdca0dbcf2e61762ffe3358d42f358fb069121f4813a870c1ede95dfd240b25,b64c5c5200dfbdfef50da9ea95b568facb6adb455382fb89344720f37b2e82ca
1143,train,1,39.360857221435566,1.0,numerical-methods-batch-4-v1,5bdca0dbcf2e61762ffe3358d42f358fb069121f4813a870c1ede95dfd240b25,b64c5c5200dfbdfef50da9ea95b568facb6adb455382fb89344720f37b2e82ca
1144,train,1,26.212662667682714,0.9999999999958697,numerical-methods-batch-4-v1,5bdca0dbcf2e61762ffe3358d42f358fb069121f4813a870c1ede95dfd240b25,b64c5c5200dfbdfef50da9ea95b568facb6adb455382fb89344720f37b2e82ca
1145,train,1,17.25797487280915,0.9999999680142359,numerical-methods-batch-4-v1,5bdca0dbcf2e61762ffe3358d42f358fb069121f4813a870c1ede95dfd240b25,b64c5c5200dfbdfef50da9ea95b568facb6adb455382fb89344720f37b2e82ca
1146,train,1,20.714788914576744,0.999999998991487,numerical-methods-batch-4-v1,5bdca0dbcf2e61762ffe3358d42f358fb069121f4813a870c1ede95dfd240b25,b64c5c5200dfbdfef50da9ea95b568facb6adb455382fb89344720f37b2e82ca
1147,train,1,29.721053911664157,0.9999999999998763,numerical-methods-batch-4-v1,5bdca0dbcf2e61762ffe3358d42f358fb069121f4813a870c1ede95dfd240b25,b64c5c5200dfbdfef50da9ea95b568facb6adb455382fb89344720f37b2e82ca
1148,train,1,25.64897378069248,0.9999999999927425,numerical-methods-batch-4-v1,5bdca0dbcf2e61762ffe3358d42f358fb069121f4813a870c1ede95dfd240b25,b64c5c5200dfbdfef50da9ea95b568facb6adb455382fb89344720f37b2e82ca
1149,train,1,18.622052505813215,0.9999999918239159,numerical-methods-batch-4-v1,5bdca0dbcf2e61762ffe3358d42f358fb069121f4813a870c1ede95dfd240b25,b64c5c5200dfbdfef50da9ea95b568facb6adb455382fb89344720f37b2e82ca
1152,train,1,24.284940595573865,0.9999999999716087,numerical-methods-batch-4-v1,5bdca0dbcf2e61762ffe3358d42f358fb069121f4813a870c1ede95dfd240b25,b64c5c5200dfbdfef50da9ea95b568facb6adb455382fb89344720f37b2e82ca
1153,train,1,28.335753525206364,0.9999999999995057,numerical-methods-batch-4-v1,5bdca0dbcf2e61762ffe3358d42f358fb069121f4813a870c1ede95dfd240b25,b64c5c5200dfbdfef50da9ea95b568facb6adb455382fb89344720f37b2e82ca
1156,train,1,10.421505242174964,0.9999702158750662,numerical-methods-batch-4-v1,5bdca0dbcf2e61762ffe3358d42f358fb069121f4813a870c1ede95dfd240b25,b64c5c5200dfbdfef50da9ea95b568facb6adb455382fb89344720f37b2e82ca
1157,train,1,14.485508918213577,0.9999994882908451,numerical-methods-batch-4-v1,5bdca0dbcf2e61762ffe3358d42f358fb069121f4813a870c1ede95dfd240b25,b64c5c5200dfbdfef50da9ea95b568facb6adb455382fb89344720f37b2e82ca
1160,train,1,26.223606919756698,0.9999999999959146,numerical-methods-batch-4-v1,5bdca0dbcf2e61762ffe3358d42f358fb069121f4813a870c1ede95dfd240b25,b64c5c5200dfbdfef50da9ea95b568facb6adb455382fb89344720f37b2e82ca
1161,train,1,29.02274298578112,0.9999999999997513,numerical-methods-batch-4-v1,5bdca0dbcf2e61762ffe3358d42f358fb069121f4813a870c1ede95dfd240b25,b64c5c5200dfbdfef50da9ea95b568facb6adb455382fb89344720f37b2e82ca
1162,train,1,13.65184465186111,0.9999988221806405,numerical-methods-batch-4-v1,5bdca0dbcf2e61762ffe3358d42f358fb069121f4813a870c1ede95dfd240b25,b64c5c5200dfbdfef50da9ea95b568facb6adb455382fb89344720f37b2e82ca
1163,train,1,4.06070726894596,0.9830552499370412,numerical-methods-batch-4-v1,5bdca0dbcf2e61762ffe3358d42f358fb069121f4813a870c1ede95dfd240b25,b64c5c5200dfbdfef50da9ea95b568facb6adb455382fb89344720f37b2e82ca
1164,train,1,14.730854833582717,0.9999995996213986,numerical-methods-batch-4-v1,5bdca0dbcf2e61762ffe3358d42f358fb069121f4813a870c1ede95dfd240b25,b64c5c5200dfbdfef50da9ea95b568facb6adb455382fb89344720f37b2e82ca
1166,train,1,32.515821642424314,0.9999999999999925,numerical-methods-batch-4-v1,5bdca0dbcf2e61762ffe3358d42f358fb069121f4813a870c1ede95dfd240b25,b64c5c5200dfbdfef50da9ea95b568facb6adb455382fb89344720f37b2e82ca
1170,train,1,9.170734932184233,0.9998959708039313,numerical-methods-batch-4-v1,5bdca0dbcf2e61762ffe3358d42f358fb069121f4813a870c1ede95dfd240b25,b64c5c5200dfbdfef50da9ea95b568facb6adb455382fb89344720f37b2e82ca
1171,train,1,20.93521481273772,0.999999999190994,numerical-methods-batch-4-v1,5bdca0dbcf2e61762ffe3358d42f358fb069121f4813a870c1ede95dfd240b25,b64c5c5200dfbdfef50da9ea95b568facb6adb455382fb89344720f37b2e82ca
1172,train,1,35.44791150796423,0.9999999999999996,numerical-methods-batch-4-v1,5bdca0dbcf2e61762ffe3358d42f358fb069121f4813a870c1ede95dfd240b25,b64c5c5200dfbdfef50da9ea95b568facb6adb455382fb89344720f37b2e82ca
1173,train,1,35.13789501632724,0.9999999999999996,numerical-methods-batch-4-v1,5bdca0dbcf2e61762ffe3358d42f358fb069121f4813a870c1ede95dfd240b25,b64c5c5200dfbdfef50da9ea95b568facb6adb455382fb89344720f37b2e82ca
1174,train,1,36.0665390558517,0.9999999999999998,numerical-methods-batch-4-v1,5bdca0dbcf2e61762ffe3358d42f358fb069121f4813a870c1ede95dfd240b25,b64c5c5200dfbdfef50da9ea95b568facb6adb455382fb89344720f37b2e82ca
1176,train,1,33.89569442796229,0.999999999999998,numerical-methods-batch-4-v1,5bdca0dbcf2e61762ffe3358d42f358fb069121f4813a870c1ede95dfd240b25,b64c5c5200dfbdfef50da9ea95b568facb6adb455382fb89344720f37b2e82ca
1177,train,1,22.833785510713085,0.9999999998788249,numerical-methods-batch-4-v1,5bdca0dbcf2e61762ffe3358d42f358fb069121f4813a870c1ede95dfd240b25,b64c5c5200dfbdfef50da9ea95b568facb6adb455382fb89344720f37b2e82ca
1178,train,1,25.057240694063474,0.9999999999868847,numerical-methods-batch-4-v1,5bdca0dbcf2e61762ffe3358d42f358fb069121f4813a870c1ede95dfd240b25,b64c5c5200dfbdfef50da9ea95b568facb6adb455382fb89344720f37b2e82ca
1179,train,1,29.5966288098859,0.9999999999998599,numerical-methods-batch-4-v1,5bdca0dbcf2e61762ffe3358d42f358fb069121f4813a870c1ede95dfd240b25,b64c5c5200dfbdfef50da9ea95b568facb6adb455382fb89344720f37b2e82ca
1181,train,1,19.100320449876797,0.9999999949320044,numerical-methods-batch-4-v1,5bdca0dbcf2e61762ffe3358d42f358fb069121f4813a870c1ede95dfd240b25,b64c5c5200dfbdfef50da9ea95b568facb6adb455382fb89344720f37b2e82ca
1184,train,1,27.628329626590812,0.9999999999989972,numerical-methods-batch-4-v1,5bdca0dbcf2e61762ffe3358d42f358fb069121f4813a870c1ede95dfd240b25,b64c5c5200dfbdfef50da9ea95b568facb6adb455382fb89344720f37b2e82ca
1185,train,1,18.95213573139128,0.9999999941225082,numerical-methods-batch-4-v1,5bdca0dbcf2e61762ffe3358d42f358fb069121f4813a870c1ede95dfd240b25,b64c5c5200dfbdfef50da9ea95b568facb6adb455382fb89344720f37b2e82ca
1188,train,1,10.664963158421452,0.9999766517029267,numerical-methods-batch-4-v1,5bdca0dbcf2e61762ffe3358d42f358fb069121f4813a870c1ede95dfd240b25,b64c5c5200dfbdfef50da9ea95b568facb6adb455382fb89344720f37b2e82ca
1189,train,1,26.229258297481408,0.9999999999959377,numerical-methods-batch-4-v1,5bdca0dbcf2e61762ffe3358d42f358fb069121f4813a870c1ede95dfd240b25,b64c5c5200dfbdfef50da9ea95b568facb6adb455382fb89344720f37b2e82ca
1190,train,1,27.510548668729236,0.999999999998872,numerical-methods-batch-4-v1,5bdca0dbcf2e61762ffe3358d42f358fb069121f4813a870c1ede95dfd240b25,b64c5c5200dfbdfef50da9ea95b568facb6adb455382fb89344720f37b2e82ca
1192,train,1,21.36618631219644,0.9999999994742452,numerical-methods-batch-4-v1,5bdca0dbcf2e61762ffe3358d42f358fb069121f4813a870c1ede95dfd240b25,b64c5c5200dfbdfef50da9ea95b568facb6adb455382fb89344720f37b2e82ca
1193,train,1,18.004771231537262,0.9999999848425132,numerical-methods-batch-4-v1,5bdca0dbcf2e61762ffe3358d42f358fb069121f4813a870c1ede95dfd240b25,b64c5c5200dfbdfef50da9ea95b568facb6adb455382fb89344720f37b2e82ca
1198,train,1,18.50593889348599,0.999999990817248,numerical-methods-batch-4-v1,5bdca0dbcf2e61762ffe3358d42f358fb069121f4813a870c1ede95dfd240b25,b64c5c5200dfbdfef50da9ea95b568facb6adb455382fb89344720f37b2e82ca
1200,train,1,23.93074504570084,0.9999999999595415,numerical-methods-batch-4-v1,5bdca0dbcf2e61762ffe3358d42f358fb069121f4813a870c1ede95dfd240b25,b64c5c5200dfbdfef50da9ea95b568facb6adb455382fb89344720f37b2e82ca
1203,train,1,27.154261206855217,0.9999999999983891,numerical-methods-batch-4-v1,5bdca0dbcf2e61762ffe3358d42f358fb069121f4813a870c1ede95dfd240b25,b64c5c5200dfbdfef50da9ea95b568facb6adb455382fb89344720f37b2e82ca
1206,train,1,20.682063467637278,0.9999999989579371,numerical-methods-batch-4-v1,5bdca0dbcf2e61762ffe3358d42f358fb069121f4813a870c1ede95dfd240b25,b64c5c5200dfbdfef50da9ea95b568facb6adb455382fb89344720f37b2e82ca
1207,train,1,23.005003642358652,0.9999999998978935,numerical-methods-batch-4-v1,5bdca0dbcf2e61762ffe3358d42f358fb069121f4813a870c1ede95dfd240b25,b64c5c5200dfbdfef50da9ea95b568facb6adb455382fb89344720f37b2e82ca
1209,train,1,29.39564758997318,0.9999999999998288,numerical-methods-batch-4-v1,5bdca0dbcf2e61762ffe3358d42f358fb069121f4813a870c1ede95dfd240b25,b64c5c5200dfbdfef50da9ea95b568facb6adb455382fb89344720f37b2e82ca
1210,train,1,21.975847853371143,0.9999999997142339,numerical-methods-batch-4-v1,5bdca0dbcf2e61762ffe3358d42f358fb069121f4813a870c1ede95dfd240b25,b64c5c5200dfbdfef50da9ea95b568facb6adb455382fb89344720f37b2e82ca
1211,train,1,23.299578143450773,0.999999999923946,numerical-methods-batch-4-v1,5bdca0dbcf2e61762ffe3358d42f358fb069121f4813a870c1ede95dfd240b25,b64c5c5200dfbdfef50da9ea95b568facb6adb455382fb89344720f37b2e82ca
1213,train,1,27.386888593401515,0.9999999999987235,numerical-methods-batch-4-v1,5bdca0dbcf2e61762ffe3358d42f358fb069121f4813a870c1ede95dfd240b25,b64c5c5200dfbdfef50da9ea95b568facb6adb455382fb89344720f37b2e82ca
1215,train,1,36.18073151961566,0.9999999999999998,numerical-methods-batch-4-v1,5bdca0dbcf2e61762ffe3358d42f358fb069121f4813a870c1ede95dfd240b25,b64c5c5200dfbdfef50da9ea95b568facb6adb455382fb89344720f37b2e82ca
1216,train,1,25.462434910235814,0.9999999999912541,numerical-methods-batch-4-v1,5bdca0dbcf2e61762ffe3358d42f358fb069121f4813a870c1ede95dfd240b25,b64c5c5200dfbdfef50da9ea95b568facb6adb455382fb89344720f37b2e82ca
1217,train,1,13.370759005999071,0.9999984398998906,numerical-methods-batch-4-v1,5bdca0dbcf2e61762ffe3358d42f358fb069121f4813a870c1ede95dfd240b25,b64c5c5200dfbdfef50da9ea95b568facb6adb455382fb89344720f37b2e82ca
1218,train,1,16.570475071784045,0.9999999363887271,numerical-methods-batch-4-v1,5bdca0dbcf2e61762ffe3358d42f358fb069121f4813a870c1ede95dfd240b25,b64c5c5200dfbdfef50da9ea95b568facb6adb455382fb89344720f37b2e82ca
1219,train,1,30.30195539358516,0.9999999999999307,numerical-methods-batch-4-v1,5bdca0dbcf2e61762ffe3358d42f358fb069121f4813a870c1ede95dfd240b25,b64c5c5200dfbdfef50da9ea95b568facb6adb455382fb89344720f37b2e82ca
1220,train,1,28.993792076051783,0.999999999999744,numerical-methods-batch-4-v1,5bdca0dbcf2e61762ffe3358d42f358fb069121f4813a870c1ede95dfd240b25,b64c5c5200dfbdfef50da9ea95b568facb6adb455382fb89344720f37b2e82ca
1221,train,1,28.474287928968756,0.9999999999995697,numerical-methods-batch-4-v1,5bdca0dbcf2e61762ffe3358d42f358fb069121f4813a870c1ede95dfd240b25,b64c5c5200dfbdfef50da9ea95b568facb6adb455382fb89344720f37b2e82ca
1223,train,1,17.598394109316487,0.9999999772430247,numerical-methods-batch-4-v1,5bdca0dbcf2e61762ffe3358d42f358fb069121f4813a870c1ede95dfd240b25,b64c5c5200dfbdfef50da9ea95b568facb6adb455382fb89344720f37b2e82ca
1227,train,1,34.120395064070735,0.9999999999999984,numerical-methods-batch-4-v1,5bdca0dbcf2e61762ffe3358d42f358fb069121f4813a870c1ede95dfd240b25,b64c5c5200dfbdfef50da9ea95b568facb6adb455382fb89344720f37b2e82ca
1229,train,1,35.07314149039169,0.9999999999999993,numerical-methods-batch-4-v1,5bdca0dbcf2e61762ffe3358d42f358fb069121f4813a870c1ede95dfd240b25,b64c5c5200dfbdfef50da9ea95b568facb6adb455382fb89344720f37b2e82ca
1231,train,1,12.458951802309288,0.9999961172064844,numerical-methods-batch-4-v1,5bdca0dbcf2e61762ffe3358d42f358fb069121f4813a870c1ede95dfd240b25,b64c5c5200dfbdfef50da9ea95b568facb6adb455382fb89344720f37b2e82ca
1233,train,1,38.777368599734054,1.0,numerical-methods-batch-4-v1,5bdca0dbcf2e61762ffe3358d42f358fb069121f4813a870c1ede95dfd240b25,b64c5c5200dfbdfef50da9ea95b568facb6adb455382fb89344720f37b2e82ca
1235,train,1,37.5273795078025,1.0,numerical-methods-batch-4-v1,5bdca0dbcf2e61762ffe3358d42f358fb069121f4813a870c1ede95dfd240b25,b64c5c5200dfbdfef50da9ea95b568facb6adb455382fb89344720f37b2e82ca
1236,train,1,40.79508356023781,1.0,numerical-methods-batch-4-v1,5bdca0dbcf2e61762ffe3358d42f358fb069121f4813a870c1ede95dfd240b25,b64c5c5200dfbdfef50da9ea95b568facb6adb455382fb89344720f37b2e82ca
1237,train,1,37.66392000506957,1.0,numerical-methods-batch-4-v1,5bdca0dbcf2e61762ffe3358d42f358fb069121f4813a870c1ede95dfd240b25,b64c5c5200dfbdfef50da9ea95b568facb6adb455382fb89344720f37b2e82ca
1241,train,1,36.48640715316984,0.9999999999999998,numerical-methods-batch-4-v1,5bdca0dbcf2e61762ffe3358d42f358fb069121f4813a870c1ede95dfd240b25,b64c5c5200dfbdfef50da9ea95b568facb6adb455382fb89344720f37b2e82ca
1242,train,1,19.67498583257926,0.9999999971472597,numerical-methods-batch-4-v1,5bdca0dbcf2e61762ffe3358d42f358fb069121f4813a870c1ede95dfd240b25,b64c5c5200dfbdfef50da9ea95b568facb6adb455382fb89344720f37b2e82ca
1243,train,1,10.574845592777406,0.999974449946392,numerical-methods-batch-4-v1,5bdca0dbcf2e61762ffe3358d42f358fb069121f4813a870c1ede95dfd240b25,b64c5c5200dfbdfef50da9ea95b568facb6adb455382fb89344720f37b2e82ca
1246,train,1,21.647432657172295,0.9999999996031381,numerical-methods-batch-4-v1,5bdca0dbcf2e61762ffe3358d42f358fb069121f4813a870c1ede95dfd240b25,b64c5c5200dfbdfef50da9ea95b568facb6adb455382fb89344720f37b2e82ca
1247,train,1,15.617140311258895,0.999999834970316,numerical-methods-batch-4-v1,5bdca0dbcf2e61762ffe3358d42f358fb069121f4813a870c1ede95dfd240b25,b64c5c5200dfbdfef50da9ea95b568facb6adb455382fb89344720f37b2e82ca
1248,train,1,10.024202385997457,0.9999556876305301,numerical-methods-batch-4-v1,5bdca0dbcf2e61762ffe3358d42f358fb069121f4813a870c1ede95dfd240b25,b64c5c5200dfbdfef50da9ea95b568facb6adb455382fb89344720f37b2e82ca
1250,train,1,31.39508025628364,0.9999999999999769,numerical-methods-batch-4-v1,5bdca0dbcf2e61762ffe3358d42f358fb069121f4813a870c1ede95dfd240b25,b64c5c5200dfbdfef50da9ea95b568facb6adb455382fb89344720f37b2e82ca
1251,train,1,26.92284731224965,0.9999999999979696,numerical-methods-batch-4-v1,5bdca0dbcf2e61762ffe3358d42f358fb069121f4813a870c1ede95dfd240b25,b64c5c5200dfbdfef50da9ea95b568facb6adb455382fb89344720f37b2e82ca
1252,train,1,17.626745896470332,0.9999999778791651,numerical-methods-batch-4-v1,5bdca0dbcf2e61762ffe3358d42f358fb069121f4813a870c1ede95dfd240b25,b64c5c5200dfbdfef50da9ea95b568facb6adb455382fb89344720f37b2e82ca
1253,train,1,22.643522385720495,0.9999999998534306,numerical-methods-batch-4-v1,5bdca0dbcf2e61762ffe3358d42f358fb069121f4813a870c1ede95dfd240b25,b64c5c5200dfbdfef50da9ea95b568facb6adb455382fb89344720f37b2e82ca
1254,train,1,19.126084854671745,0.9999999950609106,numerical-methods-batch-4-v1,5bdca0dbcf2e61762ffe3358d42f358fb069121f4813a870c1ede95dfd240b25,b64c5c5200dfbdfef50da9ea95b568facb6adb455382fb89344720f37b2e82ca
1255,train,1,24.74048119063108,0.9999999999819971,numerical-methods-batch-4-v1,5bdca0dbcf2e61762ffe3358d42f358fb069121f4813a870c1ede95dfd240b25,b64c5c5200dfbdfef50da9ea95b568facb6adb455382fb89344720f37b2e82ca
1257,train,1,33.783222766945016,0.9999999999999978,numerical-methods-batch-4-v1,5bdca0dbcf2e61762ffe3358d42f358fb069121f4813a870c1ede95dfd240b25,b64c5c5200dfbdfef50da9ea95b568facb6adb455382fb89344720f37b2e82ca
1258,train,1,24.622744080493327,0.9999999999797475,numerical-methods-batch-4-v1,5bdca0dbcf2e61762ffe3358d42f358fb069121f4813a870c1ede95dfd240b25,b64c5c5200dfbdfef50da9ea95b568facb6adb455382fb89344720f37b2e82ca
1259,train,1,16.255147294226546,0.9999999128074879,numerical-methods-batch-4-v1,5bdca0dbcf2e61762ffe3358d42f358fb069121f4813a870c1ede95dfd240b25,b64c5c5200dfbdfef50da9ea95b568facb6adb455382fb89344720f37b2e82ca
1260,train,1,23.751231925415965,0.9999999999515861,numerical-methods-batch-4-v1,5bdca0dbcf2e61762ffe3358d42f358fb069121f4813a870c1ede95dfd240b25,b64c5c5200dfbdfef50da9ea95b568facb6adb455382fb89344720f37b2e82ca
1261,train,1,24.509860464092633,0.9999999999773272,numerical-methods-batch-4-v1,5bdca0dbcf2e61762ffe3358d42f358fb069121f4813a870c1ede95dfd240b25,b64c5c5200dfbdfef50da9ea95b568facb6adb455382fb89344720f37b2e82ca
1262,train,1,23.976345097878173,0.9999999999613449,numerical-methods-batch-4-v1,5bdca0dbcf2e61762ffe3358d42f358fb069121f4813a870c1ede95dfd240b25,b64c5c5200dfbdfef50da9ea95b568facb6adb455382fb89344720f37b2e82ca
1264,train,1,28.013037576349276,0.9999999999993174,numerical-methods-batch-4-v1,5bdca0dbcf2e61762ffe3358d42f358fb069121f4813a870c1ede95dfd240b25,b64c5c5200dfbdfef50da9ea95b568facb6adb455382fb89344720f37b2e82ca
1265,train,1,41.34078636444367,1.0,numerical-methods-batch-4-v1,5bdca0dbcf2e61762ffe3358d42f358fb069121f4813a870c1ede95dfd240b25,b64c5c5200dfbdfef50da9ea95b568facb6adb455382fb89344720f37b2e82ca
1266,train,1,26.73487566207612,0.99999999999755,numerical-methods-batch-4-v1,5bdca0dbcf2e61762ffe3358d42f358fb069121f4813a870c1ede95dfd240b25,b64c5c5200dfbdfef50da9ea95b568facb6adb455382fb89344720f37b2e82ca
1268,train,1,23.127648188264246,0.9999999999096787,numerical-methods-batch-4-v1,5bdca0dbcf2e61762ffe3358d42f358fb069121f4813a870c1ede95dfd240b25,b64c5c5200dfbdfef50da9ea95b568facb6adb455382fb89344720f37b2e82ca
1269,train,1,31.11317904057774,0.9999999999999694,numerical-methods-batch-4-v1,5bdca0dbcf2e61762ffe3358d42f358fb069121f4813a870c1ede95dfd240b25,b64c5c5200dfbdfef50da9ea95b568facb6adb455382fb89344720f37b2e82ca
1271,train,1,22.200585782837265,0.9999999997717515,numerical-methods-batch-4-v1,5bdca0dbcf2e61762ffe3358d42f358fb069121f4813a870c1ede95dfd240b25,b64c5c5200dfbdfef50da9ea95b568facb6adb455382fb89344720f37b2e82ca
1273,train,1,33.26600681792643,0.9999999999999964,numerical-methods-batch-4-v1,5bdca0dbcf2e61762ffe3358d42f358fb069121f4813a870c1ede95dfd240b25,b64c5c5200dfbdfef50da9ea95b568facb6adb455382fb89344720f37b2e82ca
1274,train,1,25.50878018221163,0.9999999999916502,numerical-methods-batch-4-v1,5bdca0dbcf2e61762ffe3358d42f358fb069121f4813a870c1ede95dfd240b25,b64c5c5200dfbdfef50da9ea95b568facb6adb455382fb89344720f37b2e82ca
1276,train,1,37.07054164412012,1.0,numerical-methods-batch-4-v1,5bdca0dbcf2e61762ffe3358d42f358fb069121f4813a870c1ede95dfd240b25,b64c5c5200dfbdfef50da9ea95b568facb6adb455382fb89344720f37b2e82ca
1277,train,1,27.746553220525648,0.9999999999991092,numerical-methods-batch-4-v1,5bdca0dbcf2e61762ffe3358d42f358fb069121f4813a870c1ede95dfd240b25,b64c5c5200dfbdfef50da9ea95b568facb6adb455382fb89344720f37b2e82ca
1280,train,1,28.507669349084964,0.9999999999995839,numerical-methods-batch-4-v1,5bdca0dbcf2e61762ffe3358d42f358fb069121f4813a870c1ede95dfd240b25,b64c5c5200dfbdfef50da9ea95b568facb6adb455382fb89344720f37b2e82ca
1281,train,1,25.11731327724233,0.9999999999876494,numerical-methods-batch-4-v1,5bdca0dbcf2e61762ffe3358d42f358fb069121f4813a870c1ede95dfd240b25,b64c5c5200dfbdfef50da9ea95b568facb6adb455382fb89344720f37b2e82ca
1282,train,1,28.440096534278858,0.9999999999995548,numerical-methods-batch-4-v1,5bdca0dbcf2e61762ffe3358d42f358fb069121f4813a870c1ede95dfd240b25,b64c5c5200dfbdfef50da9ea95b568facb6adb455382fb89344720f37b2e82ca
1284,train,1,18.897291597932757,0.999999993791159,numerical-methods-batch-4-v1,5bdca0dbcf2e61762ffe3358d42f358fb069121f4813a870c1ede95dfd240b25,b64c5c5200dfbdfef50da9ea95b568facb6adb455382fb89344720f37b2e82ca
1285,train,1,9.09614559290719,0.9998879155198189,numerical-methods-batch-4-v1,5bdca0dbcf2e61762ffe3358d42f358fb069121f4813a870c1ede95dfd240b25,b64c5c5200dfbdfef50da9ea95b568facb6adb455382fb89344720f37b2e82ca
1286,train,1,18.184408091249594,0.9999999873348043,numerical-methods-batch-4-v1,5bdca0dbcf2e61762ffe3358d42f358fb069121f4813a870c1ede95dfd240b25,b64c5c5200dfbdfef50da9ea95b568facb6adb455382fb89344720f37b2e82ca
1288,train,1,33.83216915630418,0.999999999999998,numerical-methods-batch-4-v1,5bdca0dbcf2e61762ffe3358d42f358fb069121f4813a870c1ede95dfd240b25,b64c5c5200dfbdfef50da9ea95b568facb6adb455382fb89344720f37b2e82ca
1293,train,1,24.221489493204466,0.9999999999697489,numerical-methods-batch-4-v1,5bdca0dbcf2e61762ffe3358d42f358fb069121f4813a870c1ede95dfd240b25,b64c5c5200dfbdfef50da9ea95b568facb6adb455382fb89344720f37b2e82ca
1295,train,1,34.69937778773903,0.9999999999999991,numerical-methods-batch-4-v1,5bdca0dbcf2e61762ffe3358d42f358fb069121f4813a870c1ede95dfd240b25,b64c5c5200dfbdfef50da9ea95b568facb6adb455382fb89344720f37b2e82ca
1296,train,1,37.31998128521218,1.0,numerical-methods-batch-4-v1,5bdca0dbcf2e61762ffe3358d42f358fb069121f4813a870c1ede95dfd240b25,b64c5c5200dfbdfef50da9ea95b568facb6adb455382fb89344720f37b2e82ca
1297,train,1,41.420155674797726,1.0,numerical-methods-batch-4-v1,5bdca0dbcf2e61762ffe3358d42f358fb069121f4813a870c1ede95dfd240b25,b64c5c5200dfbdfef50da9ea95b568facb6adb455382fb89344720f37b2e82ca
1298,train,1,39.25044508924874,1.0,numerical-methods-batch-4-v1,5bdca0dbcf2e61762ffe3358d42f358fb069121f4813a870c1ede95dfd240b25,b64c5c5200dfbdfef50da9ea95b568facb6adb455382fb89344720f37b2e82ca
1299,train,1,27.382813290164783,0.9999999999987184,numerical-methods-batch-4-v1,5bdca0dbcf2e61762ffe3358d42f358fb069121f4813a870c1ede95dfd240b25,b64c5c5200dfbdfef50da9ea95b568facb6adb455382fb89344720f37b2e82ca
1301,train,1,32.60462178571345,0.9999999999999931,numerical-methods-batch-4-v1,5bdca0dbcf2e61762ffe3358d42f358fb069121f4813a870c1ede95dfd240b25,b64c5c5200dfbdfef50da9ea95b568facb6adb455382fb89344720f37b2e82ca
1302,train,1,39.786083533624264,1.0,numerical-methods-batch-4-v1,5bdca0dbcf2e61762ffe3358d42f358fb069121f4813a870c1ede95dfd240b25,b64c5c5200dfbdfef50da9ea95b568facb6adb455382fb89344720f37b2e82ca
1305,train,1,22.287157314300536,0.9999999997906801,numerical-methods-batch-4-v1,5bdca0dbcf2e61762ffe3358d42f358fb069121f4813a870c1ede95dfd240b25,b64c5c5200dfbdfef50da9ea95b568facb6adb455382fb89344720f37b2e82ca
1307,train,1,23.986222382146984,0.9999999999617248,numerical-methods-batch-4-v1,5bdca0dbcf2e61762ffe3358d42f358fb069121f4813a870c1ede95dfd240b25,b64c5c5200dfbdfef50da9ea95b568facb6adb455382fb89344720f37b2e82ca
1309,train,1,12.74012531869552,0.9999970688867251,numerical-methods-batch-4-v1,5bdca0dbcf2e61762ffe3358d42f358fb069121f4813a870c1ede95dfd240b25,b64c5c5200dfbdfef50da9ea95b568facb6adb455382fb89344720f37b2e82ca
1310,train,1,16.13265373083926,0.999999901445272,numerical-methods-batch-4-v1,5bdca0dbcf2e61762ffe3358d42f358fb069121f4813a870c1ede95dfd240b25,b64c5c5200dfbdfef50da9ea95b568facb6adb455382fb89344720f37b2e82ca
1311,train,1,29.347276709608416,0.9999999999998204,numerical-methods-batch-4-v1,5bdca0dbcf2e61762ffe3358d42f358fb069121f4813a870c1ede95dfd240b25,b64c5c5200dfbdfef50da9ea95b568facb6adb455382fb89344720f37b2e82ca
1312,train,1,13.781942599109717,0.9999989658633494,numerical-methods-batch-4-v1,5bdca0dbcf2e61762ffe3358d42f358fb069121f4813a870c1ede95dfd240b25,b64c5c5200dfbdfef50da9ea95b568facb6adb455382fb89344720f37b2e82ca
1313,train,1,4.280608160076737,0.9863545287163337,numerical-methods-batch-4-v1,5bdca0dbcf2e61762ffe3358d42f358fb069121f4813a870c1ede95dfd240b25,b64c5c5200dfbdfef50da9ea95b568facb6adb455382fb89344720f37b2e82ca
1314,train,1,10.020101710243486,0.9999555055548947,numerical-methods-batch-4-v1,5bdca0dbcf2e61762ffe3358d42f358fb069121f4813a870c1ede95dfd240b25,b64c5c5200dfbdfef50da9ea95b568facb6adb455382fb89344720f37b2e82ca
1318,train,1,25.38373719069734,0.999999999990538,numerical-methods-batch-4-v1,5bdca0dbcf2e61762ffe3358d42f358fb069121f4813a870c1ede95dfd240b25,b64c5c5200dfbdfef50da9ea95b568facb6adb455382fb89344720f37b2e82ca
1319,train,1,12.331924116357856,0.9999955912904267,numerical-methods-batch-4-v1,5bdca0dbcf2e61762ffe3358d42f358fb069121f4813a870c1ede95dfd240b25,b64c5c5200dfbdfef50da9ea95b568facb6adb455382fb89344720f37b2e82ca
1320,train,1,4.3931261163130575,0.9877889299078711,numerical-methods-batch-4-v1,5bdca0dbcf2e61762ffe3358d42f358fb069121f4813a870c1ede95dfd240b25,b64c5c5200dfbdfef50da9ea95b568facb6adb455382fb89344720f37b2e82ca
1321,train,1,13.058096652139296,0.9999978672509677,numerical-methods-batch-4-v1,5bdca0dbcf2e61762ffe3358d42f358fb069121f4813a870c1ede95dfd240b25,b64c5c5200dfbdfef50da9ea95b568facb6adb455382fb89344720f37b2e82ca
1322,train,1,14.93171645055572,0.9999996724800206,numerical-methods-batch-4-v1,5bdca0dbcf2e61762ffe3358d42f358fb069121f4813a870c1ede95dfd240b25,b64c5c5200dfbdfef50da9ea95b568facb6adb455382fb89344720f37b2e82ca
1323,train,1,15.377129857122254,0.9999997902039706,numerical-methods-batch-4-v1,5bdca0dbcf2e61762ffe3358d42f358fb069121f4813a870c1ede95dfd240b25,b64c5c5200dfbdfef50da9ea95b568facb6adb455382fb89344720f37b2e82ca
1324,train,1,11.41948261202,0.9999890206419768,numerical-methods-batch-4-v1,5bdca0dbcf2e61762ffe3358d42f358fb069121f4813a870c1ede95dfd240b25,b64c5c5200dfbdfef50da9ea95b568facb6adb455382fb89344720f37b2e82ca
1326,train,1,30.29238842421823,0.9999999999999301,numerical-methods-batch-4-v1,5bdca0dbcf2e61762ffe3358d42f358fb069121f4813a870c1ede95dfd240b25,b64c5c5200dfbdfef50da9ea95b568facb6adb455382fb89344720f37b2e82ca
1328,train,1,6.838421234901277,0.9989293533370007,numerical-methods-batch-4-v1,5bdca0dbcf2e61762ffe3358d42f358fb069121f4813a870c1ede95dfd240b25,b64c5c5200dfbdfef50da9ea95b568facb6adb455382fb89344720f37b2e82ca
1329,train,1,11.117667010894019,0.9999851525415939,numerical-methods-batch-4-v1,5bdca0dbcf2e61762ffe3358d42f358fb069121f4813a870c1ede95dfd240b25,b64c5c5200dfbdfef50da9ea95b568facb6adb455382fb89344720f37b2e82ca
1331,train,1,18.524874114550585,0.9999999909894898,numerical-methods-batch-4-v1,5bdca0dbcf2e61762ffe3358d42f358fb069121f4813a870c1ede95dfd240b25,b64c5c5200dfbdfef50da9ea95b568facb6adb455382fb89344720f37b2e82ca
1332,train,1,12.630792510793624,0.9999967302459193,numerical-methods-batch-4-v1,5bdca0dbcf2e61762ffe3358d42f358fb069121f4813a870c1ede95dfd240b25,b64c5c5200dfbdfef50da9ea95b568facb6adb455382fb89344720f37b2e82ca
1333,train,1,14.538386136718673,0.9999995146456635,numerical-methods-batch-4-v1,5bdca0dbcf2e61762ffe3358d42f358fb069121f4813a870c1ede95dfd240b25,b64c5c5200dfbdfef50da9ea95b568facb6adb455382fb89344720f37b2e82ca
1335,train,1,13.965738478531785,0.9999991394889147,numerical-methods-batch-4-v1,5bdca0dbcf2e61762ffe3358d42f358fb069121f4813a870c1ede95dfd240b25,b64c5c5200dfbdfef50da9ea95b568facb6adb455382fb89344720f37b2e82ca
1337,train,1,24.467063730836784,0.999999999976336,numerical-methods-batch-4-v1,5bdca0dbcf2e61762ffe3358d42f358fb069121f4813a870c1ede95dfd240b25,b64c5c5200dfbdfef50da9ea95b568facb6adb455382fb89344720f37b2e82ca
1340,train,1,8.360974968208078,0.999766238398078,numerical-methods-batch-4-v1,5bdca0dbcf2e61762ffe3358d42f358fb069121f4813a870c1ede95dfd240b25,b64c5c5200dfbdfef50da9ea95b568facb6adb455382fb89344720f37b2e82ca
1342,train,1,14.698392449754854,0.999999586410898,numerical-methods-batch-4-v1,5bdca0dbcf2e61762ffe3358d42f358fb069121f4813a870c1ede95dfd240b25,b64c5c5200dfbdfef50da9ea95b568facb6adb455382fb89344720f37b2e82ca
1344,train,1,21.22693276887472,0.9999999993956894,numerical-methods-batch-4-v1,5bdca0dbcf2e61762ffe3358d42f358fb069121f4813a870c1ede95dfd240b25,b64c5c5200dfbdfef50da9ea95b568facb6adb455382fb89344720f37b2e82ca
1345,train,1,6.939899496099644,0.9990325699103703,numerical-methods-batch-4-v1,5bdca0dbcf2e61762ffe3358d42f358fb069121f4813a870c1ede95dfd240b25,b64c5c5200dfbdfef50da9ea95b568facb6adb455382fb89344720f37b2e82ca
1346,train,1,-1.5496086457045823,0.17514279906999308,numerical-methods-batch-4-v1,5bdca0dbcf2e61762ffe3358d42f358fb069121f4813a870c1ede95dfd240b25,b64c5c5200dfbdfef50da9ea95b568facb6adb455382fb89344720f37b2e82ca
1347,train,1,9.025629973765652,0.9998797274635864,numerical-methods-batch-4-v1,5bdca0dbcf2e61762ffe3358d42f358fb069121f4813a870c1ede95dfd240b25,b64c5c5200dfbdfef50da9ea95b568facb6adb455382fb89344720f37b2e82ca
1348,train,1,22.82811562542623,0.9999999998781359,numerical-methods-batch-4-v1,5bdca0dbcf2e61762ffe3358d42f358fb069121f4813a870c1ede95dfd240b25,b64c5c5200dfbdfef50da9ea95b568facb6adb455382fb89344720f37b2e82ca
1350,train,1,25.852588070604554,0.9999999999940794,numerical-methods-batch-4-v1,5bdca0dbcf2e61762ffe3358d42f358fb069121f4813a870c1ede95dfd240b25,b64c5c5200dfbdfef50da9ea95b568facb6adb455382fb89344720f37b2e82ca
1351,train,1,24.238755042804655,0.9999999999702667,numerical-methods-batch-4-v1,5bdca0dbcf2e61762ffe3358d42f358fb069121f4813a870c1ede95dfd240b25,b64c5c5200dfbdfef50da9ea95b568facb6adb455382fb89344720f37b2e82ca
1353,train,1,4.175725272724675,0.984868437508599,numerical-methods-batch-4-v1,5bdca0dbcf2e61762ffe3358d42f358fb069121f4813a870c1ede95dfd240b25,b64c5c5200dfbdfef50da9ea95b568facb6adb455382fb89344720f37b2e82ca
1355,train,1,33.664476024195594,0.9999999999999976,numerical-methods-batch-4-v1,5bdca0dbcf2e61762ffe3358d42f358fb069121f4813a870c1ede95dfd240b25,b64c5c5200dfbdfef50da9ea95b568facb6adb455382fb89344720f37b2e82ca
1357,train,1,31.314862608996982,0.9999999999999749,numerical-methods-batch-4-v1,5bdca0dbcf2e61762ffe3358d42f358fb069121f4813a870c1ede95dfd240b25,b64c5c5200dfbdfef50da9ea95b568facb6adb455382fb89344720f37b2e82ca
1358,train,1,32.45632280998777,0.999999999999992,numerical-methods-batch-4-v1,5bdca0dbcf2e61762ffe3358d42f358fb069121f4813a870c1ede95dfd240b25,b64c5c5200dfbdfef50da9ea95b568facb6adb455382fb89344720f37b2e82ca
1359,train,1,27.601640662567654,0.9999999999989702,numerical-methods-batch-4-v1,5bdca0dbcf2e61762ffe3358d42f358fb069121f4813a870c1ede95dfd240b25,b64c5c5200dfbdfef50da9ea95b568facb6adb455382fb89344720f37b2e82ca
1361,train,1,19.330127697263123,0.999999995972531,numerical-methods-batch-4-v1,5bdca0dbcf2e61762ffe3358d42f358fb069121f4813a870c1ede95dfd240b25,b64c5c5200dfbdfef50da9ea95b568facb6adb455382fb89344720f37b2e82ca
1362,train,1,25.81537299227,0.9999999999938549,numerical-methods-batch-4-v1,5bdca0dbcf2e61762ffe3358d42f358fb069121f4813a870c1ede95dfd240b25,b64c5c5200dfbdfef50da9ea95b568facb6adb455382fb89344720f37b2e82ca
1363,train,1,24.34274171460637,0.9999999999732032,numerical-methods-batch-4-v1,5bdca0dbcf2e61762ffe3358d42f358fb069121f4813a870c1ede95dfd240b25,b64c5c5200dfbdfef50da9ea95b568facb6adb455382fb89344720f37b2e82ca
1366,train,1,13.594257310716563,0.9999987523622048,numerical-methods-batch-4-v1,5bdca0dbcf2e61762ffe3358d42f358fb069121f4813a870c1ede95dfd240b25,b64c5c5200dfbdfef50da9ea95b568facb6adb455382fb89344720f37b2e82ca
1369,train,1,5.873344913560201,0.9971944464349018,numerical-methods-batch-4-v1,5bdca0dbcf2e61762ffe3358d42f358fb069121f4813a870c1ede95dfd240b25,b64c5c5200dfbdfef50da9ea95b568facb6adb455382fb89344720f37b2e82ca
1370,train,1,1.1378628010358156,0.7572870306364993,numerical-methods-batch-4-v1,5bdca0dbcf2e61762ffe3358d42f358fb069121f4813a870c1ede95dfd240b25,b64c5c5200dfbdfef50da9ea95b568facb6adb455382fb89344720f37b2e82ca
1371,train,1,7.326260265760082,0.999342402870404,numerical-methods-batch-4-v1,5bdca0dbcf2e61762ffe3358d42f358fb069121f4813a870c1ede95dfd240b25,b64c5c5200dfbdfef50da9ea95b568facb6adb455382fb89344720f37b2e82ca
8,validation,0,-33.45999779014904,2.9410851290351907e-15,numerical-methods-batch-4-v1,5bdca0dbcf2e61762ffe3358d42f358fb069121f4813a870c1ede95dfd240b25,b64c5c5200dfbdfef50da9ea95b568facb6adb455382fb89344720f37b2e82ca
16,validation,0,-45.29833367713525,2.1241424813520555e-20,numerical-methods-batch-4-v1,5bdca0dbcf2e61762ffe3358d42f358fb069121f4813a870c1ede95dfd240b25,b64c5c5200dfbdfef50da9ea95b568facb6adb455382fb89344720f37b2e82ca
32,validation,0,-47.45758726680406,2.4514990291124142e-21,numerical-methods-batch-4-v1,5bdca0dbcf2e61762ffe3358d42f358fb069121f4813a870c1ede95dfd240b25,b64c5c5200dfbdfef50da9ea95b568facb6adb455382fb89344720f37b2e82ca
38,validation,0,-43.61447222147049,1.144130025801568e-19,numerical-methods-batch-4-v1,5bdca0dbcf2e61762ffe3358d42f358fb069121f4813a870c1ede95dfd240b25,b64c5c5200dfbdfef50da9ea95b568facb6adb455382fb89344720f37b2e82ca
57,validation,0,-48.508041730995224,8.57482268645501e-22,numerical-methods-batch-4-v1,5bdca0dbcf2e61762ffe3358d42f358fb069121f4813a870c1ede95dfd240b25,b64c5c5200dfbdfef50da9ea95b568facb6adb455382fb89344720f37b2e82ca
58,validation,0,-62.03439286241565,1.1450000130729002e-27,numerical-methods-batch-4-v1,5bdca0dbcf2e61762ffe3358d42f358fb069121f4813a870c1ede95dfd240b25,b64c5c5200dfbdfef50da9ea95b568facb6adb455382fb89344720f37b2e82ca
70,validation,0,-31.59250342985181,1.903487770478923e-14,numerical-methods-batch-4-v1,5bdca0dbcf2e61762ffe3358d42f358fb069121f4813a870c1ede95dfd240b25,b64c5c5200dfbdfef50da9ea95b568facb6adb455382fb89344720f37b2e82ca
78,validation,0,-34.917578947733986,6.846807876093367e-16,numerical-methods-batch-4-v1,5bdca0dbcf2e61762ffe3358d42f358fb069121f4813a870c1ede95dfd240b25,b64c5c5200dfbdfef50da9ea95b568facb6adb455382fb89344720f37b2e82ca
81,validation,0,-44.01246867380473,7.684714193137743e-20,numerical-methods-batch-4-v1,5bdca0dbcf2e61762ffe3358d42f358fb069121f4813a870c1ede95dfd240b25,b64c5c5200dfbdfef50da9ea95b568facb6adb455382fb89344720f37b2e82ca
89,validation,0,-32.69143194719463,6.3429530940962175e-15,numerical-methods-batch-4-v1,5bdca0dbcf2e61762ffe3358d42f358fb069121f4813a870c1ede95dfd240b25,b64c5c5200dfbdfef50da9ea95b568facb6adb455382fb89344720f37b2e82ca
90,validation,0,-48.76505463077307,6.631409760114685e-22,numerical-methods-batch-4-v1,5bdca0dbcf2e61762ffe3358d42f358fb069121f4813a870c1ede95dfd240b25,b64c5c5200dfbdfef50da9ea95b568facb6adb455382fb89344720f37b2e82ca
98,validation,0,-31.86506840053014,1.4493611909408554e-14,numerical-methods-batch-4-v1,5bdca0dbcf2e61762ffe3358d42f358fb069121f4813a870c1ede95dfd240b25,b64c5c5200dfbdfef50da9ea95b568facb6adb455382fb89344720f37b2e82ca
108,validation,0,-0.35950953444249656,0.41107829900506165,numerical-methods-batch-4-v1,5bdca0dbcf2e61762ffe3358d42f358fb069121f4813a870c1ede95dfd240b25,b64c5c5200dfbdfef50da9ea95b568facb6adb455382fb89344720f37b2e82ca
122,validation,0,-57.443073495308546,1.1292501513082395e-25,numerical-methods-batch-4-v1,5bdca0dbcf2e61762ffe3358d42f358fb069121f4813a870c1ede95dfd240b25,b64c5c5200dfbdfef50da9ea95b568facb6adb455382fb89344720f37b2e82ca
124,validation,0,-33.47400448247716,2.9001774142058046e-15,numerical-methods-batch-4-v1,5bdca0dbcf2e61762ffe3358d42f358fb069121f4813a870c1ede95dfd240b25,b64c5c5200dfbdfef50da9ea95b568facb6adb455382fb89344720f37b2e82ca
137,validation,0,-61.81569056187614,1.4249075707182694e-27,numerical-methods-batch-4-v1,5bdca0dbcf2e61762ffe3358d42f358fb069121f4813a870c1ede95dfd240b25,b64c5c5200dfbdfef50da9ea95b568facb6adb455382fb89344720f37b2e82ca
143,validation,0,-41.751805092719685,7.369218585337184e-19,numerical-methods-batch-4-v1,5bdca0dbcf2e61762ffe3358d42f358fb069121f4813a870c1ede95dfd240b25,b64c5c5200dfbdfef50da9ea95b568facb6adb455382fb89344720f37b2e82ca
150,validation,0,-57.361285242807334,1.225491615228491e-25,numerical-methods-batch-4-v1,5bdca0dbcf2e61762ffe3358d42f358fb069121f4813a870c1ede95dfd240b25,b64c5c5200dfbdfef50da9ea95b568facb6adb455382fb89344720f37b2e82ca
158,validation,0,-31.059164628189116,3.2447122577474825e-14,numerical-methods-batch-4-v1,5bdca0dbcf2e61762ffe3358d42f358fb069121f4813a870c1ede95dfd240b25,b64c5c5200dfbdfef50da9ea95b568facb6adb455382fb89344720f37b2e82ca
167,validation,0,-40.21230727757419,3.4357127355965374e-18,numerical-methods-batch-4-v1,5bdca0dbcf2e61762ffe3358d42f358fb069121f4813a870c1ede95dfd240b25,b64c5c5200dfbdfef50da9ea95b568facb6adb455382fb89344720f37b2e82ca
171,validation,0,-4.2116746288489235,0.01460505772989972,numerical-methods-batch-4-v1,5bdca0dbcf2e61762ffe3358d42f358fb069121f4813a870c1ede95dfd240b25,b64c5c5200dfbdfef50da9ea95b568facb6adb455382fb89344720f37b2e82ca
174,validation,0,-47.34880128722234,2.733234388595677e-21,numerical-methods-batch-4-v1,5bdca0dbcf2e61762ffe3358d42f358fb069121f4813a870c1ede95dfd240b25,b64c5c5200dfbdfef50da9ea95b568facb6adb455382fb89344720f37b2e82ca
189,validation,0,-38.24324244816514,2.461335608101591e-17,numerical-methods-batch-4-v1,5bdca0dbcf2e61762ffe3358d42f358fb069121f4813a870c1ede95dfd240b25,b64c5c5200dfbdfef50da9ea95b568facb6adb455382fb89344720f37b2e82ca
194,validation,0,-61.60873302568159,1.7525370574091862e-27,numerical-methods-batch-4-v1,5bdca0dbcf2e61762ffe3358d42f358fb069121f4813a870c1ede95dfd240b25,b64c5c5200dfbdfef50da9ea95b568facb6adb455382fb89344720f37b2e82ca
197,validation,0,-58.30719208075026,4.758918026721376e-26,numerical-methods-batch-4-v1,5bdca0dbcf2e61762ffe3358d42f358fb069121f4813a870c1ede95dfd240b25,b64c5c5200dfbdfef50da9ea95b568facb6adb455382fb89344720f37b2e82ca
206,validation,0,-50.78645440053677,8.784622399712552e-23,numerical-methods-batch-4-v1,5bdca0dbcf2e61762ffe3358d42f358fb069121f4813a870c1ede95dfd240b25,b64c5c5200dfbdfef50da9ea95b568facb6adb455382fb89344720f37b2e82ca
216,validation,0,-60.78726792029071,3.9849692291695894e-27,numerical-methods-batch-4-v1,5bdca0dbcf2e61762ffe3358d42f358fb069121f4813a870c1ede95dfd240b25,b64c5c5200dfbdfef50da9ea95b568facb6adb455382fb89344720f37b2e82ca
217,validation,0,-22.876857044324076,1.1606658922961546e-10,numerical-methods-batch-4-v1,5bdca0dbcf2e61762ffe3358d42f358fb069121f4813a870c1ede95dfd240b25,b64c5c5200dfbdfef50da9ea95b568facb6adb455382fb89344720f37b2e82ca
227,validation,0,-4.2116746288489235,0.01460505772989972,numerical-methods-batch-4-v1,5bdca0dbcf2e61762ffe3358d42f358fb069121f4813a870c1ede95dfd240b25,b64c5c5200dfbdfef50da9ea95b568facb6adb455382fb89344720f37b2e82ca
240,validation,0,-42.595086865498445,3.1709457948572445e-19,numerical-methods-batch-4-v1,5bdca0dbcf2e61762ffe3358d42f358fb069121f4813a870c1ede95dfd240b25,b64c5c5200dfbdfef50da9ea95b568facb6adb455382fb89344720f37b2e82ca
253,validation,0,-37.75464991347359,4.012027270962571e-17,numerical-methods-batch-4-v1,5bdca0dbcf2e61762ffe3358d42f358fb069121f4813a870c1ede95dfd240b25,b64c5c5200dfbdfef50da9ea95b568facb6adb455382fb89344720f37b2e82ca
254,validation,0,-53.508177397740106,5.776886294264311e-24,numerical-methods-batch-4-v1,5bdca0dbcf2e61762ffe3358d42f358fb069121f4813a870c1ede95dfd240b25,b64c5c5200dfbdfef50da9ea95b568facb6adb455382fb89344720f37b2e82ca
274,validation,0,-51.48196118913302,4.3819592850848685e-23,numerical-methods-batch-4-v1,5bdca0dbcf2e61762ffe3358d42f358fb069121f4813a870c1ede95dfd240b25,b64c5c5200dfbdfef50da9ea95b568facb6adb455382fb89344720f37b2e82ca
275,validation,0,-47.10986325689427,3.470933909668916e-21,numerical-methods-batch-4-v1,5bdca0dbcf2e61762ffe3358d42f358fb069121f4813a870c1ede95dfd240b25,b64c5c5200dfbdfef50da9ea95b568facb6adb455382fb89344720f37b2e82ca
286,validation,0,-29.89840797710287,1.035825021928058e-13,numerical-methods-batch-4-v1,5bdca0dbcf2e61762ffe3358d42f358fb069121f4813a870c1ede95dfd240b25,b64c5c5200dfbdfef50da9ea95b568facb6adb455382fb89344720f37b2e82ca
287,validation,0,-35.29622555143119,4.68860893666887e-16,numerical-methods-batch-4-v1,5bdca0dbcf2e61762ffe3358d42f358fb069121f4813a870c1ede95dfd240b25,b64c5c5200dfbdfef50da9ea95b568facb6adb455382fb89344720f37b2e82ca
299,validation,0,-43.386610626037445,1.4369260449055049e-19,numerical-methods-batch-4-v1,5bdca0dbcf2e61762ffe3358d42f358fb069121f4813a870c1ede95dfd240b25,b64c5c5200dfbdfef50da9ea95b568facb6adb455382fb89344720f37b2e82ca
308,validation,0,-38.89527563911409,1.2823200057052963e-17,numerical-methods-batch-4-v1,5bdca0dbcf2e61762ffe3358d42f358fb069121f4813a870c1ede95dfd240b25,b64c5c5200dfbdfef50da9ea95b568facb6adb455382fb89344720f37b2e82ca
311,validation,0,-34.95817770998254,6.574403016172229e-16,numerical-methods-batch-4-v1,5bdca0dbcf2e61762ffe3358d42f358fb069121f4813a870c1ede95dfd240b25,b64c5c5200dfbdfef50da9ea95b568facb6adb455382fb89344720f37b2e82ca
314,validation,0,-27.073559231560523,1.746234725229069e-12,numerical-methods-batch-4-v1,5bdca0dbcf2e61762ffe3358d42f358fb069121f4813a870c1ede95dfd240b25,b64c5c5200dfbdfef50da9ea95b568facb6adb455382fb89344720f37b2e82ca
326,validation,0,-57.11788038457872,1.5632186615399074e-25,numerical-methods-batch-4-v1,5bdca0dbcf2e61762ffe3358d42f358fb069121f4813a870c1ede95dfd240b25,b64c5c5200dfbdfef50da9ea95b568facb6adb455382fb89344720f37b2e82ca
327,validation,0,-10.749164880277371,2.146286461595308e-05,numerical-methods-batch-4-v1,5bdca0dbcf2e61762ffe3358d42f358fb069121f4813a870c1ede95dfd240b25,b64c5c5200dfbdfef50da9ea95b568facb6adb455382fb89344720f37b2e82ca
328,validation,0,-48.68217010339859,7.204471986649875e-22,numerical-methods-batch-4-v1,5bdca0dbcf2e61762ffe3358d42f358fb069121f4813a870c1ede95dfd240b25,b64c5c5200dfbdfef50da9ea95b568facb6adb455382fb89344720f37b2e82ca
337,validation,0,-57.093643112060214,1.6015697031590747e-25,numerical-methods-batch-4-v1,5bdca0dbcf2e61762ffe3358d42f358fb069121f4813a870c1ede95dfd240b25,b64c5c5200dfbdfef50da9ea95b568facb6adb455382fb89344720f37b2e82ca
338,validation,0,-46.899452306425026,4.2837750696203874e-21,numerical-methods-batch-4-v1,5bdca0dbcf2e61762ffe3358d42f358fb069121f4813a870c1ede95dfd240b25,b64c5c5200dfbdfef50da9ea95b568facb6adb455382fb89344720f37b2e82ca
339,validation,0,-44.81650505557441,3.439055274997284e-20,numerical-methods-batch-4-v1,5bdca0dbcf2e61762ffe3358d42f358fb069121f4813a870c1ede95dfd240b25,b64c5c5200dfbdfef50da9ea95b568facb6adb455382fb89344720f37b2e82ca
341,validation,0,-67.42881353895781,5.2004192683377074e-30,numerical-methods-batch-4-v1,5bdca0dbcf2e61762ffe3358d42f358fb069121f4813a870c1ede95dfd240b25,b64c5c5200dfbdfef50da9ea95b568facb6adb455382fb89344720f37b2e82ca
346,validation,0,-0.35950953444249656,0.41107829900506165,numerical-methods-batch-4-v1,5bdca0dbcf2e61762ffe3358d42f358fb069121f4813a870c1ede95dfd240b25,b64c5c5200dfbdfef50da9ea95b568facb6adb455382fb89344720f37b2e82ca
356,validation,0,-41.73469853863923,7.4963649389862855e-19,numerical-methods-batch-4-v1,5bdca0dbcf2e61762ffe3358d42f358fb069121f4813a870c1ede95dfd240b25,b64c5c5200dfbdfef50da9ea95b568facb6adb455382fb89344720f37b2e82ca
358,validation,0,-49.34617480421921,3.70875871196375e-22,numerical-methods-batch-4-v1,5bdca0dbcf2e61762ffe3358d42f358fb069121f4813a870c1ede95dfd240b25,b64c5c5200dfbdfef50da9ea95b568facb6adb455382fb89344720f37b2e82ca
362,validation,0,-48.94158818535837,5.558253057000513e-22,numerical-methods-batch-4-v1,5bdca0dbcf2e61762ffe3358d42f358fb069121f4813a870c1ede95dfd240b25,b64c5c5200dfbdfef50da9ea95b568facb6adb455382fb89344720f37b2e82ca
365,validation,0,-63.44983777333801,2.780261062020803e-28,numerical-methods-batch-4-v1,5bdca0dbcf2e61762ffe3358d42f358fb069121f4813a870c1ede95dfd240b25,b64c5c5200dfbdfef50da9ea95b568facb6adb455382fb89344720f37b2e82ca
379,validation,0,-40.65859662732992,2.1988512096776266e-18,numerical-methods-batch-4-v1,5bdca0dbcf2e61762ffe3358d42f358fb069121f4813a870c1ede95dfd240b25,b64c5c5200dfbdfef50da9ea95b568facb6adb455382fb89344720f37b2e82ca
388,validation,0,-44.17302537807597,6.544836916621792e-20,numerical-methods-batch-4-v1,5bdca0dbcf2e61762ffe3358d42f358fb069121f4813a870c1ede95dfd240b25,b64c5c5200dfbdfef50da9ea95b568facb6adb455382fb89344720f37b2e82ca
390,validation,0,-54.712227197587275,1.7329324551048378e-24,numerical-methods-batch-4-v1,5bdca0dbcf2e61762ffe3358d42f358fb069121f4813a870c1ede95dfd240b25,b64c5c5200dfbdfef50da9ea95b568facb6adb455382fb89344720f37b2e82ca
394,validation,0,-54.877826200685284,1.4684626411233967e-24,numerical-methods-batch-4-v1,5bdca0dbcf2e61762ffe3358d42f358fb069121f4813a870c1ede95dfd240b25,b64c5c5200dfbdfef50da9ea95b568facb6adb455382fb89344720f37b2e82ca
403,validation,0,-51.352412338539345,4.988048745497689e-23,numerical-methods-batch-4-v1,5bdca0dbcf2e61762ffe3358d42f358fb069121f4813a870c1ede95dfd240b25,b64c5c5200dfbdfef50da9ea95b568facb6adb455382fb89344720f37b2e82ca
404,validation,0,-23.990771113792803,3.8101360954972546e-11,numerical-methods-batch-4-v1,5bdca0dbcf2e61762ffe3358d42f358fb069121f4813a870c1ede95dfd240b25,b64c5c5200dfbdfef50da9ea95b568facb6adb455382fb89344720f37b2e82ca
410,validation,0,-36.50974632693085,1.3932165812185514e-16,numerical-methods-batch-4-v1,5bdca0dbcf2e61762ffe3358d42f358fb069121f4813a870c1ede95dfd240b25,b64c5c5200dfbdfef50da9ea95b568facb6adb455382fb89344720f37b2e82ca
417,validation,0,-64.81141347774627,7.124604523076155e-29,numerical-methods-batch-4-v1,5bdca0dbcf2e61762ffe3358d42f358fb069121f4813a870c1ede95dfd240b25,b64c5c5200dfbdfef50da9ea95b568facb6adb455382fb89344720f37b2e82ca
419,validation,0,-33.22317324475692,3.726998247030704e-15,numerical-methods-batch-4-v1,5bdca0dbcf2e61762ffe3358d42f358fb069121f4813a870c1ede95dfd240b25,b64c5c5200dfbdfef50da9ea95b568facb6adb455382fb89344720f37b2e82ca
423,validation,0,-62.491147950944644,7.251690781283806e-28,numerical-methods-batch-4-v1,5bdca0dbcf2e61762ffe3358d42f358fb069121f4813a870c1ede95dfd240b25,b64c5c5200dfbdfef50da9ea95b568facb6adb455382fb89344720f37b2e82ca
424,validation,0,-40.29478018894405,3.1637292840592617e-18,numerical-methods-batch-4-v1,5bdca0dbcf2e61762ffe3358d42f358fb069121f4813a870c1ede95dfd240b25,b64c5c5200dfbdfef50da9ea95b568facb6adb455382fb89344720f37b2e82ca
426,validation,0,-38.16534445102662,2.6607342801575395e-17,numerical-methods-batch-4-v1,5bdca0dbcf2e61762ffe3358d42f358fb069121f4813a870c1ede95dfd240b25,b64c5c5200dfbdfef50da9ea95b568facb6adb455382fb89344720f37b2e82ca
433,validation,0,-64.88426770479649,6.624003808455856e-29,numerical-methods-batch-4-v1,5bdca0dbcf2e61762ffe3358d42f358fb069121f4813a870c1ede95dfd240b25,b64c5c5200dfbdfef50da9ea95b568facb6adb455382fb89344720f37b2e82ca
436,validation,0,-34.17131571229571,1.4440630206315959e-15,numerical-methods-batch-4-v1,5bdca0dbcf2e61762ffe3358d42f358fb069121f4813a870c1ede95dfd240b25,b64c5c5200dfbdfef50da9ea95b568facb6adb455382fb89344720f37b2e82ca
437,validation,0,-2.832469858843403,0.05559457847500668,numerical-methods-batch-4-v1,5bdca0dbcf2e61762ffe3358d42f358fb069121f4813a870c1ede95dfd240b25,b64c5c5200dfbdfef50da9ea95b568facb6adb455382fb89344720f37b2e82ca
442,validation,0,-41.68258422825018,7.897391686076844e-19,numerical-methods-batch-4-v1,5bdca0dbcf2e61762ffe3358d42f358fb069121f4813a870c1ede95dfd240b25,b64c5c5200dfbdfef50da9ea95b568facb6adb455382fb89344720f37b2e82ca
469,validation,0,-52.9955659073669,9.645353767075696e-24,numerical-methods-batch-4-v1,5bdca0dbcf2e61762ffe3358d42f358fb069121f4813a870c1ede95dfd240b25,b64c5c5200dfbdfef50da9ea95b568facb6adb455382fb89344720f37b2e82ca
477,validation,0,-2.832469858843403,0.05559457847500668,numerical-methods-batch-4-v1,5bdca0dbcf2e61762ffe3358d42f358fb069121f4813a870c1ede95dfd240b25,b64c5c5200dfbdfef50da9ea95b568facb6adb455382fb89344720f37b2e82ca
489,validation,0,-50.172178294932785,1.6236776829250422e-22,numerical-methods-batch-4-v1,5bdca0dbcf2e61762ffe3358d42f358fb069121f4813a870c1ede95dfd240b25,b64c5c5200dfbdfef50da9ea95b568facb6adb455382fb89344720f37b2e82ca
503,validation,0,-30.132103674589523,8.199618487941349e-14,numerical-methods-batch-4-v1,5bdca0dbcf2e61762ffe3358d42f358fb069121f4813a870c1ede95dfd240b25,b64c5c5200dfbdfef50da9ea95b568facb6adb455382fb89344720f37b2e82ca
510,validation,0,-30.46054645485588,5.904087142281071e-14,numerical-methods-batch-4-v1,5bdca0dbcf2e61762ffe3358d42f358fb069121f4813a870c1ede95dfd240b25,b64c5c5200dfbdfef50da9ea95b568facb6adb455382fb89344720f37b2e82ca
538,validation,0,-37.98482073900044,3.187145988541601e-17,numerical-methods-batch-4-v1,5bdca0dbcf2e61762ffe3358d42f358fb069121f4813a870c1ede95dfd240b25,b64c5c5200dfbdfef50da9ea95b568facb6adb455382fb89344720f37b2e82ca
547,validation,0,-36.18555525231628,1.9266952616414508e-16,numerical-methods-batch-4-v1,5bdca0dbcf2e61762ffe3358d42f358fb069121f4813a870c1ede95dfd240b25,b64c5c5200dfbdfef50da9ea95b568facb6adb455382fb89344720f37b2e82ca
551,validation,0,-42.53894319162179,3.354066785056965e-19,numerical-methods-batch-4-v1,5bdca0dbcf2e61762ffe3358d42f358fb069121f4813a870c1ede95dfd240b25,b64c5c5200dfbdfef50da9ea95b568facb6adb455382fb89344720f37b2e82ca
554,validation,0,-24.621836830920067,2.027085793626334e-11,numerical-methods-batch-4-v1,5bdca0dbcf2e61762ffe3358d42f358fb069121f4813a870c1ede95dfd240b25,b64c5c5200dfbdfef50da9ea95b568facb6adb455382fb89344720f37b2e82ca
557,validation,0,-47.15203037677079,3.327617478852476e-21,numerical-methods-batch-4-v1,5bdca0dbcf2e61762ffe3358d42f358fb069121f4813a870c1ede95dfd240b25,b64c5c5200dfbdfef50da9ea95b568facb6adb455382fb89344720f37b2e82ca
560,validation,0,-45.390274026619686,1.9375568684278035e-20,numerical-methods-batch-4-v1,5bdca0dbcf2e61762ffe3358d42f358fb069121f4813a870c1ede95dfd240b25,b64c5c5200dfbdfef50da9ea95b568facb6adb455382fb89344720f37b2e82ca
564,validation,0,-62.801253933078286,5.318166870471903e-28,numerical-methods-batch-4-v1,5bdca0dbcf2e61762ffe3358d42f358fb069121f4813a870c1ede95dfd240b25,b64c5c5200dfbdfef50da9ea95b568facb6adb455382fb89344720f37b2e82ca
581,validation,0,-65.04140562460368,5.660782152886093e-29,numerical-methods-batch-4-v1,5bdca0dbcf2e61762ffe3358d42f358fb069121f4813a870c1ede95dfd240b25,b64c5c5200dfbdfef50da9ea95b568facb6adb455382fb89344720f37b2e82ca
589,validation,0,-8.207416698050418,0.00027254977909178254,numerical-methods-batch-4-v1,5bdca0dbcf2e61762ffe3358d42f358fb069121f4813a870c1ede95dfd240b25,b64c5c5200dfbdfef50da9ea95b568facb6adb455382fb89344720f37b2e82ca
599,validation,0,-42.669901145768925,2.9423707122318297e-19,numerical-methods-batch-4-v1,5bdca0dbcf2e61762ffe3358d42f358fb069121f4813a870c1ede95dfd240b25,b64c5c5200dfbdfef50da9ea95b568facb6adb455382fb89344720f37b2e82ca
600,validation,0,-30.916068638815958,3.743880585097369e-14,numerical-methods-batch-4-v1,5bdca0dbcf2e61762ffe3358d42f358fb069121f4813a870c1ede95dfd240b25,b64c5c5200dfbdfef50da9ea95b568facb6adb455382fb89344720f37b2e82ca
610,validation,0,-36.71346073245214,1.1364402116057428e-16,numerical-methods-batch-4-v1,5bdca0dbcf2e61762ffe3358d42f358fb069121f4813a870c1ede95dfd240b25,b64c5c5200dfbdfef50da9ea95b568facb6adb455382fb89344720f37b2e82ca
612,validation,0,-46.20829938466994,8.55048125248536e-21,numerical-methods-batch-4-v1,5bdca0dbcf2e61762ffe3358d42f358fb069121f4813a870c1ede95dfd240b25,b64c5c5200dfbdfef50da9ea95b568facb6adb455382fb89344720f37b2e82ca
614,validation,0,-50.81313571909984,8.553336320532747e-23,numerical-methods-batch-4-v1,5bdca0dbcf2e61762ffe3358d42f358fb069121f4813a870c1ede95dfd240b25,b64c5c5200dfbdfef50da9ea95b568facb6adb455382fb89344720f37b2e82ca
619,validation,0,-25.255806967626874,1.0753315743711407e-11,numerical-methods-batch-4-v1,5bdca0dbcf2e61762ffe3358d42f358fb069121f4813a870c1ede95dfd240b25,b64c5c5200dfbdfef50da9ea95b568facb6adb455382fb89344720f37b2e82ca
633,validation,0,-37.25628620212016,6.603899968125353e-17,numerical-methods-batch-4-v1,5bdca0dbcf2e61762ffe3358d42f358fb069121f4813a870c1ede95dfd240b25,b64c5c5200dfbdfef50da9ea95b568facb6adb455382fb89344720f37b2e82ca
635,validation,0,-71.72202352711577,7.10429441719991e-32,numerical-methods-batch-4-v1,5bdca0dbcf2e61762ffe3358d42f358fb069121f4813a870c1ede95dfd240b25,b64c5c5200dfbdfef50da9ea95b568facb6adb455382fb89344720f37b2e82ca
648,validation,0,-52.241068699564494,2.051125033198237e-23,numerical-methods-batch-4-v1,5bdca0dbcf2e61762ffe3358d42f358fb069121f4813a870c1ede95dfd240b25,b64c5c5200dfbdfef50da9ea95b568facb6adb455382fb89344720f37b2e82ca
652,validation,0,-37.158620388976836,7.28142213920166e-17,numerical-methods-batch-4-v1,5bdca0dbcf2e61762ffe3358d42f358fb069121f4813a870c1ede95dfd240b25,b64c5c5200dfbdfef50da9ea95b568facb6adb455382fb89344720f37b2e82ca
653,validation,0,-38.66318741025132,1.617301744265238e-17,numerical-methods-batch-4-v1,5bdca0dbcf2e61762ffe3358d42f358fb069121f4813a870c1ede95dfd240b25,b64c5c5200dfbdfef50da9ea95b568facb6adb455382fb89344720f37b2e82ca
654,validation,0,-43.52228306256246,1.2546212125093682e-19,numerical-methods-batch-4-v1,5bdca0dbcf2e61762ffe3358d42f358fb069121f4813a870c1ede95dfd240b25,b64c5c5200dfbdfef50da9ea95b568facb6adb455382fb89344720f37b2e82ca
668,validation,0,-39.377315473415074,7.918614078914539e-18,numerical-methods-batch-4-v1,5bdca0dbcf2e61762ffe3358d42f358fb069121f4813a870c1ede95dfd240b25,b64c5c5200dfbdfef50da9ea95b568facb6adb455382fb89344720f37b2e82ca
669,validation,0,-4.211465205506933,0.014608072004684863,numerical-methods-batch-4-v1,5bdca0dbcf2e61762ffe3358d42f358fb069121f4813a870c1ede95dfd240b25,b64c5c5200dfbdfef50da9ea95b568facb6adb455382fb89344720f37b2e82ca
675,validation,0,-38.077790148324866,2.904195549199032e-17,numerical-methods-batch-4-v1,5bdca0dbcf2e61762ffe3358d42f358fb069121f4813a870c1ede95dfd240b25,b64c5c5200dfbdfef50da9ea95b568facb6adb455382fb89344720f37b2e82ca
680,validation,0,-25.12652128222046,1.2237436681371304e-11,numerical-methods-batch-4-v1,5bdca0dbcf2e61762ffe3358d42f358fb069121f4813a870c1ede95dfd240b25,b64c5c5200dfbdfef50da9ea95b568facb6adb455382fb89344720f37b2e82ca
683,validation,0,-31.441183540701594,2.214458183623502e-14,numerical-methods-batch-4-v1,5bdca0dbcf2e61762ffe3358d42f358fb069121f4813a870c1ede95dfd240b25,b64c5c5200dfbdfef50da9ea95b568facb6adb455382fb89344720f37b2e82ca
690,validation,0,-21.50285362124248,4.5859501220348704e-10,numerical-methods-batch-4-v1,5bdca0dbcf2e61762ffe3358d42f358fb069121f4813a870c1ede95dfd240b25,b64c5c5200dfbdfef50da9ea95b568facb6adb455382fb89344720f37b2e82ca
697,validation,0,-41.57159087405375,8.824446601723416e-19,numerical-methods-batch-4-v1,5bdca0dbcf2e61762ffe3358d42f358fb069121f4813a870c1ede95dfd240b25,b64c5c5200dfbdfef50da9ea95b568facb6adb455382fb89344720f37b2e82ca
700,validation,0,-55.66136638307923,6.707732341455944e-25,numerical-methods-batch-4-v1,5bdca0dbcf2e61762ffe3358d42f358fb069121f4813a870c1ede95dfd240b25,b64c5c5200dfbdfef50da9ea95b568facb6adb455382fb89344720f37b2e82ca
711,validation,0,-44.60349368953158,4.255482579782359e-20,numerical-methods-batch-4-v1,5bdca0dbcf2e61762ffe3358d42f358fb069121f4813a870c1ede95dfd240b25,b64c5c5200dfbdfef50da9ea95b568facb6adb455382fb89344720f37b2e82ca
719,validation,0,-49.04664013936161,5.003971546850173e-22,numerical-methods-batch-4-v1,5bdca0dbcf2e61762ffe3358d42f358fb069121f4813a870c1ede95dfd240b25,b64c5c5200dfbdfef50da9ea95b568facb6adb455382fb89344720f37b2e82ca
722,validation,0,-26.307096647351734,3.758141181624246e-12,numerical-methods-batch-4-v1,5bdca0dbcf2e61762ffe3358d42f358fb069121f4813a870c1ede95dfd240b25,b64c5c5200dfbdfef50da9ea95b568facb6adb455382fb89344720f37b2e82ca
732,validation,0,-43.96767359905899,8.036778033914804e-20,numerical-methods-batch-4-v1,5bdca0dbcf2e61762ffe3358d42f358fb069121f4813a870c1ede95dfd240b25,b64c5c5200dfbdfef50da9ea95b568facb6adb455382fb89344720f37b2e82ca
739,validation,0,-44.445817371454574,4.9822644096594604e-20,numerical-methods-batch-4-v1,5bdca0dbcf2e61762ffe3358d42f358fb069121f4813a870c1ede95dfd240b25,b64c5c5200dfbdfef50da9ea95b568facb6adb455382fb89344720f37b2e82ca
740,validation,0,-29.659598487238583,1.315224957950871e-13,numerical-methods-batch-4-v1,5bdca0dbcf2e61762ffe3358d42f358fb069121f4813a870c1ede95dfd240b25,b64c5c5200dfbdfef50da9ea95b568facb6adb455382fb89344720f37b2e82ca
742,validation,0,-30.42608396311288,6.111103355550428e-14,numerical-methods-batch-4-v1,5bdca0dbcf2e61762ffe3358d42f358fb069121f4813a870c1ede95dfd240b25,b64c5c5200dfbdfef50da9ea95b568facb6adb455382fb89344720f37b2e82ca
743,validation,0,-45.431229633332926,1.8598060843196676e-20,numerical-methods-batch-4-v1,5bdca0dbcf2e61762ffe3358d42f358fb069121f4813a870c1ede95dfd240b25,b64c5c5200dfbdfef50da9ea95b568facb6adb455382fb89344720f37b2e82ca
746,validation,0,-33.82444118175356,2.0428281854532326e-15,numerical-methods-batch-4-v1,5bdca0dbcf2e61762ffe3358d42f358fb069121f4813a870c1ede95dfd240b25,b64c5c5200dfbdfef50da9ea95b568facb6adb455382fb89344720f37b2e82ca
747,validation,0,-65.53343693009414,3.460907253641511e-29,numerical-methods-batch-4-v1,5bdca0dbcf2e61762ffe3358d42f358fb069121f4813a870c1ede95dfd240b25,b64c5c5200dfbdfef50da9ea95b568facb6adb455382fb89344720f37b2e82ca
752,validation,0,-53.552708077035874,5.52528127064049e-24,numerical-methods-batch-4-v1,5bdca0dbcf2e61762ffe3358d42f358fb069121f4813a870c1ede95dfd240b25,b64c5c5200dfbdfef50da9ea95b568facb6adb455382fb89344720f37b2e82ca
754,validation,0,-40.883960994095105,1.755178708252344e-18,numerical-methods-batch-4-v1,5bdca0dbcf2e61762ffe3358d42f358fb069121f4813a870c1ede95dfd240b25,b64c5c5200dfbdfef50da9ea95b568facb6adb455382fb89344720f37b2e82ca
758,validation,0,-48.00248124370864,1.4216322867621145e-21,numerical-methods-batch-4-v1,5bdca0dbcf2e61762ffe3358d42f358fb069121f4813a870c1ede95dfd240b25,b64c5c5200dfbdfef50da9ea95b568facb6adb455382fb89344720f37b2e82ca
773,validation,1,19.81480958188316,0.9999999975195097,numerical-methods-batch-4-v1,5bdca0dbcf2e61762ffe3358d42f358fb069121f4813a870c1ede95dfd240b25,b64c5c5200dfbdfef50da9ea95b568facb6adb455382fb89344720f37b2e82ca
781,validation,1,26.564139350913138,0.9999999999970937,numerical-methods-batch-4-v1,5bdca0dbcf2e61762ffe3358d42f358fb069121f4813a870c1ede95dfd240b25,b64c5c5200dfbdfef50da9ea95b568facb6adb455382fb89344720f37b2e82ca
782,validation,1,27.929759241838653,0.9999999999992581,numerical-methods-batch-4-v1,5bdca0dbcf2e61762ffe3358d42f358fb069121f4813a870c1ede95dfd240b25,b64c5c5200dfbdfef50da9ea95b568facb6adb455382fb89344720f37b2e82ca
783,validation,1,18.595173818793022,0.9999999916011734,numerical-methods-batch-4-v1,5bdca0dbcf2e61762ffe3358d42f358fb069121f4813a870c1ede95dfd240b25,b64c5c5200dfbdfef50da9ea95b568facb6adb455382fb89344720f37b2e82ca
800,validation,1,26.879788208225058,0.9999999999978804,numerical-methods-batch-4-v1,5bdca0dbcf2e61762ffe3358d42f358fb069121f4813a870c1ede95dfd240b25,b64c5c5200dfbdfef50da9ea95b568facb6adb455382fb89344720f37b2e82ca
805,validation,1,20.62642267428832,0.9999999988983124,numerical-methods-batch-4-v1,5bdca0dbcf2e61762ffe3358d42f358fb069121f4813a870c1ede95dfd240b25,b64c5c5200dfbdfef50da9ea95b568facb6adb455382fb89344720f37b2e82ca
815,validation,1,11.059453672776092,0.9999842625826488,numerical-methods-batch-4-v1,5bdca0dbcf2e61762ffe3358d42f358fb069121f4813a870c1ede95dfd240b25,b64c5c5200dfbdfef50da9ea95b568facb6adb455382fb89344720f37b2e82ca
817,validation,1,17.186095406091212,0.9999999656304707,numerical-methods-batch-4-v1,5bdca0dbcf2e61762ffe3358d42f358fb069121f4813a870c1ede95dfd240b25,b64c5c5200dfbdfef50da9ea95b568facb6adb455382fb89344720f37b2e82ca
835,validation,1,23.86507650762281,0.9999999999567954,numerical-methods-batch-4-v1,5bdca0dbcf2e61762ffe3358d42f358fb069121f4813a870c1ede95dfd240b25,b64c5c5200dfbdfef50da9ea95b568facb6adb455382fb89344720f37b2e82ca
843,validation,1,29.657077183689722,0.9999999999998681,numerical-methods-batch-4-v1,5bdca0dbcf2e61762ffe3358d42f358fb069121f4813a870c1ede95dfd240b25,b64c5c5200dfbdfef50da9ea95b568facb6adb455382fb89344720f37b2e82ca
849,validation,1,36.71822903669353,0.9999999999999998,numerical-methods-batch-4-v1,5bdca0dbcf2e61762ffe3358d42f358fb069121f4813a870c1ede95dfd240b25,b64c5c5200dfbdfef50da9ea95b568facb6adb455382fb89344720f37b2e82ca
863,validation,1,35.54265788663185,0.9999999999999996,numerical-methods-batch-4-v1,5bdca0dbcf2e61762ffe3358d42f358fb069121f4813a870c1ede95dfd240b25,b64c5c5200dfbdfef50da9ea95b568facb6adb455382fb89344720f37b2e82ca
866,validation,1,24.357801122854546,0.9999999999736038,numerical-methods-batch-4-v1,5bdca0dbcf2e61762ffe3358d42f358fb069121f4813a870c1ede95dfd240b25,b64c5c5200dfbdfef50da9ea95b568facb6adb455382fb89344720f37b2e82ca
872,validation,1,25.582766610256776,0.9999999999922455,numerical-methods-batch-4-v1,5bdca0dbcf2e61762ffe3358d42f358fb069121f4813a870c1ede95dfd240b25,b64c5c5200dfbdfef50da9ea95b568facb6adb455382fb89344720f37b2e82ca
883,validation,1,15.432253540758778,0.99999980145573,numerical-methods-batch-4-v1,5bdca0dbcf2e61762ffe3358d42f358fb069121f4813a870c1ede95dfd240b25,b64c5c5200dfbdfef50da9ea95b568facb6adb455382fb89344720f37b2e82ca
885,validation,1,13.10444539855096,0.999997963845208,numerical-methods-batch-4-v1,5bdca0dbcf2e61762ffe3358d42f358fb069121f4813a870c1ede95dfd240b25,b64c5c5200dfbdfef50da9ea95b568facb6adb455382fb89344720f37b2e82ca
911,validation,1,10.383554770642712,0.9999690638670862,numerical-methods-batch-4-v1,5bdca0dbcf2e61762ffe3358d42f358fb069121f4813a870c1ede95dfd240b25,b64c5c5200dfbdfef50da9ea95b568facb6adb455382fb89344720f37b2e82ca
913,validation,1,8.73783945459253,0.9998396256586215,numerical-methods-batch-4-v1,5bdca0dbcf2e61762ffe3358d42f358fb069121f4813a870c1ede95dfd240b25,b64c5c5200dfbdfef50da9ea95b568facb6adb455382fb89344720f37b2e82ca
918,validation,1,2.035101287489395,0.8844335084107713,numerical-methods-batch-4-v1,5bdca0dbcf2e61762ffe3358d42f358fb069121f4813a870c1ede95dfd240b25,b64c5c5200dfbdfef50da9ea95b568facb6adb455382fb89344720f37b2e82ca
919,validation,1,-4.166471588903541,0.015270086970055068,numerical-methods-batch-4-v1,5bdca0dbcf2e61762ffe3358d42f358fb069121f4813a870c1ede95dfd240b25,b64c5c5200dfbdfef50da9ea95b568facb6adb455382fb89344720f37b2e82ca
926,validation,1,0.1718489646827841,0.5428568221696655,numerical-methods-batch-4-v1,5bdca0dbcf2e61762ffe3358d42f358fb069121f4813a870c1ede95dfd240b25,b64c5c5200dfbdfef50da9ea95b568facb6adb455382fb89344720f37b2e82ca
928,validation,1,30.36349680605943,0.9999999999999349,numerical-methods-batch-4-v1,5bdca0dbcf2e61762ffe3358d42f358fb069121f4813a870c1ede95dfd240b25,b64c5c5200dfbdfef50da9ea95b568facb6adb455382fb89344720f37b2e82ca
932,validation,1,21.577083980695654,0.9999999995742139,numerical-methods-batch-4-v1,5bdca0dbcf2e61762ffe3358d42f358fb069121f4813a870c1ede95dfd240b25,b64c5c5200dfbdfef50da9ea95b568facb6adb455382fb89344720f37b2e82ca
948,validation,1,14.291787285678668,0.9999993789088005,numerical-methods-batch-4-v1,5bdca0dbcf2e61762ffe3358d42f358fb069121f4813a870c1ede95dfd240b25,b64c5c5200dfbdfef50da9ea95b568facb6adb455382fb89344720f37b2e82ca
953,validation,1,19.158281322370982,0.999999995217399,numerical-methods-batch-4-v1,5bdca0dbcf2e61762ffe3358d42f358fb069121f4813a870c1ede95dfd240b25,b64c5c5200dfbdfef50da9ea95b568facb6adb455382fb89344720f37b2e82ca
956,validation,1,19.76828619667284,0.9999999974013822,numerical-methods-batch-4-v1,5bdca0dbcf2e61762ffe3358d42f358fb069121f4813a870c1ede95dfd240b25,b64c5c5200dfbdfef50da9ea95b568facb6adb455382fb89344720f37b2e82ca
959,validation,1,22.259721006444913,0.9999999997848577,numerical-methods-batch-4-v1,5bdca0dbcf2e61762ffe3358d42f358fb069121f4813a870c1ede95dfd240b25,b64c5c5200dfbdfef50da9ea95b568facb6adb455382fb89344720f37b2e82ca
960,validation,1,37.48880438078227,1.0,numerical-methods-batch-4-v1,5bdca0dbcf2e61762ffe3358d42f358fb069121f4813a870c1ede95dfd240b25,b64c5c5200dfbdfef50da9ea95b568facb6adb455382fb89344720f37b2e82ca
979,validation,1,11.373698998512344,0.9999885062884316,numerical-methods-batch-4-v1,5bdca0dbcf2e61762ffe3358d42f358fb069121f4813a870c1ede95dfd240b25,b64c5c5200dfbdfef50da9ea95b568facb6adb455382fb89344720f37b2e82ca
987,validation,1,7.878915399704011,0.9996214998056254,numerical-methods-batch-4-v1,5bdca0dbcf2e61762ffe3358d42f358fb069121f4813a870c1ede95dfd240b25,b64c5c5200dfbdfef50da9ea95b568facb6adb455382fb89344720f37b2e82ca
994,validation,1,23.06084807317513,0.9999999999034392,numerical-methods-batch-4-v1,5bdca0dbcf2e61762ffe3358d42f358fb069121f4813a870c1ede95dfd240b25,b64c5c5200dfbdfef50da9ea95b568facb6adb455382fb89344720f37b2e82ca
999,validation,1,5.619435773048677,0.9963864185220365,numerical-methods-batch-4-v1,5bdca0dbcf2e61762ffe3358d42f358fb069121f4813a870c1ede95dfd240b25,b64c5c5200dfbdfef50da9ea95b568facb6adb455382fb89344720f37b2e82ca
1021,validation,1,29.040518018114433,0.9999999999997558,numerical-methods-batch-4-v1,5bdca0dbcf2e61762ffe3358d42f358fb069121f4813a870c1ede95dfd240b25,b64c5c5200dfbdfef50da9ea95b568facb6adb455382fb89344720f37b2e82ca
1026,validation,1,20.864162000428138,0.9999999991314206,numerical-methods-batch-4-v1,5bdca0dbcf2e61762ffe3358d42f358fb069121f4813a870c1ede95dfd240b25,b64c5c5200dfbdfef50da9ea95b568facb6adb455382fb89344720f37b2e82ca
1038,validation,1,18.576037940515235,0.9999999914389069,numerical-methods-batch-4-v1,5bdca0dbcf2e61762ffe3358d42f358fb069121f4813a870c1ede95dfd240b25,b64c5c5200dfbdfef50da9ea95b568facb6adb455382fb89344720f37b2e82ca
1039,validation,1,18.724054519125374,0.9999999926167693,numerical-methods-batch-4-v1,5bdca0dbcf2e61762ffe3358d42f358fb069121f4813a870c1ede95dfd240b25,b64c5c5200dfbdfef50da9ea95b568facb6adb455382fb89344720f37b2e82ca
1060,validation,1,2.6759384127350696,0.9355918058265108,numerical-methods-batch-4-v1,5bdca0dbcf2e61762ffe3358d42f358fb069121f4813a870c1ede95dfd240b25,b64c5c5200dfbdfef50da9ea95b568facb6adb455382fb89344720f37b2e82ca
1065,validation,1,1.7682675097114124,0.854242086652269,numerical-methods-batch-4-v1,5bdca0dbcf2e61762ffe3358d42f358fb069121f4813a870c1ede95dfd240b25,b64c5c5200dfbdfef50da9ea95b568facb6adb455382fb89344720f37b2e82ca
1075,validation,1,11.816061338713686,0.999992615067068,numerical-methods-batch-4-v1,5bdca0dbcf2e61762ffe3358d42f358fb069121f4813a870c1ede95dfd240b25,b64c5c5200dfbdfef50da9ea95b568facb6adb455382fb89344720f37b2e82ca
1092,validation,1,19.93952833394483,0.9999999978103593,numerical-methods-batch-4-v1,5bdca0dbcf2e61762ffe3358d42f358fb069121f4813a870c1ede95dfd240b25,b64c5c5200dfbdfef50da9ea95b568facb6adb455382fb89344720f37b2e82ca
1096,validation,1,9.404401882213024,0.9999176460584868,numerical-methods-batch-4-v1,5bdca0dbcf2e61762ffe3358d42f358fb069121f4813a870c1ede95dfd240b25,b64c5c5200dfbdfef50da9ea95b568facb6adb455382fb89344720f37b2e82ca
1102,validation,1,-2.219495326857073,0.0980134117759823,numerical-methods-batch-4-v1,5bdca0dbcf2e61762ffe3358d42f358fb069121f4813a870c1ede95dfd240b25,b64c5c5200dfbdfef50da9ea95b568facb6adb455382fb89344720f37b2e82ca
1116,validation,1,20.245566238047957,0.9999999983876389,numerical-methods-batch-4-v1,5bdca0dbcf2e61762ffe3358d42f358fb069121f4813a870c1ede95dfd240b25,b64c5c5200dfbdfef50da9ea95b568facb6adb455382fb89344720f37b2e82ca
1120,validation,1,7.104429215238442,0.9991792158026412,numerical-methods-batch-4-v1,5bdca0dbcf2e61762ffe3358d42f358fb069121f4813a870c1ede95dfd240b25,b64c5c5200dfbdfef50da9ea95b568facb6adb455382fb89344720f37b2e82ca
1123,validation,1,15.47562563426825,0.9999998098829352,numerical-methods-batch-4-v1,5bdca0dbcf2e61762ffe3358d42f358fb069121f4813a870c1ede95dfd240b25,b64c5c5200dfbdfef50da9ea95b568facb6adb455382fb89344720f37b2e82ca
1127,validation,1,5.3950325891622395,0.995481437610334,numerical-methods-batch-4-v1,5bdca0dbcf2e61762ffe3358d42f358fb069121f4813a870c1ede95dfd240b25,b64c5c5200dfbdfef50da9ea95b568facb6adb455382fb89344720f37b2e82ca
1130,validation,1,14.585921186875693,0.9999995371772333,numerical-methods-batch-4-v1,5bdca0dbcf2e61762ffe3358d42f358fb069121f4813a870c1ede95dfd240b25,b64c5c5200dfbdfef50da9ea95b568facb6adb455382fb89344720f37b2e82ca
1131,validation,1,17.557125106613015,0.9999999762842186,numerical-methods-batch-4-v1,5bdca0dbcf2e61762ffe3358d42f358fb069121f4813a870c1ede95dfd240b25,b64c5c5200dfbdfef50da9ea95b568facb6adb455382fb89344720f37b2e82ca
1134,validation,1,23.770758342162395,0.9999999999525222,numerical-methods-batch-4-v1,5bdca0dbcf2e61762ffe3358d42f358fb069121f4813a870c1ede95dfd240b25,b64c5c5200dfbdfef50da9ea95b568facb6adb455382fb89344720f37b2e82ca
1154,validation,1,33.32534266244187,0.9999999999999967,numerical-methods-batch-4-v1,5bdca0dbcf2e61762ffe3358d42f358fb069121f4813a870c1ede95dfd240b25,b64c5c5200dfbdfef50da9ea95b568facb6adb455382fb89344720f37b2e82ca
1155,validation,1,22.433356945835122,0.9999999998191507,numerical-methods-batch-4-v1,5bdca0dbcf2e61762ffe3358d42f358fb069121f4813a870c1ede95dfd240b25,b64c5c5200dfbdfef50da9ea95b568facb6adb455382fb89344720f37b2e82ca
1158,validation,1,27.888400835402344,0.9999999999992268,numerical-methods-batch-4-v1,5bdca0dbcf2e61762ffe3358d42f358fb069121f4813a870c1ede95dfd240b25,b64c5c5200dfbdfef50da9ea95b568facb6adb455382fb89344720f37b2e82ca
1159,validation,1,24.65343066339267,0.9999999999803595,numerical-methods-batch-4-v1,5bdca0dbcf2e61762ffe3358d42f358fb069121f4813a870c1ede95dfd240b25,b64c5c5200dfbdfef50da9ea95b568facb6adb455382fb89344720f37b2e82ca
1180,validation,1,34.151951487429635,0.9999999999999984,numerical-methods-batch-4-v1,5bdca0dbcf2e61762ffe3358d42f358fb069121f4813a870c1ede95dfd240b25,b64c5c5200dfbdfef50da9ea95b568facb6adb455382fb89344720f37b2e82ca
1183,validation,1,16.72804812383813,0.9999999456623337,numerical-methods-batch-4-v1,5bdca0dbcf2e61762ffe3358d42f358fb069121f4813a870c1ede95dfd240b25,b64c5c5200dfbdfef50da9ea95b568facb6adb455382fb89344720f37b2e82ca
1194,validation,1,22.53212035830122,0.9999999998361584,numerical-methods-batch-4-v1,5bdca0dbcf2e61762ffe3358d42f358fb069121f4813a870c1ede95dfd240b25,b64c5c5200dfbdfef50da9ea95b568facb6adb455382fb89344720f37b2e82ca
1195,validation,1,27.303820012673825,0.9999999999986129,numerical-methods-batch-4-v1,5bdca0dbcf2e61762ffe3358d42f358fb069121f4813a870c1ede95dfd240b25,b64c5c5200dfbdfef50da9ea95b568facb6adb455382fb89344720f37b2e82ca
1196,validation,1,31.773892040633434,0.999999999999984,numerical-methods-batch-4-v1,5bdca0dbcf2e61762ffe3358d42f358fb069121f4813a870c1ede95dfd240b25,b64c5c5200dfbdfef50da9ea95b568facb6adb455382fb89344720f37b2e82ca
1197,validation,1,25.964461476255394,0.999999999994706,numerical-methods-batch-4-v1,5bdca0dbcf2e61762ffe3358d42f358fb069121f4813a870c1ede95dfd240b25,b64c5c5200dfbdfef50da9ea95b568facb6adb455382fb89344720f37b2e82ca
1199,validation,1,23.641665124872254,0.9999999999459799,numerical-methods-batch-4-v1,5bdca0dbcf2e61762ffe3358d42f358fb069121f4813a870c1ede95dfd240b25,b64c5c5200dfbdfef50da9ea95b568facb6adb455382fb89344720f37b2e82ca
1201,validation,1,25.165897216369757,0.999999999988235,numerical-methods-batch-4-v1,5bdca0dbcf2e61762ffe3358d42f358fb069121f4813a870c1ede95dfd240b25,b64c5c5200dfbdfef50da9ea95b568facb6adb455382fb89344720f37b2e82ca
1204,validation,1,41.28295354840374,1.0,numerical-methods-batch-4-v1,5bdca0dbcf2e61762ffe3358d42f358fb069121f4813a870c1ede95dfd240b25,b64c5c5200dfbdfef50da9ea95b568facb6adb455382fb89344720f37b2e82ca
1205,validation,1,28.946221024042117,0.9999999999997315,numerical-methods-batch-4-v1,5bdca0dbcf2e61762ffe3358d42f358fb069121f4813a870c1ede95dfd240b25,b64c5c5200dfbdfef50da9ea95b568facb6adb455382fb89344720f37b2e82ca
1208,validation,1,30.306429411823927,0.9999999999999312,numerical-methods-batch-4-v1,5bdca0dbcf2e61762ffe3358d42f358fb069121f4813a870c1ede95dfd240b25,b64c5c5200dfbdfef50da9ea95b568facb6adb455382fb89344720f37b2e82ca
1225,validation,1,17.991309566155216,0.9999999846370886,numerical-methods-batch-4-v1,5bdca0dbcf2e61762ffe3358d42f358fb069121f4813a870c1ede95dfd240b25,b64c5c5200dfbdfef50da9ea95b568facb6adb455382fb89344720f37b2e82ca
1226,validation,1,31.395390702187846,0.9999999999999769,numerical-methods-batch-4-v1,5bdca0dbcf2e61762ffe3358d42f358fb069121f4813a870c1ede95dfd240b25,b64c5c5200dfbdfef50da9ea95b568facb6adb455382fb89344720f37b2e82ca
1228,validation,1,35.28076970293643,0.9999999999999996,numerical-methods-batch-4-v1,5bdca0dbcf2e61762ffe3358d42f358fb069121f4813a870c1ede95dfd240b25,b64c5c5200dfbdfef50da9ea95b568facb6adb455382fb89344720f37b2e82ca
1230,validation,1,19.420792798300383,0.9999999963216177,numerical-methods-batch-4-v1,5bdca0dbcf2e61762ffe3358d42f358fb069121f4813a870c1ede95dfd240b25,b64c5c5200dfbdfef50da9ea95b568facb6adb455382fb89344720f37b2e82ca
1232,validation,1,24.989198365411873,0.9999999999859612,numerical-methods-batch-4-v1,5bdca0dbcf2e61762ffe3358d42f358fb069121f4813a870c1ede95dfd240b25,b64c5c5200dfbdfef50da9ea95b568facb6adb455382fb89344720f37b2e82ca
1240,validation,1,33.335803763159824,0.9999999999999967,numerical-methods-batch-4-v1,5bdca0dbcf2e61762ffe3358d42f358fb069121f4813a870c1ede95dfd240b25,b64c5c5200dfbdfef50da9ea95b568facb6adb455382fb89344720f37b2e82ca
1244,validation,1,19.419944202963585,0.9999999963184949,numerical-methods-batch-4-v1,5bdca0dbcf2e61762ffe3358d42f358fb069121f4813a870c1ede95dfd240b25,b64c5c5200dfbdfef50da9ea95b568facb6adb455382fb89344720f37b2e82ca
1267,validation,1,17.893469889981887,0.999999983057997,numerical-methods-batch-4-v1,5bdca0dbcf2e61762ffe3358d42f358fb069121f4813a870c1ede95dfd240b25,b64c5c5200dfbdfef50da9ea95b568facb6adb455382fb89344720f37b2e82ca
1272,validation,1,23.2430693947235,0.9999999999195246,numerical-methods-batch-4-v1,5bdca0dbcf2e61762ffe3358d42f358fb069121f4813a870c1ede95dfd240b25,b64c5c5200dfbdfef50da9ea95b568facb6adb455382fb89344720f37b2e82ca
1275,validation,1,28.408359560194164,0.9999999999995404,numerical-methods-batch-4-v1,5bdca0dbcf2e61762ffe3358d42f358fb069121f4813a870c1ede95dfd240b25,b64c5c5200dfbdfef50da9ea95b568facb6adb455382fb89344720f37b2e82ca
1278,validation,1,14.201506879075529,0.9999993202274355,numerical-methods-batch-4-v1,5bdca0dbcf2e61762ffe3358d42f358fb069121f4813a870c1ede95dfd240b25,b64c5c5200dfbdfef50da9ea95b568facb6adb455382fb89344720f37b2e82ca
1291,validation,1,21.4556939209932,0.9999999995192597,numerical-methods-batch-4-v1,5bdca0dbcf2e61762ffe3358d42f358fb069121f4813a870c1ede95dfd240b25,b64c5c5200dfbdfef50da9ea95b568facb6adb455382fb89344720f37b2e82ca
1300,validation,1,27.584817633849227,0.9999999999989526,numerical-methods-batch-4-v1,5bdca0dbcf2e61762ffe3358d42f358fb069121f4813a870c1ede95dfd240b25,b64c5c5200dfbdfef50da9ea95b568facb6adb455382fb89344720f37b2e82ca
1303,validation,1,23.385144368667937,0.999999999930183,numerical-methods-batch-4-v1,5bdca0dbcf2e61762ffe3358d42f358fb069121f4813a870c1ede95dfd240b25,b64c5c5200dfbdfef50da9ea95b568facb6adb455382fb89344720f37b2e82ca
1317,validation,1,16.983404848251134,0.9999999579078633,numerical-methods-batch-4-v1,5bdca0dbcf2e61762ffe3358d42f358fb069121f4813a870c1ede95dfd240b25,b64c5c5200dfbdfef50da9ea95b568facb6adb455382fb89344720f37b2e82ca
1325,validation,1,18.818409081844855,0.9999999932815549,numerical-methods-batch-4-v1,5bdca0dbcf2e61762ffe3358d42f358fb069121f4813a870c1ede95dfd240b25,b64c5c5200dfbdfef50da9ea95b568facb6adb455382fb89344720f37b2e82ca
1327,validation,1,15.694238267502177,0.999999847215655,numerical-methods-batch-4-v1,5bdca0dbcf2e61762ffe3358d42f358fb069121f4813a870c1ede95dfd240b25,b64c5c5200dfbdfef50da9ea95b568facb6adb455382fb89344720f37b2e82ca
1334,validation,1,21.302342561613216,0.9999999994395845,numerical-methods-batch-4-v1,5bdca0dbcf2e61762ffe3358d42f358fb069121f4813a870c1ede95dfd240b25,b64c5c5200dfbdfef50da9ea95b568facb6adb455382fb89344720f37b2e82ca
1336,validation,1,19.863665918961992,0.9999999976377845,numerical-methods-batch-4-v1,5bdca0dbcf2e61762ffe3358d42f358fb069121f4813a870c1ede95dfd240b25,b64c5c5200dfbdfef50da9ea95b568facb6adb455382fb89344720f37b2e82ca
1338,validation,1,16.3199227976693,0.9999999182763888,numerical-methods-batch-4-v1,5bdca0dbcf2e61762ffe3358d42f358fb069121f4813a870c1ede95dfd240b25,b64c5c5200dfbdfef50da9ea95b568facb6adb455382fb89344720f37b2e82ca
1341,validation,1,18.332244661346756,0.9999999890753558,numerical-methods-batch-4-v1,5bdca0dbcf2e61762ffe3358d42f358fb069121f4813a870c1ede95dfd240b25,b64c5c5200dfbdfef50da9ea95b568facb6adb455382fb89344720f37b2e82ca
1343,validation,1,18.44951129582632,0.9999999902841893,numerical-methods-batch-4-v1,5bdca0dbcf2e61762ffe3358d42f358fb069121f4813a870c1ede95dfd240b25,b64c5c5200dfbdfef50da9ea95b568facb6adb455382fb89344720f37b2e82ca
1349,validation,1,25.146004870651062,0.9999999999879987,numerical-methods-batch-4-v1,5bdca0dbcf2e61762ffe3358d42f358fb069121f4813a870c1ede95dfd240b25,b64c5c5200dfbdfef50da9ea95b568facb6adb455382fb89344720f37b2e82ca
1354,validation,1,15.987770632049655,0.9999998860801546,numerical-methods-batch-4-v1,5bdca0dbcf2e61762ffe3358d42f358fb069121f4813a870c1ede95dfd240b25,b64c5c5200dfbdfef50da9ea95b568facb6adb455382fb89344720f37b2e82ca
1360,validation,1,16.27472163936131,0.9999999144976286,numerical-methods-batch-4-v1,5bdca0dbcf2e61762ffe3358d42f358fb069121f4813a870c1ede95dfd240b25,b64c5c5200dfbdfef50da9ea95b568facb6adb455382fb89344720f37b2e82ca
1365,validation,1,3.2245884302819245,0.961749170406267,numerical-methods-batch-4-v1,5bdca0dbcf2e61762ffe3358d42f358fb069121f4813a870c1ede95dfd240b25,b64c5c5200dfbdfef50da9ea95b568facb6adb455382fb89344720f37b2e82ca
1368,validation,1,8.585421216934693,0.9998132253987414,numerical-methods-batch-4-v1,5bdca0dbcf2e61762ffe3358d42f358fb069121f4813a870c1ede95dfd240b25,b64c5c5200dfbdfef50da9ea95b568facb6adb455382fb89344720f37b2e82ca
14,test,0,-47.17801578676614,3.2422617787107104e-21,numerical-methods-batch-4-v1,5bdca0dbcf2e61762ffe3358d42f358fb069121f4813a870c1ede95dfd240b25,b64c5c5200dfbdfef50da9ea95b568facb6adb455382fb89344720f37b2e82ca
17,test,0,-36.883914317912264,9.583398350828484e-17,numerical-methods-batch-4-v1,5bdca0dbcf2e61762ffe3358d42f358fb069121f4813a870c1ede95dfd240b25,b64c5c5200dfbdfef50da9ea95b568facb6adb455382fb89344720f37b2e82ca
20,test,0,-71.94577419577263,5.679986068702518e-32,numerical-methods-batch-4-v1,5bdca0dbcf2e61762ffe3358d42f358fb069121f4813a870c1ede95dfd240b25,b64c5c5200dfbdfef50da9ea95b568facb6adb455382fb89344720f37b2e82ca
22,test,0,-0.8579908866234103,0.2977592778609787,numerical-methods-batch-4-v1,5bdca0dbcf2e61762ffe3358d42f358fb069121f4813a870c1ede95dfd240b25,b64c5c5200dfbdfef50da9ea95b568facb6adb455382fb89344720f37b2e82ca
27,test,0,-20.080550753231826,1.901636976494389e-09,numerical-methods-batch-4-v1,5bdca0dbcf2e61762ffe3358d42f358fb069121f4813a870c1ede95dfd240b25,b64c5c5200dfbdfef50da9ea95b568facb6adb455382fb89344720f37b2e82ca
31,test,0,-20.047798172645283,1.9649516950281226e-09,numerical-methods-batch-4-v1,5bdca0dbcf2e61762ffe3358d42f358fb069121f4813a870c1ede95dfd240b25,b64c5c5200dfbdfef50da9ea95b568facb6adb455382fb89344720f37b2e82ca
37,test,0,-46.49676442730098,6.407841825649364e-21,numerical-methods-batch-4-v1,5bdca0dbcf2e61762ffe3358d42f358fb069121f4813a870c1ede95dfd240b25,b64c5c5200dfbdfef50da9ea95b568facb6adb455382fb89344720f37b2e82ca
39,test,0,-40.384555767065635,2.892079827620413e-18,numerical-methods-batch-4-v1,5bdca0dbcf2e61762ffe3358d42f358fb069121f4813a870c1ede95dfd240b25,b64c5c5200dfbdfef50da9ea95b568facb6adb455382fb89344720f37b2e82ca
42,test,0,-9.076949372017575,0.00011425661447015645,numerical-methods-batch-4-v1,5bdca0dbcf2e61762ffe3358d42f358fb069121f4813a870c1ede95dfd240b25,b64c5c5200dfbdfef50da9ea95b568facb6adb455382fb89344720f37b2e82ca
44,test,0,-46.808623912009296,4.691080974486107e-21,numerical-methods-batch-4-v1,5bdca0dbcf2e61762ffe3358d42f358fb069121f4813a870c1ede95dfd240b25,b64c5c5200dfbdfef50da9ea95b568facb6adb455382fb89344720f37b2e82ca
46,test,0,-4.046704073261887,0.017179594779198514,numerical-methods-batch-4-v1,5bdca0dbcf2e61762ffe3358d42f358fb069121f4813a870c1ede95dfd240b25,b64c5c5200dfbdfef50da9ea95b568facb6adb455382fb89344720f37b2e82ca
50,test,0,-44.10583766887175,6.999678301069335e-20,numerical-methods-batch-4-v1,5bdca0dbcf2e61762ffe3358d42f358fb069121f4813a870c1ede95dfd240b25,b64c5c5200dfbdfef50da9ea95b568facb6adb455382fb89344720f37b2e82ca
61,test,0,-53.77895409674536,4.406532659134431e-24,numerical-methods-batch-4-v1,5bdca0dbcf2e61762ffe3358d42f358fb069121f4813a870c1ede95dfd240b25,b64c5c5200dfbdfef50da9ea95b568facb6adb455382fb89344720f37b2e82ca
63,test,0,-64.77877812903516,7.360954175824134e-29,numerical-methods-batch-4-v1,5bdca0dbcf2e61762ffe3358d42f358fb069121f4813a870c1ede95dfd240b25,b64c5c5200dfbdfef50da9ea95b568facb6adb455382fb89344720f37b2e82ca
72,test,0,-43.941955130126395,8.24615251505447e-20,numerical-methods-batch-4-v1,5bdca0dbcf2e61762ffe3358d42f358fb069121f4813a870c1ede95dfd240b25,b64c5c5200dfbdfef50da9ea95b568facb6adb455382fb89344720f37b2e82ca
85,test,0,-54.90781896839887,1.42507331776217e-24,numerical-methods-batch-4-v1,5bdca0dbcf2e61762ffe3358d42f358fb069121f4813a870c1ede95dfd240b25,b64c5c5200dfbdfef50da9ea95b568facb6adb455382fb89344720f37b2e82ca
111,test,0,-33.58056926424511,2.6070182378907246e-15,numerical-methods-batch-4-v1,5bdca0dbcf2e61762ffe3358d42f358fb069121f4813a870c1ede95dfd240b25,b64c5c5200dfbdfef50da9ea95b568facb6adb455382fb89344720f37b2e82ca
114,test,0,-61.61595788991071,1.7399208452021092e-27,numerical-methods-batch-4-v1,5bdca0dbcf2e61762ffe3358d42f358fb069121f4813a870c1ede95dfd240b25,b64c5c5200dfbdfef50da9ea95b568facb6adb455382fb89344720f37b2e82ca
121,test,0,-58.03988014266999,6.217278527142605e-26,numerical-methods-batch-4-v1,5bdca0dbcf2e61762ffe3358d42f358fb069121f4813a870c1ede95dfd240b25,b64c5c5200dfbdfef50da9ea95b568facb6adb455382fb89344720f37b2e82ca
134,test,0,-37.55611786876413,4.893113028762194e-17,numerical-methods-batch-4-v1,5bdca0dbcf2e61762ffe3358d42f358fb069121f4813a870c1ede95dfd240b25,b64c5c5200dfbdfef50da9ea95b568facb6adb455382fb89344720f37b2e82ca
138,test,0,-67.6498369480775,4.169165274297605e-30,numerical-methods-batch-4-v1,5bdca0dbcf2e61762ffe3358d42f358fb069121f4813a870c1ede95dfd240b25,b64c5c5200dfbdfef50da9ea95b568facb6adb455382fb89344720f37b2e82ca
139,test,0,-70.90952418296955,1.6009764107696801e-31,numerical-methods-batch-4-v1,5bdca0dbcf2e61762ffe3358d42f358fb069121f4813a870c1ede95dfd240b25,b64c5c5200dfbdfef50da9ea95b568facb6adb455382fb89344720f37b2e82ca
140,test,0,-9.076949372017575,0.00011425661447015645,numerical-methods-batch-4-v1,5bdca0dbcf2e61762ffe3358d42f358fb069121f4813a870c1ede95dfd240b25,b64c5c5200dfbdfef50da9ea95b568facb6adb455382fb89344720f37b2e82ca
141,test,0,-48.31013092732737,1.045145411552757e-21,numerical-methods-batch-4-v1,5bdca0dbcf2e61762ffe3358d42f358fb069121f4813a870c1ede95dfd240b25,b64c5c5200dfbdfef50da9ea95b568facb6adb455382fb89344720f37b2e82ca
144,test,0,-37.76031036306479,3.989381545795019e-17,numerical-methods-batch-4-v1,5bdca0dbcf2e61762ffe3358d42f358fb069121f4813a870c1ede95dfd240b25,b64c5c5200dfbdfef50da9ea95b568facb6adb455382fb89344720f37b2e82ca
145,test,0,-56.136301081820484,4.171710914998033e-25,numerical-methods-batch-4-v1,5bdca0dbcf2e61762ffe3358d42f358fb069121f4813a870c1ede95dfd240b25,b64c5c5200dfbdfef50da9ea95b568facb6adb455382fb89344720f37b2e82ca
155,test,0,-52.44914047989158,1.665818607843479e-23,numerical-methods-batch-4-v1,5bdca0dbcf2e61762ffe3358d42f358fb069121f4813a870c1ede95dfd240b25,b64c5c5200dfbdfef50da9ea95b568facb6adb455382fb89344720f37b2e82ca
166,test,0,-34.30572332596714,1.2624484743563764e-15,numerical-methods-batch-4-v1,5bdca0dbcf2e61762ffe3358d42f358fb069121f4813a870c1ede95dfd240b25,b64c5c5200dfbdfef50da9ea95b568facb6adb455382fb89344720f37b2e82ca
169,test,0,-46.10267864674901,9.503007297325793e-21,numerical-methods-batch-4-v1,5bdca0dbcf2e61762ffe3358d42f358fb069121f4813a870c1ede95dfd240b25,b64c5c5200dfbdfef50da9ea95b568facb6adb455382fb89344720f37b2e82ca
177,test,0,-12.931449100938908,2.4207055235026257e-06,numerical-methods-batch-4-v1,5bdca0dbcf2e61762ffe3358d42f358fb069121f4813a870c1ede95dfd240b25,b64c5c5200dfbdfef50da9ea95b568facb6adb455382fb89344720f37b2e82ca
190,test,0,-37.28968621636838,6.386972471776002e-17,numerical-methods-batch-4-v1,5bdca0dbcf2e61762ffe3358d42f358fb069121f4813a870c1ede95dfd240b25,b64c5c5200dfbdfef50da9ea95b568facb6adb455382fb89344720f37b2e82ca
195,test,0,-33.19717986867838,3.825145578268544e-15,numerical-methods-batch-4-v1,5bdca0dbcf2e61762ffe3358d42f358fb069121f4813a870c1ede95dfd240b25,b64c5c5200dfbdfef50da9ea95b568facb6adb455382fb89344720f37b2e82ca
204,test,0,-60.10002290786363,7.923037087590351e-27,numerical-methods-batch-4-v1,5bdca0dbcf2e61762ffe3358d42f358fb069121f4813a870c1ede95dfd240b25,b64c5c5200dfbdfef50da9ea95b568facb6adb455382fb89344720f37b2e82ca
214,test,0,-43.08537290996555,1.9420494964861008e-19,numerical-methods-batch-4-v1,5bdca0dbcf2e61762ffe3358d42f358fb069121f4813a870c1ede95dfd240b25,b64c5c5200dfbdfef50da9ea95b568facb6adb455382fb89344720f37b2e82ca
225,test,0,-29.13423433759512,2.2241434413697176e-13,numerical-methods-batch-4-v1,5bdca0dbcf2e61762ffe3358d42f358fb069121f4813a870c1ede95dfd240b25,b64c5c5200dfbdfef50da9ea95b568facb6adb455382fb89344720f37b2e82ca
231,test,0,-32.87816369028685,5.262534235912053e-15,numerical-methods-batch-4-v1,5bdca0dbcf2e61762ffe3358d42f358fb069121f4813a870c1ede95dfd240b25,b64c5c5200dfbdfef50da9ea95b568facb6adb455382fb89344720f37b2e82ca
248,test,0,-41.75577844702524,7.3399961629073775e-19,numerical-methods-batch-4-v1,5bdca0dbcf2e61762ffe3358d42f358fb069121f4813a870c1ede95dfd240b25,b64c5c5200dfbdfef50da9ea95b568facb6adb455382fb89344720f37b2e82ca
250,test,0,-33.19097633791575,3.848948742027909e-15,numerical-methods-batch-4-v1,5bdca0dbcf2e61762ffe3358d42f358fb069121f4813a870c1ede95dfd240b25,b64c5c5200dfbdfef50da9ea95b568facb6adb455382fb89344720f37b2e82ca
251,test,0,-35.93594401859433,2.4729640942076537e-16,numerical-methods-batch-4-v1,5bdca0dbcf2e61762ffe3358d42f358fb069121f4813a870c1ede95dfd240b25,b64c5c5200dfbdfef50da9ea95b568facb6adb455382fb89344720f37b2e82ca
252,test,0,-36.427837064594584,1.5121378183565113e-16,numerical-methods-batch-4-v1,5bdca0dbcf2e61762ffe3358d42f358fb069121f4813a870c1ede95dfd240b25,b64c5c5200dfbdfef50da9ea95b568facb6adb455382fb89344720f37b2e82ca
270,test,0,-53.663565277228656,4.945494473064026e-24,numerical-methods-batch-4-v1,5bdca0dbcf2e61762ffe3358d42f358fb069121f4813a870c1ede95dfd240b25,b64c5c5200dfbdfef50da9ea95b568facb6adb455382fb89344720f37b2e82ca
291,test,0,-39.48152399363541,7.134967388334157e-18,numerical-methods-batch-4-v1,5bdca0dbcf2e61762ffe3358d42f358fb069121f4813a870c1ede95dfd240b25,b64c5c5200dfbdfef50da9ea95b568facb6adb455382fb89344720f37b2e82ca
294,test,0,-42.969999296223484,2.179547901505623e-19,numerical-methods-batch-4-v1,5bdca0dbcf2e61762ffe3358d42f358fb069121f4813a870c1ede95dfd240b25,b64c5c5200dfbdfef50da9ea95b568facb6adb455382fb89344720f37b2e82ca
296,test,0,-39.885958157833606,4.761551288331856e-18,numerical-methods-batch-4-v1,5bdca0dbcf2e61762ffe3358d42f358fb069121f4813a870c1ede95dfd240b25,b64c5c5200dfbdfef50da9ea95b568facb6adb455382fb89344720f37b2e82ca
301,test,0,-0.8579908866234103,0.2977592778609787,numerical-methods-batch-4-v1,5bdca0dbcf2e61762ffe3358d42f358fb069121f4813a870c1ede95dfd240b25,b64c5c5200dfbdfef50da9ea95b568facb6adb455382fb89344720f37b2e82ca
302,test,0,-55.57518193485613,7.311477618985947e-25,numerical-methods-batch-4-v1,5bdca0dbcf2e61762ffe3358d42f358fb069121f4813a870c1ede95dfd240b25,b64c5c5200dfbdfef50da9ea95b568facb6adb455382fb89344720f37b2e82ca
303,test,0,-44.75560540107398,3.655001336287226e-20,numerical-methods-batch-4-v1,5bdca0dbcf2e61762ffe3358d42f358fb069121f4813a870c1ede95dfd240b25,b64c5c5200dfbdfef50da9ea95b568facb6adb455382fb89344720f37b2e82ca
309,test,0,-61.74521697504018,1.5289489457872892e-27,numerical-methods-batch-4-v1,5bdca0dbcf2e61762ffe3358d42f358fb069121f4813a870c1ede95dfd240b25,b64c5c5200dfbdfef50da9ea95b568facb6adb455382fb89344720f37b2e82ca
313,test,0,-40.93109554060272,1.6743685904601744e-18,numerical-methods-batch-4-v1,5bdca0dbcf2e61762ffe3358d42f358fb069121f4813a870c1ede95dfd240b25,b64c5c5200dfbdfef50da9ea95b568facb6adb455382fb89344720f37b2e82ca
332,test,0,-46.99551773838503,3.8914008733656326e-21,numerical-methods-batch-4-v1,5bdca0dbcf2e61762ffe3358d42f358fb069121f4813a870c1ede95dfd240b25,b64c5c5200dfbdfef50da9ea95b568facb6adb455382fb89344720f37b2e82ca
340,test,0,-44.93635534359531,3.0506250873281976e-20,numerical-methods-batch-4-v1,5bdca0dbcf2e61762ffe3358d42f358fb069121f4813a870c1ede95dfd240b25,b64c5c5200dfbdfef50da9ea95b568facb6adb455382fb89344720f37b2e82ca
342,test,0,-37.24920924751955,6.650801231695933e-17,numerical-methods-batch-4-v1,5bdca0dbcf2e61762ffe3358d42f358fb069121f4813a870c1ede95dfd240b25,b64c5c5200dfbdfef50da9ea95b568facb6adb455382fb89344720f37b2e82ca
352,test,0,0.9614502478532856,0.7234120749289246,numerical-methods-batch-4-v1,5bdca0dbcf2e61762ffe3358d42f358fb069121f4813a870c1ede95dfd240b25,b64c5c5200dfbdfef50da9ea95b568facb6adb455382fb89344720f37b2e82ca
360,test,0,-37.1942258775173,7.026724766031888e-17,numerical-methods-batch-4-v1,5bdca0dbcf2e61762ffe3358d42f358fb069121f4813a870c1ede95dfd240b25,b64c5c5200dfbdfef50da9ea95b568facb6adb455382fb89344720f37b2e82ca
361,test,0,-24.905198717847725,1.5268965932825167e-11,numerical-methods-batch-4-v1,5bdca0dbcf2e61762ffe3358d42f358fb069121f4813a870c1ede95dfd240b25,b64c5c5200dfbdfef50da9ea95b568facb6adb455382fb89344720f37b2e82ca
363,test,0,-48.07386705197723,1.3236855123947598e-21,numerical-methods-batch-4-v1,5bdca0dbcf2e61762ffe3358d42f358fb069121f4813a870c1ede95dfd240b25,b64c5c5200dfbdfef50da9ea95b568facb6adb455382fb89344720f37b2e82ca
367,test,0,-48.103450668847096,1.285099675765334e-21,numerical-methods-batch-4-v1,5bdca0dbcf2e61762ffe3358d42f358fb069121f4813a870c1ede95dfd240b25,b64c5c5200dfbdfef50da9ea95b568facb6adb455382fb89344720f37b2e82ca
370,test,0,-28.46059466189992,4.3623528095243936e-13,numerical-methods-batch-4-v1,5bdca0dbcf2e61762ffe3358d42f358fb069121f4813a870c1ede95dfd240b25,b64c5c5200dfbdfef50da9ea95b568facb6adb455382fb89344720f37b2e82ca
382,test,0,-71.10648233167157,1.3147618560173766e-31,numerical-methods-batch-4-v1,5bdca0dbcf2e61762ffe3358d42f358fb069121f4813a870c1ede95dfd240b25,b64c5c5200dfbdfef50da9ea95b568facb6adb455382fb89344720f37b2e82ca
383,test,0,-42.722694753601424,2.7910615665979827e-19,numerical-methods-batch-4-v1,5bdca0dbcf2e61762ffe3358d42f358fb069121f4813a870c1ede95dfd240b25,b64c5c5200dfbdfef50da9ea95b568facb6adb455382fb89344720f37b2e82ca
386,test,0,-53.884102580596654,3.966720374947504e-24,numerical-methods-batch-4-v1,5bdca0dbcf2e61762ffe3358d42f358fb069121f4813a870c1ede95dfd240b25,b64c5c5200dfbdfef50da9ea95b568facb6adb455382fb89344720f37b2e82ca
387,test,0,-34.862417843261554,7.235096114428059e-16,numerical-methods-batch-4-v1,5bdca0dbcf2e61762ffe3358d42f358fb069121f4813a870c1ede95dfd240b25,b64c5c5200dfbdfef50da9ea95b568facb6adb455382fb89344720f37b2e82ca
389,test,0,-43.94253131140245,8.241402604911874e-20,numerical-methods-batch-4-v1,5bdca0dbcf2e61762ffe3358d42f358fb069121f4813a870c1ede95dfd240b25,b64c5c5200dfbdfef50da9ea95b568facb6adb455382fb89344720f37b2e82ca
391,test,0,-15.840068169378137,1.3205223123771084e-07,numerical-methods-batch-4-v1,5bdca0dbcf2e61762ffe3358d42f358fb069121f4813a870c1ede95dfd240b25,b64c5c5200dfbdfef50da9ea95b568facb6adb455382fb89344720f37b2e82ca
392,test,0,-50.87352209270615,8.052117063881503e-23,numerical-methods-batch-4-v1,5bdca0dbcf2e61762ffe3358d42f358fb069121f4813a870c1ede95dfd240b25,b64c5c5200dfbdfef50da9ea95b568facb6adb455382fb89344720f37b2e82ca
393,test,0,-39.862457981917835,4.874773744435817e-18,numerical-methods-batch-4-v1,5bdca0dbcf2e61762ffe3358d42f358fb069121f4813a870c1ede95dfd240b25,b64c5c5200dfbdfef50da9ea95b568facb6adb455382fb89344720f37b2e82ca
395,test,0,-29.756567710888845,1.193677046461654e-13,numerical-methods-batch-4-v1,5bdca0dbcf2e61762ffe3358d42f358fb069121f4813a870c1ede95dfd240b25,b64c5c5200dfbdfef50da9ea95b568facb6adb455382fb89344720f37b2e82ca
401,test,0,-46.850922958379186,4.496790834586814e-21,numerical-methods-batch-4-v1,5bdca0dbcf2e61762ffe3358d42f358fb069121f4813a870c1ede95dfd240b25,b64c5c5200dfbdfef50da9ea95b568facb6adb455382fb89344720f37b2e82ca
407,test,0,-39.74445789347759,5.4853109352967685e-18,numerical-methods-batch-4-v1,5bdca0dbcf2e61762ffe3358d42f358fb069121f4813a870c1ede95dfd240b25,b64c5c5200dfbdfef50da9ea95b568facb6adb455382fb89344720f37b2e82ca
413,test,0,-53.29922781100656,7.119335702429246e-24,numerical-methods-batch-4-v1,5bdca0dbcf2e61762ffe3358d42f358fb069121f4813a870c1ede95dfd240b25,b64c5c5200dfbdfef50da9ea95b568facb6adb455382fb89344720f37b2e82ca
422,test,0,-37.58647441395834,4.7468069309576795e-17,numerical-methods-batch-4-v1,5bdca0dbcf2e61762ffe3358d42f358fb069121f4813a870c1ede95dfd240b25,b64c5c5200dfbdfef50da9ea95b568facb6adb455382fb89344720f37b2e82ca
441,test,0,-44.42224612323842,5.1010976223505063e-20,numerical-methods-batch-4-v1,5bdca0dbcf2e61762ffe3358d42f358fb069121f4813a870c1ede95dfd240b25,b64c5c5200dfbdfef50da9ea95b568facb6adb455382fb89344720f37b2e82ca
444,test,0,-50.101298782885095,1.7429398613429278e-22,numerical-methods-batch-4-v1,5bdca0dbcf2e61762ffe3358d42f358fb069121f4813a870c1ede95dfd240b25,b64c5c5200dfbdfef50da9ea95b568facb6adb455382fb89344720f37b2e82ca
464,test,0,-40.809972318927464,1.8899669742278444e-18,numerical-methods-batch-4-v1,5bdca0dbcf2e61762ffe3358d42f358fb069121f4813a870c1ede95dfd240b25,b64c5c5200dfbdfef50da9ea95b568facb6adb455382fb89344720f37b2e82ca
495,test,0,-34.46950407581826,1.0717280214156374e-15,numerical-methods-batch-4-v1,5bdca0dbcf2e61762ffe3358d42f358fb069121f4813a870c1ede95dfd240b25,b64c5c5200dfbdfef50da9ea95b568facb6adb455382fb89344720f37b2e82ca
496,test,0,-15.895152907996975,1.2497488585724883e-07,numerical-methods-batch-4-v1,5bdca0dbcf2e61762ffe3358d42f358fb069121f4813a870c1ede95dfd240b25,b64c5c5200dfbdfef50da9ea95b568facb6adb455382fb89344720f37b2e82ca
501,test,0,-54.89262401838298,1.446892587135341e-24,numerical-methods-batch-4-v1,5bdca0dbcf2e61762ffe3358d42f358fb069121f4813a870c1ede95dfd240b25,b64c5c5200dfbdfef50da9ea95b568facb6adb455382fb89344720f37b2e82ca
524,test,0,-18.99817375217698,5.613037849688611e-09,numerical-methods-batch-4-v1,5bdca0dbcf2e61762ffe3358d42f358fb069121f4813a870c1ede95dfd240b25,b64c5c5200dfbdfef50da9ea95b568facb6adb455382fb89344720f37b2e82ca
525,test,0,-31.62440606160768,1.8437199456503924e-14,numerical-methods-batch-4-v1,5bdca0dbcf2e61762ffe3358d42f358fb069121f4813a870c1ede95dfd240b25,b64c5c5200dfbdfef50da9ea95b568facb6adb455382fb89344720f37b2e82ca
528,test,0,-52.49252319669912,1.5950960313445634e-23,numerical-methods-batch-4-v1,5bdca0dbcf2e61762ffe3358d42f358fb069121f4813a870c1ede95dfd240b25,b64c5c5200dfbdfef50da9ea95b568facb6adb455382fb89344720f37b2e82ca
537,test,0,-50.62211131393033,1.0353719477214644e-22,numerical-methods-batch-4-v1,5bdca0dbcf2e61762ffe3358d42f358fb069121f4813a870c1ede95dfd240b25,b64c5c5200dfbdfef50da9ea95b568facb6adb455382fb89344720f37b2e82ca
546,test,0,-30.232141531049564,7.419040757572621e-14,numerical-methods-batch-4-v1,5bdca0dbcf2e61762ffe3358d42f358fb069121f4813a870c1ede95dfd240b25,b64c5c5200dfbdfef50da9ea95b568facb6adb455382fb89344720f37b2e82ca
550,test,0,-44.646238519141995,4.077415536383377e-20,numerical-methods-batch-4-v1,5bdca0dbcf2e61762ffe3358d42f358fb069121f4813a870c1ede95dfd240b25,b64c5c5200dfbdfef50da9ea95b568facb6adb455382fb89344720f37b2e82ca
556,test,0,-37.85201350552526,3.6398157978194615e-17,numerical-methods-batch-4-v1,5bdca0dbcf2e61762ffe3358d42f358fb069121f4813a870c1ede95dfd240b25,b64c5c5200dfbdfef50da9ea95b568facb6adb455382fb89344720f37b2e82ca
559,test,0,-33.051797673905284,4.423710046320798e-15,numerical-methods-batch-4-v1,5bdca0dbcf2e61762ffe3358d42f358fb069121f4813a870c1ede95dfd240b25,b64c5c5200dfbdfef50da9ea95b568facb6adb455382fb89344720f37b2e82ca
569,test,0,-58.9043081028215,2.6192926882891305e-26,numerical-methods-batch-4-v1,5bdca0dbcf2e61762ffe3358d42f358fb069121f4813a870c1ede95dfd240b25,b64c5c5200dfbdfef50da9ea95b568facb6adb455382fb89344720f37b2e82ca
586,test,0,-33.62057500253205,2.5047812174483302e-15,numerical-methods-batch-4-v1,5bdca0dbcf2e61762ffe3358d42f358fb069121f4813a870c1ede95dfd240b25,b64c5c5200dfbdfef50da9ea95b568facb6adb455382fb89344720f37b2e82ca
588,test,0,-34.26885795169535,1.3098576186011173e-15,numerical-methods-batch-4-v1,5bdca0dbcf2e61762ffe3358d42f358fb069121f4813a870c1ede95dfd240b25,b64c5c5200dfbdfef50da9ea95b568facb6adb455382fb89344720f37b2e82ca
593,test,0,-43.55321834469053,1.2164033394790594e-19,numerical-methods-batch-4-v1,5bdca0dbcf2e61762ffe3358d42f358fb069121f4813a870c1ede95dfd240b25,b64c5c5200dfbdfef50da9ea95b568facb6adb455382fb89344720f37b2e82ca
603,test,0,-51.35213656762729,4.989424493936589e-23,numerical-methods-batch-4-v1,5bdca0dbcf2e61762ffe3358d42f358fb069121f4813a870c1ede95dfd240b25,b64c5c5200dfbdfef50da9ea95b568facb6adb455382fb89344720f37b2e82ca
604,test,0,-48.66828540749105,7.305201570926502e-22,numerical-methods-batch-4-v1,5bdca0dbcf2e61762ffe3358d42f358fb069121f4813a870c1ede95dfd240b25,b64c5c5200dfbdfef50da9ea95b568facb6adb455382fb89344720f37b2e82ca
607,test,0,-38.33675825544583,2.2415964781181758e-17,numerical-methods-batch-4-v1,5bdca0dbcf2e61762ffe3358d42f358fb069121f4813a870c1ede95dfd240b25,b64c5c5200dfbdfef50da9ea95b568facb6adb455382fb89344720f37b2e82ca
611,test,0,-49.83557894136746,2.273437730184811e-22,numerical-methods-batch-4-v1,5bdca0dbcf2e61762ffe3358d42f358fb069121f4813a870c1ede95dfd240b25,b64c5c5200dfbdfef50da9ea95b568facb6adb455382fb89344720f37b2e82ca
617,test,0,-56.71545482078391,2.337711604487028e-25,numerical-methods-batch-4-v1,5bdca0dbcf2e61762ffe3358d42f358fb069121f4813a870c1ede95dfd240b25,b64c5c5200dfbdfef50da9ea95b568facb6adb455382fb89344720f37b2e82ca
628,test,0,-44.565470404646376,4.4204055940287895e-20,numerical-methods-batch-4-v1,5bdca0dbcf2e61762ffe3358d42f358fb069121f4813a870c1ede95dfd240b25,b64c5c5200dfbdfef50da9ea95b568facb6adb455382fb89344720f37b2e82ca
631,test,0,-41.24665474880753,1.2212524433700662e-18,numerical-methods-batch-4-v1,5bdca0dbcf2e61762ffe3358d42f358fb069121f4813a870c1ede95dfd240b25,b64c5c5200dfbdfef50da9ea95b568facb6adb455382fb89344720f37b2e82ca
637,test,0,-34.97954984082743,6.435384863306419e-16,numerical-methods-batch-4-v1,5bdca0dbcf2e61762ffe3358d42f358fb069121f4813a870c1ede95dfd240b25,b64c5c5200dfbdfef50da9ea95b568facb6adb455382fb89344720f37b2e82ca
639,test,0,-51.820981957251725,3.122004244418349e-23,numerical-methods-batch-4-v1,5bdca0dbcf2e61762ffe3358d42f358fb069121f4813a870c1ede95dfd240b25,b64c5c5200dfbdfef50da9ea95b568facb6adb455382fb89344720f37b2e82ca
641,test,0,-32.94032457331895,4.945370179331848e-15,numerical-methods-batch-4-v1,5bdca0dbcf2e61762ffe3358d42f358fb069121f4813a870c1ede95dfd240b25,b64c5c5200dfbdfef50da9ea95b568facb6adb455382fb89344720f37b2e82ca
646,test,0,-51.54290169153191,4.122894426190785e-23,numerical-methods-batch-4-v1,5bdca0dbcf2e61762ffe3358d42f358fb069121f4813a870c1ede95dfd240b25,b64c5c5200dfbdfef50da9ea95b568facb6adb455382fb89344720f37b2e82ca
650,test,0,-35.568960142834925,3.5694136730770094e-16,numerical-methods-batch-4-v1,5bdca0dbcf2e61762ffe3358d42f358fb069121f4813a870c1ede95dfd240b25,b64c5c5200dfbdfef50da9ea95b568facb6adb455382fb89344720f37b2e82ca
672,test,0,0.9617699901810273,0.7234760466560518,numerical-methods-batch-4-v1,5bdca0dbcf2e61762ffe3358d42f358fb069121f4813a870c1ede95dfd240b25,b64c5c5200dfbdfef50da9ea95b568facb6adb455382fb89344720f37b2e82ca
674,test,0,-49.19057590147573,4.333155997894696e-22,numerical-methods-batch-4-v1,5bdca0dbcf2e61762ffe3358d42f358fb069121f4813a870c1ede95dfd240b25,b64c5c5200dfbdfef50da9ea95b568facb6adb455382fb89344720f37b2e82ca
693,test,0,-62.21558718933327,9.552428491791472e-28,numerical-methods-batch-4-v1,5bdca0dbcf2e61762ffe3358d42f358fb069121f4813a870c1ede95dfd240b25,b64c5c5200dfbdfef50da9ea95b568facb6adb455382fb89344720f37b2e82ca
694,test,0,-42.978623726473764,2.160831368381584e-19,numerical-methods-batch-4-v1,5bdca0dbcf2e61762ffe3358d42f358fb069121f4813a870c1ede95dfd240b25,b64c5c5200dfbdfef50da9ea95b568facb6adb455382fb89344720f37b2e82ca
698,test,0,-56.10175439483866,4.318348035843289e-25,numerical-methods-batch-4-v1,5bdca0dbcf2e61762ffe3358d42f358fb069121f4813a870c1ede95dfd240b25,b64c5c5200dfbdfef50da9ea95b568facb6adb455382fb89344720f37b2e82ca
701,test,0,-49.135546237394216,4.578291110286836e-22,numerical-methods-batch-4-v1,5bdca0dbcf2e61762ffe3358d42f358fb069121f4813a870c1ede95dfd240b25,b64c5c5200dfbdfef50da9ea95b568facb6adb455382fb89344720f37b2e82ca
703,test,0,-37.406508793587925,5.682764302439326e-17,numerical-methods-batch-4-v1,5bdca0dbcf2e61762ffe3358d42f358fb069121f4813a870c1ede95dfd240b25,b64c5c5200dfbdfef50da9ea95b568facb6adb455382fb89344720f37b2e82ca
712,test,0,-39.923345376292005,4.586816899723308e-18,numerical-methods-batch-4-v1,5bdca0dbcf2e61762ffe3358d42f358fb069121f4813a870c1ede95dfd240b25,b64c5c5200dfbdfef50da9ea95b568facb6adb455382fb89344720f37b2e82ca
714,test,0,-58.40533704650418,4.314042378243773e-26,numerical-methods-batch-4-v1,5bdca0dbcf2e61762ffe3358d42f358fb069121f4813a870c1ede95dfd240b25,b64c5c5200dfbdfef50da9ea95b568facb6adb455382fb89344720f37b2e82ca
721,test,0,-47.73512217607779,1.8573760702249794e-21,numerical-methods-batch-4-v1,5bdca0dbcf2e61762ffe3358d42f358fb069121f4813a870c1ede95dfd240b25,b64c5c5200dfbdfef50da9ea95b568facb6adb455382fb89344720f37b2e82ca
726,test,0,-27.134692919774288,1.6426785901529732e-12,numerical-methods-batch-4-v1,5bdca0dbcf2e61762ffe3358d42f358fb069121f4813a870c1ede95dfd240b25,b64c5c5200dfbdfef50da9ea95b568facb6adb455382fb89344720f37b2e82ca
728,test,0,-5.038738606655068,0.006440174720187516,numerical-methods-batch-4-v1,5bdca0dbcf2e61762ffe3358d42f358fb069121f4813a870c1ede95dfd240b25,b64c5c5200dfbdfef50da9ea95b568facb6adb455382fb89344720f37b2e82ca
734,test,0,-30.51813787760139,5.573668330421862e-14,numerical-methods-batch-4-v1,5bdca0dbcf2e61762ffe3358d42f358fb069121f4813a870c1ede95dfd240b25,b64c5c5200dfbdfef50da9ea95b568facb6adb455382fb89344720f37b2e82ca
767,test,1,21.44519239182017,0.9999999995141846,numerical-methods-batch-4-v1,5bdca0dbcf2e61762ffe3358d42f358fb069121f4813a870c1ede95dfd240b25,b64c5c5200dfbdfef50da9ea95b568facb6adb455382fb89344720f37b2e82ca
768,test,1,25.737582957640946,0.9999999999933578,numerical-methods-batch-4-v1,5bdca0dbcf2e61762ffe3358d42f358fb069121f4813a870c1ede95dfd240b25,b64c5c5200dfbdfef50da9ea95b568facb6adb455382fb89344720f37b2e82ca
771,test,1,7.546161586412209,0.9994721453416537,numerical-methods-batch-4-v1,5bdca0dbcf2e61762ffe3358d42f358fb069121f4813a870c1ede95dfd240b25,b64c5c5200dfbdfef50da9ea95b568facb6adb455382fb89344720f37b2e82ca
780,test,1,15.161865407317665,0.9999997398131129,numerical-methods-batch-4-v1,5bdca0dbcf2e61762ffe3358d42f358fb069121f4813a870c1ede95dfd240b25,b64c5c5200dfbdfef50da9ea95b568facb6adb455382fb89344720f37b2e82ca
787,test,1,24.269934657907555,0.9999999999711795,numerical-methods-batch-4-v1,5bdca0dbcf2e61762ffe3358d42f358fb069121f4813a870c1ede95dfd240b25,b64c5c5200dfbdfef50da9ea95b568facb6adb455382fb89344720f37b2e82ca
791,test,1,12.65124097361596,0.9999967964281811,numerical-methods-batch-4-v1,5bdca0dbcf2e61762ffe3358d42f358fb069121f4813a870c1ede95dfd240b25,b64c5c5200dfbdfef50da9ea95b568facb6adb455382fb89344720f37b2e82ca
798,test,1,13.7065502573107,0.9999988848831634,numerical-methods-batch-4-v1,5bdca0dbcf2e61762ffe3358d42f358fb069121f4813a870c1ede95dfd240b25,b64c5c5200dfbdfef50da9ea95b568facb6adb455382fb89344720f37b2e82ca
807,test,1,29.990680325355072,0.9999999999999056,numerical-methods-batch-4-v1,5bdca0dbcf2e61762ffe3358d42f358fb069121f4813a870c1ede95dfd240b25,b64c5c5200dfbdfef50da9ea95b568facb6adb455382fb89344720f37b2e82ca
813,test,1,29.411263440597068,0.9999999999998315,numerical-methods-batch-4-v1,5bdca0dbcf2e61762ffe3358d42f358fb069121f4813a870c1ede95dfd240b25,b64c5c5200dfbdfef50da9ea95b568facb6adb455382fb89344720f37b2e82ca
825,test,1,14.883220877310796,0.9999996562053209,numerical-methods-batch-4-v1,5bdca0dbcf2e61762ffe3358d42f358fb069121f4813a870c1ede95dfd240b25,b64c5c5200dfbdfef50da9ea95b568facb6adb455382fb89344720f37b2e82ca
842,test,1,32.09913934715644,0.9999999999999885,numerical-methods-batch-4-v1,5bdca0dbcf2e61762ffe3358d42f358fb069121f4813a870c1ede95dfd240b25,b64c5c5200dfbdfef50da9ea95b568facb6adb455382fb89344720f37b2e82ca
847,test,1,24.173116594386514,0.9999999999682496,numerical-methods-batch-4-v1,5bdca0dbcf2e61762ffe3358d42f358fb069121f4813a870c1ede95dfd240b25,b64c5c5200dfbdfef50da9ea95b568facb6adb455382fb89344720f37b2e82ca
869,test,1,35.31222245689652,0.9999999999999996,numerical-methods-batch-4-v1,5bdca0dbcf2e61762ffe3358d42f358fb069121f4813a870c1ede95dfd240b25,b64c5c5200dfbdfef50da9ea95b568facb6adb455382fb89344720f37b2e82ca
878,test,1,20.988698176325045,0.9999999992331257,numerical-methods-batch-4-v1,5bdca0dbcf2e61762ffe3358d42f358fb069121f4813a870c1ede95dfd240b25,b64c5c5200dfbdfef50da9ea95b568facb6adb455382fb89344720f37b2e82ca
880,test,1,18.418541943403902,0.9999999899785893,numerical-methods-batch-4-v1,5bdca0dbcf2e61762ffe3358d42f358fb069121f4813a870c1ede95dfd240b25,b64c5c5200dfbdfef50da9ea95b568facb6adb455382fb89344720f37b2e82ca
892,test,1,12.548696009828655,0.9999964504849143,numerical-methods-batch-4-v1,5bdca0dbcf2e61762ffe3358d42f358fb069121f4813a870c1ede95dfd240b25,b64c5c5200dfbdfef50da9ea95b568facb6adb455382fb89344720f37b2e82ca
899,test,1,33.28846366604758,0.9999999999999964,numerical-methods-batch-4-v1,5bdca0dbcf2e61762ffe3358d42f358fb069121f4813a870c1ede95dfd240b25,b64c5c5200dfbdfef50da9ea95b568facb6adb455382fb89344720f37b2e82ca
906,test,1,14.307069935464908,0.9999993883285514,numerical-methods-batch-4-v1,5bdca0dbcf2e61762ffe3358d42f358fb069121f4813a870c1ede95dfd240b25,b64c5c5200dfbdfef50da9ea95b568facb6adb455382fb89344720f37b2e82ca
908,test,1,15.966769824630033,0.999999883662448,numerical-methods-batch-4-v1,5bdca0dbcf2e61762ffe3358d42f358fb069121f4813a870c1ede95dfd240b25,b64c5c5200dfbdfef50da9ea95b568facb6adb455382fb89344720f37b2e82ca
921,test,1,23.727945281242093,0.9999999999504454,numerical-methods-batch-4-v1,5bdca0dbcf2e61762ffe3358d42f358fb069121f4813a870c1ede95dfd240b25,b64c5c5200dfbdfef50da9ea95b568facb6adb455382fb89344720f37b2e82ca
929,test,1,29.180583129468054,0.9999999999997877,numerical-methods-batch-4-v1,5bdca0dbcf2e61762ffe3358d42f358fb069121f4813a870c1ede95dfd240b25,b64c5c5200dfbdfef50da9ea95b568facb6adb455382fb89344720f37b2e82ca
930,test,1,31.591753234511785,0.9999999999999809,numerical-methods-batch-4-v1,5bdca0dbcf2e61762ffe3358d42f358fb069121f4813a870c1ede95dfd240b25,b64c5c5200dfbdfef50da9ea95b568facb6adb455382fb89344720f37b2e82ca
936,test,1,21.02275068966148,0.9999999992588,numerical-methods-batch-4-v1,5bdca0dbcf2e61762ffe3358d42f358fb069121f4813a870c1ede95dfd240b25,b64c5c5200dfbdfef50da9ea95b568facb6adb455382fb89344720f37b2e82ca
943,test,1,-3.600363581674637,0.02658758221509544,numerical-methods-batch-4-v1,5bdca0dbcf2e61762ffe3358d42f358fb069121f4813a870c1ede95dfd240b25,b64c5c5200dfbdfef50da9ea95b568facb6adb455382fb89344720f37b2e82ca
944,test,1,2.500904053626611,0.9242051732010232,numerical-methods-batch-4-v1,5bdca0dbcf2e61762ffe3358d42f358fb069121f4813a870c1ede95dfd240b25,b64c5c5200dfbdfef50da9ea95b568facb6adb455382fb89344720f37b2e82ca
952,test,1,28.375750402420287,0.999999999999525,numerical-methods-batch-4-v1,5bdca0dbcf2e61762ffe3358d42f358fb069121f4813a870c1ede95dfd240b25,b64c5c5200dfbdfef50da9ea95b568facb6adb455382fb89344720f37b2e82ca
964,test,1,25.739029431197302,0.9999999999933675,numerical-methods-batch-4-v1,5bdca0dbcf2e61762ffe3358d42f358fb069121f4813a870c1ede95dfd240b25,b64c5c5200dfbdfef50da9ea95b568facb6adb455382fb89344720f37b2e82ca
973,test,1,6.005803961504894,0.9975416511094782,numerical-methods-batch-4-v1,5bdca0dbcf2e61762ffe3358d42f358fb069121f4813a870c1ede95dfd240b25,b64c5c5200dfbdfef50da9ea95b568facb6adb455382fb89344720f37b2e82ca
977,test,1,22.786588722520754,0.999999999872969,numerical-methods-batch-4-v1,5bdca0dbcf2e61762ffe3358d42f358fb069121f4813a870c1ede95dfd240b25,b64c5c5200dfbdfef50da9ea95b568facb6adb455382fb89344720f37b2e82ca
980,test,1,1.877768212001607,0.8673545683100792,numerical-methods-batch-4-v1,5bdca0dbcf2e61762ffe3358d42f358fb069121f4813a870c1ede95dfd240b25,b64c5c5200dfbdfef50da9ea95b568facb6adb455382fb89344720f37b2e82ca
984,test,1,30.51832926321996,0.9999999999999443,numerical-methods-batch-4-v1,5bdca0dbcf2e61762ffe3358d42f358fb069121f4813a870c1ede95dfd240b25,b64c5c5200dfbdfef50da9ea95b568facb6adb455382fb89344720f37b2e82ca
986,test,1,13.176017389727532,0.9999981044836669,numerical-methods-batch-4-v1,5bdca0dbcf2e61762ffe3358d42f358fb069121f4813a870c1ede95dfd240b25,b64c5c5200dfbdfef50da9ea95b568facb6adb455382fb89344720f37b2e82ca
989,test,1,37.159380906253915,1.0,numerical-methods-batch-4-v1,5bdca0dbcf2e61762ffe3358d42f358fb069121f4813a870c1ede95dfd240b25,b64c5c5200dfbdfef50da9ea95b568facb6adb455382fb89344720f37b2e82ca
1014,test,1,13.145572072826921,0.9999980458867089,numerical-methods-batch-4-v1,5bdca0dbcf2e61762ffe3358d42f358fb069121f4813a870c1ede95dfd240b25,b64c5c5200dfbdfef50da9ea95b568facb6adb455382fb89344720f37b2e82ca
1019,test,1,14.644091944997223,0.9999995633318802,numerical-methods-batch-4-v1,5bdca0dbcf2e61762ffe3358d42f358fb069121f4813a870c1ede95dfd240b25,b64c5c5200dfbdfef50da9ea95b568facb6adb455382fb89344720f37b2e82ca
1053,test,1,31.49728444969903,0.9999999999999791,numerical-methods-batch-4-v1,5bdca0dbcf2e61762ffe3358d42f358fb069121f4813a870c1ede95dfd240b25,b64c5c5200dfbdfef50da9ea95b568facb6adb455382fb89344720f37b2e82ca
1059,test,1,8.752659447451562,0.9998419845074185,numerical-methods-batch-4-v1,5bdca0dbcf2e61762ffe3358d42f358fb069121f4813a870c1ede95dfd240b25,b64c5c5200dfbdfef50da9ea95b568facb6adb455382fb89344720f37b2e82ca
1061,test,1,16.079578783457983,0.999999896073185,numerical-methods-batch-4-v1,5bdca0dbcf2e61762ffe3358d42f358fb069121f4813a870c1ede95dfd240b25,b64c5c5200dfbdfef50da9ea95b568facb6adb455382fb89344720f37b2e82ca
1068,test,1,12.133945328407767,0.9999946260680053,numerical-methods-batch-4-v1,5bdca0dbcf2e61762ffe3358d42f358fb069121f4813a870c1ede95dfd240b25,b64c5c5200dfbdfef50da9ea95b568facb6adb455382fb89344720f37b2e82ca
1071,test,1,4.899014799667155,0.9926012268238774,numerical-methods-batch-4-v1,5bdca0dbcf2e61762ffe3358d42f358fb069121f4813a870c1ede95dfd240b25,b64c5c5200dfbdfef50da9ea95b568facb6adb455382fb89344720f37b2e82ca
1073,test,1,16.464916279786436,0.999999929306793,numerical-methods-batch-4-v1,5bdca0dbcf2e61762ffe3358d42f358fb069121f4813a870c1ede95dfd240b25,b64c5c5200dfbdfef50da9ea95b568facb6adb455382fb89344720f37b2e82ca
1078,test,1,13.049368298883605,0.9999978485541432,numerical-methods-batch-4-v1,5bdca0dbcf2e61762ffe3358d42f358fb069121f4813a870c1ede95dfd240b25,b64c5c5200dfbdfef50da9ea95b568facb6adb455382fb89344720f37b2e82ca
1079,test,1,9.99668894042558,0.9999544515739817,numerical-methods-batch-4-v1,5bdca0dbcf2e61762ffe3358d42f358fb069121f4813a870c1ede95dfd240b25,b64c5c5200dfbdfef50da9ea95b568facb6adb455382fb89344720f37b2e82ca
1082,test,1,30.770314434425565,0.9999999999999567,numerical-methods-batch-4-v1,5bdca0dbcf2e61762ffe3358d42f358fb069121f4813a870c1ede95dfd240b25,b64c5c5200dfbdfef50da9ea95b568facb6adb455382fb89344720f37b2e82ca
1089,test,1,15.1303248870925,0.9999997314758963,numerical-methods-batch-4-v1,5bdca0dbcf2e61762ffe3358d42f358fb069121f4813a870c1ede95dfd240b25,b64c5c5200dfbdfef50da9ea95b568facb6adb455382fb89344720f37b2e82ca
1094,test,1,10.488580569646713,0.9999721480735593,numerical-methods-batch-4-v1,5bdca0dbcf2e61762ffe3358d42f358fb069121f4813a870c1ede95dfd240b25,b64c5c5200dfbdfef50da9ea95b568facb6adb455382fb89344720f37b2e82ca
1097,test,1,21.3867762405838,0.9999999994849598,numerical-methods-batch-4-v1,5bdca0dbcf2e61762ffe3358d42f358fb069121f4813a870c1ede95dfd240b25,b64c5c5200dfbdfef50da9ea95b568facb6adb455382fb89344720f37b2e82ca
1112,test,1,32.28284056133976,0.9999999999999905,numerical-methods-batch-4-v1,5bdca0dbcf2e61762ffe3358d42f358fb069121f4813a870c1ede95dfd240b25,b64c5c5200dfbdfef50da9ea95b568facb6adb455382fb89344720f37b2e82ca
1140,test,1,20.44235019634599,0.999999998675658,numerical-methods-batch-4-v1,5bdca0dbcf2e61762ffe3358d42f358fb069121f4813a870c1ede95dfd240b25,b64c5c5200dfbdfef50da9ea95b568facb6adb455382fb89344720f37b2e82ca
1150,test,1,20.98066186401997,0.9999999992269379,numerical-methods-batch-4-v1,5bdca0dbcf2e61762ffe3358d42f358fb069121f4813a870c1ede95dfd240b25,b64c5c5200dfbdfef50da9ea95b568facb6adb455382fb89344720f37b2e82ca
1151,test,1,33.96511365553538,0.9999999999999982,numerical-methods-batch-4-v1,5bdca0dbcf2e61762ffe3358d42f358fb069121f4813a870c1ede95dfd240b25,b64c5c5200dfbdfef50da9ea95b568facb6adb455382fb89344720f37b2e82ca
1165,test,1,29.226247877031028,0.999999999999797,numerical-methods-batch-4-v1,5bdca0dbcf2e61762ffe3358d42f358fb069121f4813a870c1ede95dfd240b25,b64c5c5200dfbdfef50da9ea95b568facb6adb455382fb89344720f37b2e82ca
1167,test,1,32.18739780506719,0.9999999999999896,numerical-methods-batch-4-v1,5bdca0dbcf2e61762ffe3358d42f358fb069121f4813a870c1ede95dfd240b25,b64c5c5200dfbdfef50da9ea95b568facb6adb455382fb89344720f37b2e82ca
1168,test,1,31.026070063456395,0.9999999999999665,numerical-methods-batch-4-v1,5bdca0dbcf2e61762ffe3358d42f358fb069121f4813a870c1ede95dfd240b25,b64c5c5200dfbdfef50da9ea95b568facb6adb455382fb89344720f37b2e82ca
1169,test,1,14.835057477751656,0.9999996392417745,numerical-methods-batch-4-v1,5bdca0dbcf2e61762ffe3358d42f358fb069121f4813a870c1ede95dfd240b25,b64c5c5200dfbdfef50da9ea95b568facb6adb455382fb89344720f37b2e82ca
1175,test,1,37.415382123479034,1.0,numerical-methods-batch-4-v1,5bdca0dbcf2e61762ffe3358d42f358fb069121f4813a870c1ede95dfd240b25,b64c5c5200dfbdfef50da9ea95b568facb6adb455382fb89344720f37b2e82ca
1182,test,1,10.388359083701117,0.9999692121329347,numerical-methods-batch-4-v1,5bdca0dbcf2e61762ffe3358d42f358fb069121f4813a870c1ede95dfd240b25,b64c5c5200dfbdfef50da9ea95b568facb6adb455382fb89344720f37b2e82ca
1186,test,1,15.225208671135372,0.9999997557830617,numerical-methods-batch-4-v1,5bdca0dbcf2e61762ffe3358d42f358fb069121f4813a870c1ede95dfd240b25,b64c5c5200dfbdfef50da9ea95b568facb6adb455382fb89344720f37b2e82ca
1187,test,1,7.492158425034836,0.9994428720926346,numerical-methods-batch-4-v1,5bdca0dbcf2e61762ffe3358d42f358fb069121f4813a870c1ede95dfd240b25,b64c5c5200dfbdfef50da9ea95b568facb6adb455382fb89344720f37b2e82ca
1191,test,1,18.054944110175455,0.999999985584245,numerical-methods-batch-4-v1,5bdca0dbcf2e61762ffe3358d42f358fb069121f4813a870c1ede95dfd240b25,b64c5c5200dfbdfef50da9ea95b568facb6adb455382fb89344720f37b2e82ca
1202,test,1,20.349906089884698,0.9999999985473931,numerical-methods-batch-4-v1,5bdca0dbcf2e61762ffe3358d42f358fb069121f4813a870c1ede95dfd240b25,b64c5c5200dfbdfef50da9ea95b568facb6adb455382fb89344720f37b2e82ca
1212,test,1,35.859739305683455,0.9999999999999998,numerical-methods-batch-4-v1,5bdca0dbcf2e61762ffe3358d42f358fb069121f4813a870c1ede95dfd240b25,b64c5c5200dfbdfef50da9ea95b568facb6adb455382fb89344720f37b2e82ca
1214,test,1,31.246934587517252,0.9999999999999731,numerical-methods-batch-4-v1,5bdca0dbcf2e61762ffe3358d42f358fb069121f4813a870c1ede95dfd240b25,b64c5c5200dfbdfef50da9ea95b568facb6adb455382fb89344720f37b2e82ca
1222,test,1,30.399784360579993,0.9999999999999372,numerical-methods-batch-4-v1,5bdca0dbcf2e61762ffe3358d42f358fb069121f4813a870c1ede95dfd240b25,b64c5c5200dfbdfef50da9ea95b568facb6adb455382fb89344720f37b2e82ca
1224,test,1,6.9857298012107645,0.9990758668192201,numerical-methods-batch-4-v1,5bdca0dbcf2e61762ffe3358d42f358fb069121f4813a870c1ede95dfd240b25,b64c5c5200dfbdfef50da9ea95b568facb6adb455382fb89344720f37b2e82ca
1234,test,1,34.662232990120295,0.9999999999999991,numerical-methods-batch-4-v1,5bdca0dbcf2e61762ffe3358d42f358fb069121f4813a870c1ede95dfd240b25,b64c5c5200dfbdfef50da9ea95b568facb6adb455382fb89344720f37b2e82ca
1238,test,1,26.131602307906107,0.9999999999955209,numerical-methods-batch-4-v1,5bdca0dbcf2e61762ffe3358d42f358fb069121f4813a870c1ede95dfd240b25,b64c5c5200dfbdfef50da9ea95b568facb6adb455382fb89344720f37b2e82ca
1239,test,1,26.79410809736087,0.9999999999976907,numerical-methods-batch-4-v1,5bdca0dbcf2e61762ffe3358d42f358fb069121f4813a870c1ede95dfd240b25,b64c5c5200dfbdfef50da9ea95b568facb6adb455382fb89344720f37b2e82ca
1245,test,1,31.636669768326733,0.9999999999999818,numerical-methods-batch-4-v1,5bdca0dbcf2e61762ffe3358d42f358fb069121f4813a870c1ede95dfd240b25,b64c5c5200dfbdfef50da9ea95b568facb6adb455382fb89344720f37b2e82ca
1249,test,1,14.766697860994666,0.999999613718032,numerical-methods-batch-4-v1,5bdca0dbcf2e61762ffe3358d42f358fb069121f4813a870c1ede95dfd240b25,b64c5c5200dfbdfef50da9ea95b568facb6adb455382fb89344720f37b2e82ca
1256,test,1,26.715450613416074,0.9999999999975018,numerical-methods-batch-4-v1,5bdca0dbcf2e61762ffe3358d42f358fb069121f4813a870c1ede95dfd240b25,b64c5c5200dfbdfef50da9ea95b568facb6adb455382fb89344720f37b2e82ca
1263,test,1,21.438358917929584,0.9999999995108535,numerical-methods-batch-4-v1,5bdca0dbcf2e61762ffe3358d42f358fb069121f4813a870c1ede95dfd240b25,b64c5c5200dfbdfef50da9ea95b568facb6adb455382fb89344720f37b2e82ca
1270,test,1,30.44473869871785,0.99999999999994,numerical-methods-batch-4-v1,5bdca0dbcf2e61762ffe3358d42f358fb069121f4813a870c1ede95dfd240b25,b64c5c5200dfbdfef50da9ea95b568facb6adb455382fb89344720f37b2e82ca
1279,test,1,17.964241451862783,0.9999999842155642,numerical-methods-batch-4-v1,5bdca0dbcf2e61762ffe3358d42f358fb069121f4813a870c1ede95dfd240b25,b64c5c5200dfbdfef50da9ea95b568facb6adb455382fb89344720f37b2e82ca
1283,test,1,32.854677903040105,0.9999999999999947,numerical-methods-batch-4-v1,5bdca0dbcf2e61762ffe3358d42f358fb069121f4813a870c1ede95dfd240b25,b64c5c5200dfbdfef50da9ea95b568facb6adb455382fb89344720f37b2e82ca
1287,test,1,28.813405539302735,0.9999999999996934,numerical-methods-batch-4-v1,5bdca0dbcf2e61762ffe3358d42f358fb069121f4813a870c1ede95dfd240b25,b64c5c5200dfbdfef50da9ea95b568facb6adb455382fb89344720f37b2e82ca
1289,test,1,36.74194029163288,1.0,numerical-methods-batch-4-v1,5bdca0dbcf2e61762ffe3358d42f358fb069121f4813a870c1ede95dfd240b25,b64c5c5200dfbdfef50da9ea95b568facb6adb455382fb89344720f37b2e82ca
1290,test,1,36.55886646017827,0.9999999999999998,numerical-methods-batch-4-v1,5bdca0dbcf2e61762ffe3358d42f358fb069121f4813a870c1ede95dfd240b25,b64c5c5200dfbdfef50da9ea95b568facb6adb455382fb89344720f37b2e82ca
1292,test,1,13.606372240449504,0.9999987673860403,numerical-methods-batch-4-v1,5bdca0dbcf2e61762ffe3358d42f358fb069121f4813a870c1ede95dfd240b25,b64c5c5200dfbdfef50da9ea95b568facb6adb455382fb89344720f37b2e82ca
1294,test,1,37.32491345686509,1.0,numerical-methods-batch-4-v1,5bdca0dbcf2e61762ffe3358d42f358fb069121f4813a870c1ede95dfd240b25,b64c5c5200dfbdfef50da9ea95b568facb6adb455382fb89344720f37b2e82ca
1304,test,1,14.560895401446414,0.9999995254485885,numerical-methods-batch-4-v1,5bdca0dbcf2e61762ffe3358d42f358fb069121f4813a870c1ede95dfd240b25,b64c5c5200dfbdfef50da9ea95b568facb6adb455382fb89344720f37b2e82ca
1306,test,1,32.01556462259799,0.9999999999999876,numerical-methods-batch-4-v1,5bdca0dbcf2e61762ffe3358d42f358fb069121f4813a870c1ede95dfd240b25,b64c5c5200dfbdfef50da9ea95b568facb6adb455382fb89344720f37b2e82ca
1308,test,1,20.030244058429282,0.9999999980002507,numerical-methods-batch-4-v1,5bdca0dbcf2e61762ffe3358d42f358fb069121f4813a870c1ede95dfd240b25,b64c5c5200dfbdfef50da9ea95b568facb6adb455382fb89344720f37b2e82ca
1315,test,1,9.764687553471182,0.9999425585848513,numerical-methods-batch-4-v1,5bdca0dbcf2e61762ffe3358d42f358fb069121f4813a870c1ede95dfd240b25,b64c5c5200dfbdfef50da9ea95b568facb6adb455382fb89344720f37b2e82ca
1316,test,1,14.008404983248104,0.9999991754316566,numerical-methods-batch-4-v1,5bdca0dbcf2e61762ffe3358d42f358fb069121f4813a870c1ede95dfd240b25,b64c5c5200dfbdfef50da9ea95b568facb6adb455382fb89344720f37b2e82ca
1330,test,1,20.059218029869854,0.9999999980573602,numerical-methods-batch-4-v1,5bdca0dbcf2e61762ffe3358d42f358fb069121f4813a870c1ede95dfd240b25,b64c5c5200dfbdfef50da9ea95b568facb6adb455382fb89344720f37b2e82ca
1339,test,1,4.272054617865203,0.9862389240449058,numerical-methods-batch-4-v1,5bdca0dbcf2e61762ffe3358d42f358fb069121f4813a870c1ede95dfd240b25,b64c5c5200dfbdfef50da9ea95b568facb6adb455382fb89344720f37b2e82ca
1352,test,1,8.61295200075193,0.999818296391095,numerical-methods-batch-4-v1,5bdca0dbcf2e61762ffe3358d42f358fb069121f4813a870c1ede95dfd240b25,b64c5c5200dfbdfef50da9ea95b568facb6adb455382fb89344720f37b2e82ca
1356,test,1,30.961566403287726,0.9999999999999643,numerical-methods-batch-4-v1,5bdca0dbcf2e61762ffe3358d42f358fb069121f4813a870c1ede95dfd240b25,b64c5c5200dfbdfef50da9ea95b568facb6adb455382fb89344720f37b2e82ca
1364,test,1,9.429713276226172,0.9999197042267373,numerical-methods-batch-4-v1,5bdca0dbcf2e61762ffe3358d42f358fb069121f4813a870c1ede95dfd240b25,b64c5c5200dfbdfef50da9ea95b568facb6adb455382fb89344720f37b2e82ca
1367,test,1,18.461705467541258,0.9999999904019462,numerical-methods-batch-4-v1,5bdca0dbcf2e61762ffe3358d42f358fb069121f4813a870c1ede95dfd240b25,b64c5c5200dfbdfef50da9ea95b568facb6adb455382fb89344720f37b2e82ca
1372,test,1,21.195571867275035,0.9999999993764372,numerical-methods-batch-4-v1,5bdca0dbcf2e61762ffe3358d42f358fb069121f4813a870c1ede95dfd240b25,b64c5c5200dfbdfef50da9ea95b568facb6adb455382fb89344720f37b2e82ca
