contract_version,run_id,iteration,feature_space,method,train_bce,validation_bce,objective,gradient_norm,parameter_step_norm,accepted_step_size,backtrack_count,relative_objective_change,is_best_validation,w_variance,w_skewness,w_curtosis,w_entropy,intercept
numerical-methods-batch-4-v1,raw-fixed,0,raw,fixed,0.6931471805599453,0.6931471805599453,0.6931471805599453,1.8145715074101576,0.0,0.0,0,,true,0.0,0.0,0.0,0.0,0.0
numerical-methods-batch-4-v1,raw-fixed,1,raw,fixed,4.762719148392379,6.682176894676972,4.789036122755862,1.4983163197158411,7.25828602964063,4.0,0,4.095888942195916,false,-4.162856881875,-5.832555549583334,1.1140986975208327,0.21130821375000022,-0.22083333333333333
numerical-methods-batch-4-v1,raw-fixed,2,raw,fixed,0.23243419664393258,0.1920650540171897,0.25763651285303435,0.20526626442576607,5.9932652788633645,4.0,0,0.9462028461992938,true,-6.127554393749337,-1.9290299213121163,-2.490564429430891,-1.7127877730130225,0.13404472179376914
numerical-methods-batch-4-v1,raw-fixed,3,raw,fixed,0.16223546916203385,0.20256877833876993,0.18680249253654982,0.12991730195291584,0.8210650577030641,4.0,0,0.07083402031648453,false,-5.876853576342983,-2.562123520459576,-2.531780830964741,-1.2736748726122973,0.2604191369160578
numerical-methods-batch-4-v1,raw-fixed,4,raw,fixed,0.12589835093652862,0.12982505182025503,0.14986169968582738,0.091466956944857,0.5196692078116635,4.0,0,0.03694079285072244,true,-5.684117679772075,-2.333386865650722,-2.9184863234141294,-1.2865640350769174,0.4361497092929266
numerical-methods-batch-4-v1,raw-fixed,5,raw,fixed,0.10881556297308449,0.13831013352807658,0.1322713113925451,0.08039994181591263,0.365867827779428,4.0,0,0.017590388293282272,false,-5.541138990795199,-2.5748759431341885,-2.88964041837783,-1.107821128863503,0.585542729878544
numerical-methods-batch-4-v1,raw-fixed,6,raw,fixed,0.09661059320961617,0.10762420206101884,0.1195689872172786,0.08716266435519786,0.32159976726365047,4.0,0,0.01270232417526651,true,-5.392546271266247,-2.4589835781951863,-3.0984327718590516,-1.0910301774073807,0.7405891449704137
numerical-methods-batch-4-v1,raw-fixed,7,raw,fixed,0.09207918272947892,0.1270285554253138,0.11461532205995081,0.08966034525163674,0.3486506574207914,4.0,0,0.004953665157327786,false,-5.312744458180137,-2.691921111341135,-2.9390800001242696,-0.981017057041042,0.8936671142792056
numerical-methods-batch-4-v1,raw-fixed,8,raw,fixed,0.08218314227225312,0.0961755010605557,0.10426841177987034,0.11140709254794466,0.35864138100654674,4.0,0,0.010346910280080474,true,-5.176077427657002,-2.5086361489962363,-3.1741070512992042,-1.0052614470753876,1.0369391641855905
numerical-methods-batch-4-v1,raw-fixed,9,raw,fixed,0.08724937092248872,0.12786996692243602,0.1089819020823724,0.10984869244576444,0.4456283701917786,4.0,0,0.004713490302502066,false,-5.145137409548806,-2.797995344056556,-2.882341677666492,-0.9251766666174188,1.1864651168535207
numerical-methods-batch-4-v1,raw-fixed,10,raw,fixed,0.06951462111548262,0.08529117059508397,0.09082640694562973,0.10554392633957418,0.4393947697830579,4.0,0,0.01815549513674268,true,-5.005452751987125,-2.5462365670093283,-3.184300786551825,-0.97258534510278,1.3158737413718047
numerical-methods-batch-4-v1,raw-fixed,11,raw,fixed,0.07489784962884136,0.1132507574367124,0.09587808100128593,0.10315034960252964,0.42217570535829646,4.0,0,0.005051674055656208,false,-4.987375367840133,-2.810372662938195,-2.891763758897044,-0.9088770782069385,1.451892127572597
numerical-methods-batch-4-v1,raw-fixed,12,raw,fixed,0.05929560505776895,0.07571029964401575,0.07988827844171058,0.09505497126667992,0.4126013984101186,4.0,0,0.015989802559575356,true,-4.8582559072243185,-2.568588779008372,-3.1760186896685205,-0.9476039652891947,1.5650645397634564
numerical-methods-batch-4-v1,raw-fixed,13,raw,fixed,0.06359397191323286,0.0986319680511383,0.0838705948444269,0.09328439820069068,0.3802198850667195,4.0,0,0.003982316402716318,false,-4.84501413267542,-2.7998090251364824,-2.9054693054826295,-0.8935331298984386,1.6867542667915933
numerical-methods-batch-4-v1,raw-fixed,14,raw,fixed,0.0514984727158502,0.06786685326858966,0.07142025972292015,0.08784384320302667,0.37313759280276276,4.0,0,0.012450335121506742,true,-4.7277919217245,-2.5777715441429496,-3.161796121938089,-0.9217899481555415,1.7851823565031149
numerical-methods-batch-4-v1,raw-fixed,15,raw,fixed,0.05534791350817603,0.08758055616411724,0.07497300551185976,0.08622601170082339,0.3513753728121066,4.0,0,0.003552745788939604,false,-4.719517506722655,-2.787055605589969,-2.9059784231756485,-0.8740417418481402,1.894149241811357
numerical-methods-batch-4-v1,raw-fixed,16,raw,fixed,0.04539778806909212,0.061330356604351446,0.06469742765906328,0.0814364431213617,0.3449040468032936,4.0,0,0.01027557785279648,true,-4.61229306997646,-2.5782963357348425,-3.142718456684143,-0.8953996447076309,1.9800520091424854
numerical-methods-batch-4-v1,raw-fixed,17,raw,fixed,0.04885871281482126,0.07841206795653766,0.0678808752208824,0.07999942520569761,0.32574577248544667,4.0,0,0.003183447561819125,false,-4.608070004975835,-2.768963216919151,-2.901127286564875,-0.8522433994239993,2.0775705173704715
numerical-methods-batch-4-v1,raw-fixed,18,raw,fixed,0.040615063544619544,0.05590557170539075,0.05933848429690521,0.07588156797637553,0.31999770082279044,4.0,0,0.00854239092397719,true,-4.509937631473849,-2.5721532062840966,-3.120539462334553,-0.8680814548201143,2.152682691096534
numerical-methods-batch-4-v1,raw-fixed,19,raw,fixed,0.043756689440863084,0.07083032591442419,0.06222115367310843,0.07458541385011086,0.3035262719055019,4.0,0,0.0028826693762032188,false,-4.509206897852474,-2.747149317293804,-2.8918484041783814,-0.8284715158612844,2.2400639107709805
numerical-methods-batch-4-v1,raw-fixed,20,raw,fixed,0.03683810517478525,0.051403470742248276,0.0550278613546233,0.07096724568012626,0.29834165540044366,4.0,0,0.007193292318485131,true,-4.4192329817193245,-2.5608838749067084,-3.0961817639445854,-0.8398955154184555,2.305904574922054
numerical-methods-batch-4-v1,raw-fixed,21,raw,fixed,0.039699109995011,0.06451030553231239,0.057647254134863816,0.06980929038716975,0.2838689827205053,4.0,0,0.002619392780240516,false,-4.421443521866825,-2.7223513529071566,-2.879387795801331,-0.8031528468245892,2.3843604102213387
numerical-methods-batch-4-v1,raw-fixed,22,raw,fixed,0.03383716682579103,0.04767373443142592,0.0515321621183463,0.06667270295421503,0.27923716154867906,4.0,0,0.006115092016517519,true,-4.338781387182217,-2.5455826247386395,-3.070392620128756,-0.8109654235781599,2.442233558994762
numerical-methods-batch-4-v1,raw-fixed,23,raw,fixed,0.036460527574719154,0.05925767395238896,0.053929971049329256,0.06565335990904199,0.2666908118168603,4.0,0,0.0023978089309829587,false,-4.343483525727621,-2.6954706076464063,-2.8643224340220628,-0.7766163842111511,2.512878399379558
numerical-methods-batch-4-v1,raw-fixed,24,raw,fixed,0.03143690790164573,0.04458860234441242,0.048672481006514695,0.06299039429328765,0.26261343963616796,4.0,0,0.005257490042814561,true,-4.267299725414302,-2.5271061591575257,-3.043731377254614,-0.7814940989417543,2.5639068102854514
numerical-methods-batch-4-v1,raw-fixed,25,raw,fixed,0.033869098452050425,0.05491535731074701,0.05089391583203662,0.06210949796505394,0.2519615771731505,4.0,0,0.002221434825521923,false,-4.274140684458296,-2.667259505035913,-2.847068951672502,-0.7491870838774326,2.6277427283240202
numerical-methods-batch-4-v1,raw-fixed,26,raw,fixed,0.029503706620807087,0.042040215083482595,0.046311871554554615,0.05990604395865109,0.2484379918602156,4.0,0,0.004582044277482003,true,-4.203624061479394,-2.5061497086120474,-3.0166217564782696,-0.7517189858000456,2.672885956327785
numerical-methods-batch-4-v1,raw-fixed,27,raw,fixed,0.03179135347333059,0.051348666340143866,0.048402375310938835,0.05915902107490043,0.2396241758346043,4.0,0,0.0020905037563842196,false,-4.212337269493193,-2.6383194425353267,-2.8279727020684384,-0.7211791169681295,2.7307982846109504
numerical-methods-batch-4-v1,raw-fixed,28,raw,fixed,0.02793542760288202,0.03993806848148418,0.04434518470032325,0.05738544246707304,0.23663608429960153,4.0,0,0.004057190610615588,true,-4.146716648375934,-2.4832957898450503,-2.9893791561018985,-0.7218791548214001,2.7708695227593574
numerical-methods-batch-4-v1,raw-fixed,29,raw,fixed,0.030121735149302872,0.048437653680431784,0.046346879660423154,0.05676305426707766,0.22954176986829244,4.0,0,0.0020016949600999076,false,-4.157101376571199,-2.6091034227217342,-2.8073633802552433,-0.6928833580726126,2.823628618263235
numerical-methods-batch-4-v1,raw-fixed,30,raw,fixed,0.026653943433357138,0.03820704789281023,0.04269160781346672,0.05537719724693859,0.22705221706831058,4.0,0,0.003655271846956437,true,-4.095665323739966,-2.459040540863872,-2.9622364304186926,-0.6921916387976655,2.8593121163285984
numerical-methods-batch-4-v1,raw-fixed,31,raw,fixed,0.028776739765572303,0.04607631431355259,0.044641344602802224,0.054866767858284995,0.22150878898775428,4.0,0,0.0019497367893355072,false,-4.107566639991109,-2.5799435827147157,-2.7855635335014095,-0.6645546503699284,2.9075805439705364
numerical-methods-batch-4-v1,raw-fixed,32,raw,fixed,0.02559942760929162,0.036785381903387065,0.041288944968087826,0.053819767058774795,0.21946707143313976,4.0,0,0.003352399634714398,true,-4.049676800590343,-2.4338088557359354,-2.935365425066215,-0.6628399530957346,2.9394499117912796
numerical-methods-batch-4-v1,raw-fixed,33,raw,fixed,0.02769060276539586,0.04417283395392382,0.04321773618824129,0.05340686318043507,0.215279068235099,4.0,0,0.001928791220153464,false,-4.062969450067959,-2.551081326080195,-2.7628821295637502,-0.6364059234227178,2.9837929522513993
numerical-methods-batch-4-v1,raw-fixed,34,raw,fixed,0.024725972694273395,0.03562256310380625,0.040089206949330825,0.052648479601785834,0.21362745272174022,4.0,0,0.0031285292389104657,true,-4.008066138718078,-2.4079638460849186,-2.9088939972062566,-0.6339717397027648,3.012329089624277
numerical-methods-batch-4-v1,raw-fixed,35,raw,fixed,0.026811750262459914,0.04264927933103123,0.042022490645272075,0.052318426786844265,0.21059391840714328,4.0,0,0.00193328369594125,false,-4.022643236597161,-2.5226929927621593,-2.7396054025133645,-0.6086086258604341,3.0532266904504506
numerical-methods-batch-4-v1,raw-fixed,36,raw,fixed,0.023998232341064143,0.03467737706042014,0.03905521918730226,0.051800851913235954,0.20927370714737706,4.0,0,0.0029672714579698153,true,-3.9702446208268865,-2.3818137004963957,-2.8829187154085574,-0.6057016755351929,3.0788340832516314
numerical-methods-batch-4-v1,raw-fixed,37,raw,fixed,0.026099822275269045,0.04144052693189519,0.04101350218003594,0.05153984491190313,0.2072034076529436,4.0,0,0.0019582829927336787,false,-3.986010616502637,-2.4949091620553605,-2.7159899033568413,-0.5812970777648577,3.116692892170823
numerical-methods-batch-4-v1,raw-fixed,38,raw,fixed,0.023388864519454832,0.03391614625911271,0.03815803059956213,0.051219984673361356,0.20615937964761258,4.0,0,0.0028554715804738062,true,-3.9357075784410886,-2.355617432385181,-2.8575138978394845,-0.5781166431726578,3.139713579507174
numerical-methods-batch-4-v1,raw-fixed,39,raw,fixed,0.025523231258486656,0.04049272530629777,0.040157646941724696,0.05101575209008469,0.20487993869344537,4.0,0,0.001999616342162565,false,-3.952574472130628,-2.46782822270386,-2.6922587919534644,-0.5545744937453803,3.1748782335122563
numerical-methods-batch-4-v1,raw-fixed,40,raw,fixed,0.0228765949372029,0.03331123046057664,0.03737494523476079,0.050856297175518615,0.20406300836033867,4.0,0,0.0027827017069639096,true,-3.904023048343257,-2.3295901685418197,-2.8327377487656222,-0.5512813496500462,3.1956033126609293
numerical-methods-batch-4-v1,raw-fixed,41,raw,fixed,0.02505720744254512,0.03976160301951716,0.03942879705346982,0.05069838030325944,0.20342518870207466,4.0,0,0.0020538518187090335,false,-3.9219087915634874,-2.4415254509764472,-2.6686010546338568,-0.5285191916550819,3.2283665532992174
numerical-methods-batch-4-v1,raw-fixed,42,raw,fixed,0.0224447533807686,0.03283978106867671,0.03668803063716405,0.050667993011291115,0.20279352121303787,4.0,0,0.0027407664163057732,true,-3.8748216509223012,-2.303908203892039,-2.8086363203887075,-0.5252434618031974,3.247045436457339
numerical-methods-batch-4-v1,raw-fixed,43,raw,fixed,0.024682256190836624,0.039210827614236374,0.03880625080493008,0.050547742809109786,0.2026719720451644,4.0,0,0.0021182201677660342,false,-3.8936498015080065,-2.4160587880059965,-2.645172967761388,-0.5031901776932717,3.2776568802145287
numerical-methods-batch-4-v1,raw-fixed,44,raw,fixed,0.022080167804079443,0.03248272825853912,0.03608298800673564,0.050620663626984926,0.2021909712364394,4.0,0,0.0027232627981944382,true,-3.8477877741673465,-2.278713835998549,-2.7852459581214064,-0.5000378552448264,3.2945046602046144
numerical-methods-batch-4-v1,raw-fixed,45,raw,fixed,0.024382949040593866,0.03881052637110649,0.03827350072719533,0.050531067879508916,0.20248265450793942,4.0,0,0.0021905127204596836,false,-3.867487703608159,-2.3914723469911428,-2.622101046523476,-0.4786317488840194,3.3231782157133916
numerical-methods-batch-4-v1,raw-fixed,46,raw,fixed,0.02177232915099297,0.03222397421080195,0.03554829692141605,0.050686407451990816,0.20212427151803572,4.0,0,0.002725203805779279,true,-3.822651982351382,-2.2541199058088845,-2.762594787482891,-0.4756898706927739,3.338381512766736
numerical-methods-batch-4-v1,raw-fixed,47,raw,fixed,0.024146981743500592,0.03853601909940926,0.037817272527293166,0.050621842650926306,0.20274562980796318,4.0,0,0.0022689756058771188,false,-3.8431591831602696,-2.3677985097430168,-2.599485750026825,-0.45487703079213326,3.3653015373622734
numerical-methods-batch-4-v1,raw-fixed,48,raw,fixed,0.02151276175211503,0.03204976440071426,0.035074569043269416,0.05084276779986744,0.20248737060370514,4.0,0,0.0027427034840237507,true,-3.7991845012189436,-2.230213963581155,-2.740703667153819,-0.4522176395318888,3.3790231546151457
numerical-methods-batch-4-v1,raw-fixed,49,raw,fixed,0.023964446284227708,0.038366775020803795,0.03742678136871906,0.05079874031208463,0.20337107119946976,4.0,0,0.0023522123254496458,false,-3.8204407596695718,-2.3450592687297167,-2.577405349078354,-0.4319505336554409,3.4043494985271803
numerical-methods-batch-4-v1,raw-fixed,50,raw,fixed,0.02129454989857179,0.031948208184273096,0.0346540609275218,0.05107169126843141,0.2031949612483385,4.0,0,0.0027727204411972586,true,-3.777189620748622,-2.207062011970095,-2.7195868887605545,-0.4296336306774785,3.4167321525142356
numerical-methods-batch-4-v1,raw-fixed,51,raw,fixed,0.023827273857477092,0.038285580621830316,0.037093161952393226,0.05104460294992401,0.2042867650737257,4.0,0,0.0024391010248714234,false,-3.7991429740156057,-2.3232672474595444,-2.5559195638452015,-0.4098698974738571,3.440604259969854
numerical-methods-batch-4-v1,raw-fixed,52,raw,fixed,0.021111982597996817,0.031908920166439064,0.03428030745938837,0.05135861194352337,0.2041784117996961,4.0,0,0.0028128544930048557,true,-3.7565008716566135,-2.1847118186821044,-2.6992527811323908,-0.40794560530296836,3.451773594305243
numerical-methods-batch-4-v1,raw-fixed,53,raw,fixed,0.023728812671993917,0.038277890477879904,0.036809035763539014,0.051345563920786486,0.20543444777409356,4.0,0,0.002528728304150643,false,-3.7791053562893215,-2.3024266341951276,-2.535072774636782,-0.3886470257184725,3.474313827413932
numerical-methods-batch-4-v1,raw-fixed,54,raw,fixed,0.020960287197334313,0.03192275566547292,0.03394784616038593,0.05169169705613354,0.2053822556831458,4.0,0,0.002861189603153083,false,-3.736976854573474,-2.163195820190552,-2.679704291567446,-0.38715716156429864,3.4843808696526093
numerical-methods-batch-4-v1,raw-fixed,55,raw,fixed,0.023663510187092753,0.038331327322340875,0.03656818463865717,0.05169033296672645,0.20676678822453423,4.0,0,0.002620338478271242,false,-3.760192092039529,-2.2825341240782016,-2.514896751059556,-0.36828879703417605,3.5056972037417946
numerical-methods-batch-4-v1,raw-fixed,56,raw,fixed,0.02083542942809955,0.03198161683311811,0.03365200953056591,0.05206125006338901,0.20676133186690585,4.0,0,0.002916175108091265,false,-3.718497623082178,-2.1425336519541625,-2.660939567183048,-0.36726802489267346,3.5147603876052336
numerical-methods-batch-4-v1,raw-fixed,57,raw,fixed,0.02362667487913257,0.03843529856518496,0.036365305362704756,0.05206963431773011,0.2082450002535561,4.0,0,0.0027132958321388484,false,-3.7422882978890915,-2.2635798848592934,-2.4954129242181633,-0.34879751308183227,3.534948604082506
numerical-methods-batch-4-v1,raw-fixed,58,raw,fixed,0.02073396288836426,0.03207830998138205,0.03338876811104553,0.05245924970367352,0.20827853727092036,4.0,0,0.0029765372516592226,false,-3.7009615409020826,-2.1227343435935295,-2.64295253515645,-0.3482742045642727,3.543095450256292
numerical-methods-batch-4-v1,raw-fixed,59,raw,fixed,0.023614297798652782,0.03858070095392183,0.036195825236482605,0.052475774523781674,0.20983699881469403,4.0,0,0.002807057125437072,false,-3.7252968225502894,-2.2455485255241996,-2.47663425962411,-0.33017120275486267,3.5622409302658857
numerical-methods-batch-4-v1,raw-fixed,60,raw,fixed,0.02065291523670541,0.03220643875210796,0.03315461127078083,0.052878999045612315,0.2099030980951268,4.0,0,0.0030412139657017764,false,-3.684282548969492,-2.103798215110693,-2.6257334711523352,-0.33016810275536024,3.5695494569503854
numerical-methods-batch-4-v1,raw-fixed,61,raw,fixed,0.023622918693166055,0.03875969067819174,0.036055763131697685,0.052902314139047356,0.21151599618244932,4.0,0,0.0029011518609168563,false,-3.7091354994335535,-2.2284200370263196,-2.4585667951972603,-0.3124038668745085,3.58772865853943
numerical-methods-batch-4-v1,raw-fixed,62,raw,fixed,0.020589701631371648,0.0323603215240315,0.032946456033808455,0.053314860122538735,0.21160925655618953,4.0,0,0.00310930709788923,false,-3.6683877901968454,-2.0857185064046546,-2.6092695433910693,-0.3129386322926926,3.5942685762177224
numerical-methods-batch-4-v1,raw-fixed,63,raw,fixed,0.02364952516998066,0.03896550156481736,0.035941624306986227,0.053343819700643606,0.21325944049015477,4.0,0,0.0029951682731777715,false,-3.693734788060581,-2.2121706769634497,-2.441210903742201,-0.29548571693982284,3.6115502602646092
numerical-methods-batch-4-v1,raw-fixed,64,raw,fixed,0.020542058399726507,0.03253492467320616,0.032761576762988465,0.053762053553310866,0.21337527880257434,4.0,0,0.003180047543997762,false,-3.6532155487198956,-2.068482768960686,-2.5935453215736723,-0.2965713751715745,3.617383992454937
numerical-methods-batch-4-v1,raw-fixed,65,raw,fixed,0.0236914762739972,0.03919229852008921,0.035850320206936084,0.05379567642688442,0.2150482142132437,4.0,0,0.0030887434439476197,false,-3.6790357513506198,-2.1967737776824725,-2.4245623305821957,-0.2794034376493239,3.633830248270978
numerical-methods-batch-4-v1,raw-fixed,66,raw,fixed,0.020507991749523485,0.03272580591462045,0.03259755038357749,0.05421650672214203,0.21518270570753759,4.0,0,0.003252769823358592,false,-3.63871346702819,-2.052074046193755,-2.578543243070266,-0.2810487956394046,3.639013810381797
numerical-methods-batch-4-v1,raw-fixed,67,raw,fixed,0.02374644406950834,0.03943505693012422,0.03577910671971706,0.054253946158362806,0.21686602688856807,4.0,0,0.0031815563361395696,false,-3.6649883239469956,-2.182200465924904,-2.4086130482528754,-0.264140485448105,3.6546809203922876
numerical-methods-batch-4-v1,raw-fixed,68,raw,fixed,0.0204857376866094,0.032929063966458824,0.03245221321634688,0.0546747378502402,0.21701578463345098,4.0,0,0.0033268935033701832,false,-3.624837009135528,-2.0364718673091105,-2.5642440322381344,-0.2663505086648046,3.6592646814704297
numerical-methods-batch-4-v1,raw-fixed,69,raw,fixed,0.023812368480034127,0.03968946141114276,0.035725536065008716,0.05471525866928806,0.2186989514009611,4.0,0,0.0032733228486618374,false,-3.651549833191979,-2.1684202898180542,-2.393351962538475,-0.24967742345559138,3.674203855329229
numerical-methods-batch-4-v1,raw-fixed,70,raw,fixed,0.020473730303336553,0.03314129225338521,0.03232362651578012,0.05513376640285383,0.21886103467715237,4.0,0,0.0034019095492285947,false,-3.6115481414673116,-2.0216530782790874,-2.5506270718445907,-0.2524535961505023,3.678233201940275
numerical-methods-batch-4-v1,raw-fixed,71,raw,fixed,0.023887421882831866,0.03995181926128342,0.035687418749952904,0.055176727422191964,0.22053506561141542,4.0,0,0.0033637922341727827,false,-3.6386837394960887,-2.1554017549959656,-2.3787654978544226,-0.2359922857776385,3.692491203439999
numerical-methods-batch-4-v1,raw-fixed,72,raw,fixed,0.020470576340047363,0.03335953538714887,0.03221004856654082,0.0555910427337106,0.22070690968876774,4.0,0,0.0034773701834120846,false,-3.5988142059006463,-2.007592532241976,-2.537670728025728,-0.23933295845375913,3.696007120729232
numerical-methods-batch-4-v1,raw-fixed,73,raw,fixed,0.023969980878956337,0.04021898536302639,0.035662792971954786,0.05563588315204577,0.22236417093484245,4.0,0,0.003452744405413967,false,-3.6263585670530407,-2.1431127757471238,-2.3648380848474826,-0.2230609603724145,3.7096268055645645
numerical-methods-batch-4-v1,raw-fixed,74,raw,fixed,0.02047503446718468,0.03358124782671222,0.03210991175052531,0.0560443917590769,0.22254353260818308,4.0,0,0.0035528812214294728,false,-3.586606961734231,-1.9942636600794525,-2.525352631916638,-0.22696168680864678,3.712666387396469
numerical-methods-batch-4-v1,raw-fixed,75,raw,fixed,0.024058603346289183,0.04048829626133153,0.03564989954521164,0.056090620437997826,0.22417756703630753,4.0,0,0.003539987794686325,false,-3.6145469994131934,-2.1315210495051278,-2.351552568844458,-0.2108575783688436,3.7256871658805006
numerical-methods-batch-4-v1,raw-fixed,76,raw,fixed,0.020485998138752744,0.033804254517674825,0.03202180340934455,0.05649196688099511,0.22436248175199144,4.0,0,0.0036280961358670857,false,-3.5749017754984576,-1.9816389400609578,-2.5136499220784256,-0.21531144231275587,3.7282840635951704
numerical-methods-batch-4-v1,raw-fixed,77,raw,fixed,0.024152009392610318,0.04075751181241729,0.035647160944905235,0.056539153756534205,0.2259678675239802,4.0,0,0.003625357535560682,false,-3.6032251175365535,-2.1205943640501728,-2.3388905542298053,-0.19935489820108918,3.7407422995163846
numerical-methods-batch-4-v1,raw-fixed,78,raw,fixed,0.020502481166435823,0.03402671352218233,0.03194444963152768,0.05693221144292389,0.22615661502613665,4.0,0,0.0037027113133775574,false,-3.5636769395442727,-1.9696902833162322,-2.5025394522396294,-0.20435282855363507,3.742927117077807
numerical-methods-batch-4-v1,raw-fixed,79,raw,fixed,0.024249065203763468,0.04102476325112743,0.035653163445403445,0.05697998050389114,0.22772884577169536,4.0,0,0.0037087138138757678,false,-3.592371760709069,-2.1103008468438107,-2.3268326968383173,-0.18852467444447696,3.7548564717596835
numerical-methods-batch-4-v1,raw-fixed,80,raw,fixed,0.020523605385095105,0.034247080740334085,0.03187670131852704,0.0573638257849001,0.22791992201556469,4.0,0,0.0037764621268764065,false,-3.552913102301932,-1.9583893496366342,-2.491997968817308,-0.1940557471329592,3.756657113752049
numerical-methods-batch-4-v1,raw-fixed,81,raw,fixed,0.024348769061687852,0.04128850682776435,0.035666641610967394,0.05741184920719704,0.22945530313960036,4.0,0,0.0037899402924403552,false,-3.581967993176477,-2.100609165325018,-2.315358953931728,-0.178338003294515,3.7680888428249917
numerical-methods-batch-4-v1,raw-fixed,82,raw,fixed,0.02054858994467815,0.034464076840691124,0.03181752204964981,0.057785738537006845,0.22964739682878807,4.0,0,0.0038491195613175808,false,-3.542592794967453,-1.9477078058538644,-2.4820022623410556,-0.18438972785329813,3.7695308207618368
numerical-methods-batch-4-v1,raw-fixed,83,raw,fixed,0.024450239013300488,0.041547482366363686,0.035686464604876456,0.05783373167642951,0.23114295414802732,4.0,0,0.0038689425552266427,false,-3.571996661552947,-2.0914886860423882,-2.3044487992378686,-0.1687656388438183,3.7804940300092222
numerical-methods-batch-4-v1,raw-fixed,84,raw,fixed,0.020576741885486787,0.0346766564946135,0.03176597738871606,0.058197081202149635,0.23133492670571804,4.0,0,0.003920487216160395,false,-3.532700041129886,-1.9376175369255648,-2.472529296406706,-0.17532422784234744,3.7816007316667997
numerical-methods-batch-4-v1,raw-fixed,85,raw,fixed,0.024552701822309633,0.04180067622958621,0.035711623934526815,0.05824479823222156,0.2327883248085986,4.0,0,0.003945646545810755,false,-3.5624420300108675,-2.0829095994041706,-2.294081408829546,-0.1597782764302585,3.792122597435393
numerical-methods-batch-4-v1,raw-fixed,86,raw,fixed,0.020607447744046235,0.03488397996879606,0.031721225365827645,0.05859716537241746,0.23297919292888633,4.0,0,0.00399039856869917,false,-3.5232200374718277,-1.9280908179601173,-2.463556317239988,-0.16682889619205005,3.792915523338661
numerical-methods-batch-4-v1,raw-fixed,87,raw,fixed,0.024655482945760452,0.04204728826401662,0.035741222360066396,0.05864439541584376,0.23438866148967,4.0,0,0.004019996994238752,false,-3.553289481966703,-2.074843015743755,-2.2842358222700017,-0.1513468012035238,3.8030214823157227
numerical-methods-batch-4-v1,raw-fixed,88,raw,fixed,0.02064016600348206,0.03508538708576398,0.03168250793444226,0.058985462128817,0.23457758166337508,4.0,0,0.004058714425624138,false,-3.5141388951428874,-1.9191004537872207,-2.455060946425708,-0.15887380266522608,3.8035204530426636
numerical-methods-batch-4-v1,raw-fixed,89,raw,fixed,0.024757997355860806,0.042286702359487054,0.035774463773145304,0.05903202577657139,0.23594184851526795,4.0,0,0.004091955838703046,false,-3.544525278463267,-2.0672610374126497,-2.274891082410421,-0.1434425016130908,3.8132343656340044
numerical-methods-batch-4-v1,raw-fixed,90,raw,fixed,0.02067442025125723,0.035280373520408616,0.03164914325309849,0.05936158331527414,0.23612810310628563,4.0,0,0.004125320520046813,false,-3.5054434327160062,-1.9106198913406338,-2.4470212588971796,-0.1514296306193753,3.8134577032252537
numerical-methods-batch-4-v1,raw-fixed,91,raw,fixed,0.02485974108324757,0.04251846029749118,0.03581064390836163,0.05940732946019269,0.23744633326109643,4.0,0,0.004161500655263141,false,-3.536136364732758,-2.0601368107687383,-2.266026356447305,-0.1360372487389929,3.822801994278796
numerical-methods-batch-4-v1,raw-fixed,92,raw,fixed,0.02070979294280173,0.03546856936525185,0.03162051867718595,0.05972526447247285,0.23762931784077065,4.0,0,0.004190125231175679,false,-3.497121012794172,-1.9026233090517521,-2.4394158479022745,-0.14446783551399395,3.8227666807188863
numerical-methods-batch-4-v1,raw-fixed,93,raw,fixed,0.02496028339636125,0.042742238593751807,0.03584914178904847,0.0597700674075747,0.23890105788989155,4.0,0,0.00422862311186252,false,-3.5281102175322165,-2.053444561235725,-2.2576210402859123,-0.12910364328323398,3.8317624609016976
numerical-methods-batch-4-v1,raw-fixed,94,raw,fixed,0.020745919695324702,0.03564971986907748,0.0315960843724747,0.06007634927862187,0.23908026963029877,4.0,0,0.004253057416573773,false,-3.48915941535155,-1.8950856866270258,-2.432223878368468,-0.1379607712331701,3.8314842763577635
numerical-methods-batch-4-v1,raw-fixed,95,raw,fixed,0.025059259557563326,0.04295782806296405,0.0358894118357478,0.06012010602658541,0.24030539711448726,4.0,0,0.0042933274632731,false,-3.5204347267990626,-2.047159614060388,-2.249654847864778,-0.12261513265004458,3.840151447097036
numerical-methods-batch-4-v1,raw-fixed,96,raw,fixed,0.020782484054481767,0.035823668232720846,0.03157534748124658,0.0604147753826588,0.2404804241063416,4.0,0,0.0043140643545012194,false,-3.481546741783711,-1.8879828579591713,-2.425425129871196,-0.13188178701573072,3.8396450903486765
numerical-methods-batch-4-v1,raw-fixed,97,raw,fixed,0.025156364113556862,0.04316511585254731,0.0359309765835211,0.06045740323377717,0.24165910153063538,4.0,0,0.004355629102274522,false,-3.5130981060033775,-2.0412584029675,-2.24210788683342,-0.11654610091252188,3.848002434881748
numerical-methods-batch-4-v1,raw-fixed,98,raw,fixed,0.020819212689513127,0.03599034033144112,0.03155786678570539,0.06074056153810776,0.2418296129351087,4.0,0,0.004373109797815716,false,-3.474271344422883,-1.8812915494602078,-2.4190000302540464,-0.12620529809428765,3.8472816281442785
numerical-methods-batch-4-v1,raw-fixed,99,raw,fixed,0.02525134468820201,0.04336406970868027,0.03597341996576037,0.06078199578105989,0.24296224615243134,4.0,0,0.0044155531800549805,false,-3.5060888262970584,-2.035718468583774,-2.234960721804304,-0.11087193463876471,3.8553468908868083
numerical-methods-batch-4-v1,raw-fixed,100,raw,fixed,0.02085587098144678,0.036149731224497626,0.03154324782331283,0.06105379595819705,0.24312798312423958,4.0,0,0.004430172142447536,false,-3.4673217769618505,-1.8749894057644514,-2.4129296808405645,-0.12090683325578372,3.8544244710148146
numerical-methods-batch-4-v1,raw-fixed,101,raw,fixed,0.025343996251946773,0.04355472425308815,0.036016381129332094,0.06109398779221262,0.24421518383278817,4.0,0,0.004473133306019263,false,-3.4993955701963193,-2.030518448248444,-2.228194426291085,-0.10556906757705464,3.8622144271488943
numerical-methods-batch-4-v1,raw-fixed,102,raw,fixed,0.020892258975090654,0.03630189330837847,0.031531138415869055,0.061354625818778735,0.2443759511688504,4.0,0,0.004485242713463039,false,-3.460686761838274,-1.869055004497962,-2.407195874101461,-0.11596306249898913,3.8611024250053037
numerical-methods-batch-4-v1,raw-fixed,103,raw,fixed,0.025434155845284887,0.04373716906361055,0.0360595487501352,0.061393540438107144,0.24541850327511489,4.0,0,0.004528410334266146,false,-3.4930072010977486,-2.0256380586282505,-2.2217906243747665,-0.10061500711653709,3.8686329419107
numerical-methods-batch-4-v1,raw-fixed,104,raw,fixed,0.020928207669666285,0.036446925969727414,0.03152122457933626,0.06164324783786682,0.24557416175242855,4.0,0,0.004538324170798941,false,-3.454355171171442,-1.8634678616200608,-2.401781104585732,-0.11135180782177517,3.8673426514973124
numerical-methods-batch-4-v1,raw-fixed,105,raw,fixed,0.025521697735002926,0.04391153836587158,0.036102655820540695,0.061680862680523654,0.2465729913514675,4.0,0,0.004581431241204435,false,-3.486912745430793,-2.0210580723923557,-2.215731523090243,-0.09598834528065633,3.874628743399185
numerical-methods-batch-4-v1,raw-fixed,106,raw,fixed,0.02096357562568705,0.036584966596606594,0.0315132267851782,0.06191989986100519,0.24672345072209462,4.0,0,0.004589429035362497,false,-3.448316018325186,-1.858208428691465,-2.396668573880197,-0.10705203995857837,3.873170782167391
numerical-methods-batch-4-v1,raw-fixed,107,raw,fixed,0.025606528982238932,0.044078002157508116,0.03614547488143035,0.0619562030140644,0.24767959944402065,4.0,0,0.004632248096252151,false,-3.481101384699516,-2.0167602900653545,-2.2099999364859144,-0.09166875680246193,3.880226659152355
numerical-methods-batch-4-v1,raw-fixed,108,raw,fixed,0.02099824586752167,0.03671618281165251,0.031506896546795476,0.06218485338150841,0.24782481205625748,4.0,0,0.004638578334634873,false,-3.442558457601045,-1.8532580832972254,-2.3918421903227367,-0.10304386363461682,3.8786110207475755
numerical-methods-batch-4-v1,raw-fixed,109,raw,fixed,0.025688585401097457,0.0442367586004184,0.036187813672196034,0.06221984213507029,0.2487394135260335,4.0,0,0.004680917125400558,false,-3.4755624550701096,-2.0127275080557134,-2.204579302270742,-0.08763698659513706,3.88545013310595
numerical-methods-batch-4-v1,raw-fixed,110,raw,fixed,0.021032123062339605,0.03684076579733662,0.031502013306789915,0.06243840692458096,0.248879368540281,4.0,0,0.004685800365406119,false,-3.437071789950282,-1.8485991137408169,-2.3872865641556715,-0.09930849362998156,3.883686233646368
numerical-methods-batch-4-v1,raw-fixed,111,raw,fixed,0.025767827886097685,0.04438802753029549,0.036229511172434704,0.0624720864662266,0.24975362769832388,4.0,0,0.004727497865644789,false,-3.470285452522445,-2.008943483746899,-2.1994536919219856,-0.08387482868387809,3.8903213123304057
numerical-methods-batch-4-v1,raw-fixed,112,raw,fixed,0.021065130957043036,0.036958924591434794,0.03149838160251189,0.06268088022488183,0.24988834586490638,4.0,0,0.004731129569922811,false,-3.4318454729362378,-1.8442146990221375,-2.382986998765152,-0.09582822366976772,3.88841803117996
numerical-methods-batch-4-v1,standardized-too-small,0,standardized,fixed,0.6931471805599453,0.6931471805599453,0.6931471805599453,0.44123397955093496,0.0,0.0,0,,true,0.0,0.0,0.0,0.0,0.0
numerical-methods-batch-4-v1,standardized-too-small,1,standardized,fixed,0.6892681623991784,0.6893915549270309,0.6892682007270714,0.43788947861143407,0.0088246795910187,0.02,0,0.0038789798328738856,true,-0.0072359339475592446,-0.0046403754285104645,0.001659594710811983,-9.852431803920139e-05,-0.0011041666666666667
numerical-methods-batch-4-v1,standardized-too-small,2,standardized,fixed,0.6854476034824496,0.6856940466479897,0.6854477556274134,0.4345811115457734,0.008757789572228681,0.02,0,0.003820445099657954,true,-0.014425705190067434,-0.009241097846797986,0.0032787901369625396,-0.0002015026201408505,-0.0022028124434917817
numerical-methods-batch-4-v1,standardized-too-small,3,standardized,fixed,0.6816844331974197,0.682053559966604,0.6816847729269493,0.43130896560594495,0.008691622230915469,0.02,0,0.003762982700464157,true,-0.021569679544118998,-0.013802607803074424,0.004858048936939316,-0.0003088074850299565,-0.0032959646108754043
numerical-methods-batch-4-v1,standardized-too-small,4,standardized,fixed,0.6779775938566391,0.6784690131528215,0.6779781932538871,0.4280730935888676,0.008626179312118898,0.02,0,0.0037065796730622047,true,-0.02866822564651123,-0.018325347523981482,0.006397836304917139,-0.0004203129368903482,-0.004383650029363228
numerical-methods-batch-4-v1,standardized-too-small,5,standardized,fixed,0.6743260411638982,0.674939338943251,0.674326970664617,0.42487351538403617,0.00856146187177735,0.02,0,0.0036512225892700867,true,-0.03572171458045391,-0.02280976047242282,0.007898619459469446,-0.000535894489869233,-0.005465895184640042
numerical-methods-batch-4-v1,standardized-too-small,6,standardized,fixed,0.6707287446314538,0.6714634849319241,0.6707300730605109,0.42171021952457305,0.008497470307680723,0.02,0,0.0035968976041060863,true,-0.04273051951537982,-0.027256290923548046,0.009360867152382159,-0.0006554291886009607,-0.006542726230654425
numerical-methods-batch-4-v1,standardized-too-small,7,standardized,fixed,0.6671846879500181,0.6680404139133572,0.6671864825574563,0.418583164734763,0.008434204390491463,0.02,0,0.003543590503054639,true,-0.04969501536052318,-0.03166538355904904,0.010785049197856146,-0.0007787956449075366,-0.0076141690307819105
numerical-methods-batch-4-v1,standardized-too-small,8,standardized,fixed,0.6636928693134578,0.664669104180014,0.6636951958100774,0.4154922814677376,0.008371663294695257,0.02,0,0.0034912867473788634,true,-0.05661557843236573,-0.036037483079840456,0.012171636022274251,-0.0009058740708332889,-0.008680249196954648
numerical-methods-batch-4-v1,standardized-too-small,9,standardized,fixed,0.660252301700207,0.661348549776291,0.6602552242926476,0.41243747342756193,0.008309845629354747,0.02,0,0.0034399715174298073,true,-0.06349258613598743,-0.040373033837114,0.01352109823460659,-0.0010365463081702156,-0.009740992126704949
numerical-methods-batch-4-v1,standardized-too-small,10,standardized,fixed,0.6568620131134271,0.6580777607111805,0.65686559453873,0.40941861907054405,0.008248749468551234,0.02,0,0.0033896297539176556,true,-0.07032641666030139,-0.04467247948168108,0.014833906217433525,-0.001170695854629009,-0.010796423038088115
numerical-methods-batch-4-v1,standardized-too-small,11,standardized,fixed,0.6535210467819713,0.6548557631317663,0.6535253483416057,0.40643557308115347,0.008188372381410885,0.02,0,0.0033402461971242525,true,-0.07711744868709969,-0.04893626263144961,0.016110529738479564,-0.0013082078868086786,-0.01184656700246638
numerical-methods-batch-4-v1,standardized-too-small,12,standardized,fixed,0.6502284613242075,0.6516815994597,0.6502335429175451,0.4034881678184658,0.008128711461623073,0.02,0,0.003291805424060601,true,-0.08386606111378915,-0.053164824556818986,0.01735143758247308,-0.0014489692801151288,-0.012891448975150906
numerical-methods-batch-4-v1,standardized-too-small,13,standardized,fixed,0.6469833308767551,0.6485543284927899,0.646989251033981,0.4005762147295791,0.008069763356369311,0.02,0,0.003244291883564121,true,-0.09057263278965272,-0.057358604883721506,0.01855709720307627,-0.0015928686257761042,-0.01393109382391232
numerical-methods-batch-4-v1,standardized-too-small,14,standardized,fixed,0.6437847451901659,0.645473025473808,0.6437915611046148,0.3976995057269338,0.008011524294591585,0.02,0,0.0031976899293661987,true,-0.09723754226543373,-0.06151804131398942,0.01972797439456682,-0.0017397962450966162,-0.014965526355382508
numerical-methods-batch-4-v1,standardized-too-small,15,standardized,fixed,0.6406318096935562,0.6424367821285731,0.6406395772534644,0.3948578145269384,0.007953990114538675,0.02,0,0.0031519838511503417,true,-0.10386116755600597,-0.06564356936268331,0.020864532982897123,-0.0018896442010954116,-0.01599477133938113
numerical-methods-batch-4-v1,standardized-too-small,16,standardized,fixed,0.6375236455301516,0.639444706675336,0.6375324193498195,0.3920508979477444,0.007897156290538773,0.02,0,0.003107157903644908,true,-0.11044388591586277,-0.06973562211198006,0.021967234535708213,-0.00204230630765927,-0.01701885353120987
numerical-methods-batch-4-v1,standardized-too-small,17,standardized,fixed,0.6344593895656753,0.6364959238074279,0.6344692230160318,0.38927849716442203,0.007841017958954885,0.02,0,0.00306319633378771,true,-0.11698607362713204,-0.07379462998118631,0.023036538090833582,-0.002197678136347964,-0.01803779769196564
numerical-methods-batch-4-v1,standardized-too-small,18,standardized,fixed,0.6314381943714438,0.6335895746510861,0.6314491396100125,0.38654033892017137,0.007785569943288446,0.02,0,0.003020083406019336,true,-0.1234881057998024,-0.0778210205124166,0.02407289990279237,-0.0023556570209786586,-0.019051628606930913
numerical-methods-batch-4-v1,standardized-too-small,19,standardized,fixed,0.6284592281839899,0.6307248167002973,0.628471336184251,0.3838361366925531,0.007730806778403423,0.02,0,0.0029778034257614827,true,-0.12995035618382658,-0.0818152181714526,0.025076773206741534,-0.0025161420601143604,-0.020060371102105408
numerical-methods-batch-4-v1,standardized-too-small,20,standardized,fixed,0.6255216748429688,0.6279008237304452,0.6255349954231182,0.38116559181405224,0.007676722733851066,0.02,0,0.002936340761132805,true,-0.13637319699275316,-0.0857776441632826,0.026048607999332396,-0.0026790341175768153,-0.021064050058948056
numerical-methods-batch-4-v1,standardized-too-small,21,standardized,fixed,0.6226247337090343,0.625116785692465,0.6226393155601387,0.378528394546572,0.007623311836281038,0.02,0,0.00289567986297945,true,-0.14275699873852546,-0.08970871626180632,0.02698885083589765,-0.0028442358211000275,-0.022062690427402155
numerical-methods-batch-4-v1,standardized-too-small,22,standardized,fixed,0.6197676195633117,0.6223719085891543,0.6197835102768617,0.3759242251097319,0.007570567890931437,0.02,0,0.002855805283277002,true,-0.1491021300770771,-0.09360884865318041,0.027897944643380572,-0.0030116515592363106,-0.023056317237279557
numerical-methods-batch-4-v1,standardized-too-small,23,standardized,fixed,0.6169495624900271,0.6196654143351973,0.6169668085848894,0.3733527546630758,0.007518484502194644,0.02,0,0.0028167016919723453,true,-0.15540895766434665,-0.09747845179227348,0.02877632854840788,-0.003181187476622588,-0.024044955608081932
numerical-methods-batch-4-v1,standardized-too-small,24,standardized,fixed,0.6141698077437702,0.616996540602402,0.6141884546925436,0.37081364624251195,0.0074670550932615185,0.02,0,0.0027783538923458195,true,-0.16167784602232987,-0.1013179322716965,0.029624437719901593,-0.00335275146771045,-0.02502863075733852
numerical-methods-batch-4-v1,standardized-too-small,25,standardized,fixed,0.6114276156028156,0.6143645406515709,0.6114477078575945,0.36830655565149606,0.007416272924850236,0.02,0,0.0027407468349490705,true,-0.16790915741478557,-0.10512769270287346,0.030442703225622512,-0.00352625316905937,-0.026007368007540613
numerical-methods-batch-4-v1,standardized-too-small,26,standardized,fixed,0.6087222612098409,0.6117686831523442,0.608743842227391,0.36583113230763437,0.007366131113029924,0.02,0,0.002703865630203528,true,-0.17410325173221067,-0.10890813160862003,0.03123155190203848,-0.003701603950288394,-0.026981192791753043
numerical-methods-batch-4-v1,standardized-too-small,27,standardized,fixed,0.60605303440132,0.6092082519922991,0.6060761466676722,0.36338702004552514,0.007316622646152689,0.02,0,0.002667695559718797,true,-0.18026048638570197,-0.11265964332670164,0.03199140623691409,-0.0038787169037776442,-0.027950130657982703
numerical-methods-batch-4-v1,standardized-too-small,28,standardized,fixed,0.6034192395267951,0.606682546076501,0.603443924581264,0.36097385787678415,0.007267740400910507,0.02,0,0.0026322220864082313,true,-0.1863812162093248,-0.11638261792384938,0.032722684264024346,-0.00405750683320706,-0.028914207272383176
numerical-methods-batch-4-v1,standardized-too-small,29,standardized,fixed,0.6008201952591653,0.6041908791186404,0.6008464937177991,0.35859128070830165,0.0072194771575356895,0.02,0,0.002597430863464867,true,-0.19246579337061318,-0.12007744111972007,0.03342579946940301,-0.004237890241015989,-0.029873448421373287
numerical-methods-batch-4-v1,standardized-too-small,30,standardized,fixed,0.5982552343970606,0.6017325794248196,0.5982831859755304,0.356238920019866,0.0071718256141660285,0.02,0,0.00256330774226865,true,-0.19851456728883196,-0.12374449422029643,0.0341011607085465,-0.004419785314863519,-0.030827880012745865
numerical-methods-batch-4-v1,standardized-too-small,31,standardized,fixed,0.5957237036603082,0.5993069896709862,0.5957533471962442,0.3539164045023616,0.007124778400397332,0.02,0,0.002529838779286253,true,-0.20452788456063783,-0.1273841540602345,0.034749172134005954,-0.004603111913165824,-0.031777528075841
numerical-methods-batch-4-v1,standardized-too-small,32,standardized,fixed,0.5932249634794285,0.5969134666749449,0.593256336954211,0.3516233606578045,0.0070783280900472405,0.02,0,0.002497010242033193,true,-0.21050608889278352,-0.13099679295367758,0.03537023313281335,-0.004787791549783269,-0.03272241876085594
numerical-methods-batch-4-v1,standardized-too-small,33,standardized,fixed,0.5907583877800457,0.5945513811638207,0.5907915283400613,0.34935941336252047,0.007032467213156097,0.02,0,0.0024648086141496606,true,-0.21644952104151838,-0.13458277865306856,0.03596473827320186,-0.0049737473779266185,-0.03366257833736145
numerical-methods-batch-4-v1,standardized-too-small,34,standardized,fixed,0.588323363763028,0.5922201175377787,0.5883583077403982,0.34712418639480547,0.006987188267250418,0.02,0,0.0024332205996631107,true,-0.22235851875834678,-0.13814247431550705,0.03653307726009608,-0.005160904173348387,-0.03459803319209188
numerical-methods-batch-4-v1,standardized-too-small,35,standardized,fixed,0.5859192916811266,0.5899190736307598,0.5859560746139192,0.34491730292842493,0.0069424837278961125,0.02,0,0.0024022331264790253,true,-0.22823341674181566,-0.1416762384762113,0.03707563489886399,-0.005349188316882145,-0.03552880982607348
numerical-methods-batch-4-v1,standardized-too-small,36,standardized,fixed,0.5835455846128175,0.5876476604689244,0.5835842412647498,0.3427383859933213,0.0068983460585685,0.02,0,0.00237183334916935,true,-0.23407454659501226,-0.14518442502866022,0.0375927910668391,-0.005538527776389537,-0.03645493485115293
numerical-methods-batch-4-v1,standardized-too-small,37,standardized,fixed,0.5812016682340068,0.585405302027454,0.5812422326136507,0.3405870589049011,0.006854767719866415,0.02,0,0.0023420086510991256,true,-0.23988223678846338,-0.14866738321100553,0.03808492069213858,-0.0057288520881717524,-0.0373764349859849
numerical-methods-batch-4-v1,standardized-too-small,38,standardized,fixed,0.578886980588205,0.5831914349863018,0.5789294859677032,0.33846294566326607,0.0068117411780980255,0.02,0,0.0023127466459474944,true,-0.24565681262813768,-0.1521254575983602,0.03855239373932077,-0.005920092337899307,-0.038293337051535044
numerical-methods-batch-4-v1,standardized-too-small,39,standardized,fixed,0.5766009718557289,0.581005508485443,0.576645450789033,0.3363656713237441,0.006769258913265306,0.02,0,0.002284035178670263,true,-0.2513985962282633,-0.15555898810058336,0.03899557520144294,-0.006112181141111239,-0.039205667966151526
numerical-methods-batch-4-v1,standardized-too-small,40,standardized,fixed,0.5743431041224484,0.5788469838801263,0.5743895884630875,0.3342948623400532,0.006727313426474874,0.02,0,0.0022558623259454347,true,-0.2571079064886839,-0.15896830996519917,0.03941482509809816,-0.006305052623332119,-0.04011345474025558
numerical-methods-batch-4-v1,standardized-too-small,41,standardized,fixed,0.572112851148547,0.5767153344965867,0.5721613720669391,0.33225014688141485,0.006685897246801046,0.02,0,0.0022282163961484525,true,-0.26278505907648597,-0.16235375378510078,0.039810498479027796,-0.006498642399852698,-0.041016724470698686
numerical-methods-batch-4-v1,standardized-too-small,42,standardized,fixed,0.5699096981377314,0.5746100453886387,0.5699602861380446,0.3302311551249012,0.0066450029376282855,0.02,0,0.002201085928894453,true,-0.2684303664116424,-0.1657156455107068,0.04018294543292372,-0.006692887555217571,-0.04191550433483118
numerical-methods-batch-4-v1,standardized-too-small,43,standardized,fixed,0.5677331415072807,0.572530613095534,0.5677858264438571,0.3282375195242731,0.006604623102497998,0.02,0,0.0021744596941875027,true,-0.2740441376564266,-0.16905430646625255,0.04053251110105181,-0.006887726622460814,-0.04280982158432425
numerical-methods-batch-4-v1,standardized-too-small,44,standardized,fixed,0.5655826886592943,0.5704765454014262,0.5656374997526448,0.32626887505653424,0.0065647503904854515,0.02,0,0.0021483266912123433,true,-0.27962667870836194,-0.172370053369913,0.0408595356953454,-0.007083099562128279,-0.04369970353878473
numerical-methods-batch-4-v1,standardized-too-small,45,standardized,fixed,0.5634578577534654,0.5684473610967596,0.5635148236058457,0.3243248594473849,0.006525377501130701,0.02,0,0.002122676146799063,true,-0.28517829219648266,-0.17566319835746888,0.041164354520634175,-0.007278947741123055,-0.044585177579199525
numerical-methods-batch-4-v1,standardized-too-small,46,standardized,fixed,0.5613581774816677,0.5664425897418591,0.5614173260922464,0.3224051133767299,0.006486497188947692,0.02,0,0.0020974975135993335,true,-0.2906992774806909,-0.17893404900924156,0.04144729800069049,-0.007475213911408479,-0.045466271141243665
numerical-methods-batch-4-v1,standardized-too-small,47,standardized,fixed,0.5592831868446243,0.5644617714329776,0.5593445456242508,0.3205092806653502,0.006448102267534577,0.02,0,0.0020727804679955275,true,-0.2961899306540059,-0.1821829083800365,0.04170869170779113,-0.0076718421886010505,-0.046343011708484046
numerical-methods-batch-4-v1,standardized-too-small,48,standardized,fixed,0.5572324349308898,0.5625044565710211,0.5572960307164747,0.3186370084438109,0.00641018561330701,0.02,0,0.0020485149077761333,true,-0.3016505445475096,-0.18541007503184775,0.04194885639550807,-0.00786877803048372,-0.0472154268055081
numerical-methods-batch-4-v1,standardized-too-small,49,standardized,fixed,0.5552054806983584,0.5605702056331542,0.5552713397668722,0.3167879473046362,0.0063727401688762056,0.02,0,0.002024690949602559,true,-0.30708140873780343,-0.1886158430690897,0.04216810803445701,-0.008065968215468114,-0.04808354399100468
numerical-methods-batch-4-v1,standardized-too-small,50,standardized,fixed,0.5532018927584843,0.5586585889474592,0.5532700408405875,0.31496175143874505,0.0063357589460926985,0.02,0,0.002001298926284645,true,-0.3124828095567994,-0.19180050217613448,0.04236675785074703,-0.008263360821032538,-0.048947390850822114
numerical-methods-batch-4-v1,standardized-too-small,51,standardized,fixed,0.5512212491633747,0.5567691864708041,0.5512917114566863,0.31315807875709256,0.006299235028774904,0.02,0,0.0019783293839011895,true,-0.317855030103678,-0.19496433765694574,0.04254511236688897,-0.008460905202160874,-0.04980699499102653
numerical-methods-batch-4-v1,standardized-too-small,52,standardized,fixed,0.5492631371959021,0.5549015875700491,0.5493359383779169,0.31137659099843323,0.00626316157514186,0.02,0,0.001955773078769374,true,-0.32319835025885296,-0.19810763047661106,0.04270347344493355,-0.008658551969805894,-0.05066238403098136
numerical-methods-batch-4-v1,standardized-too-small,53,standardized,fixed,0.5473271531629577,0.553055390806709,0.54740231740362,0.30961695382407,0.006227531819968648,0.02,0,0.0019336209742969457,true,-0.32851304669979287,-0.2012306573045868,0.04284213833162372,-0.008856252969398959,-0.051513585596467244
numerical-methods-batch-4-v1,standardized-too-small,54,standardized,fixed,0.545412902191952,0.5512302037251652,0.5454904531658968,0.30787883690042106,0.006192339076481422,0.02,0,0.0019118642377231598,true,-0.3337993929185557,-0.20433369055947964,0.04296139970535792,-0.009053961259426608,-0.05236062731285976
numerical-methods-batch-4-v1,standardized-too-small,55,standardized,fixed,0.5435199980306533,0.5494256426445093,0.5435999589291214,0.30616191397019576,0.006157576738008442,0.02,0,0.001890494236775453,true,-0.33905765924090103,-0.20741699845519976,0.04306154572477327,-0.009251631090093129,-0.05320353679838068
numerical-methods-batch-4-v1,standardized-too-small,56,standardized,fixed,0.5416480628504361,0.5476413324540823,0.5417304563928732,0.30446586291293254,0.0061232382794039406,0.02,0,0.0018695025362481799,true,-0.34428811284685207,-0.2104808450483305,0.04314286007876921,-0.009449217882086866,-0.054042341657437
numerical-methods-batch-4-v1,standardized-too-small,57,standardized,fixed,0.5397967270530033,0.545876906412762,0.5398815754983513,0.30279036579561136,0.006089317258258649,0.02,0,0.0018488808945219537,true,-0.3494910177925862,-0.21352549028656864,0.04320562203780319,-0.009646678205466764,-0.05487706947406044
numerical-methods-batch-4-v1,standardized-too-small,58,standardized,fixed,0.5379656290806274,0.5441320059520363,0.5380529542383149,0.3011351089140255,0.00605580731591224,0.02,0,0.001828621260036356,true,-0.35466663503353985,-0.21655119005809859,0.043250106506300394,-0.00984396975868439,-0.05570774780545864
numerical-methods-batch-4-v1,standardized-too-small,59,standardized,fixed,0.536154415229947,0.5424062804828926,0.5362442384705891,0.2994997828255513,0.006022702178280524,0.02,0,0.0018087157677257881,true,-0.35981522244861985,-0.2195581962417726,0.04327658407602978,-0.010041051347755599,-0.0565344041756883
numerical-methods-batch-4-v1,standardized-too-small,60,standardized,fixed,0.534362739469346,0.5406993872065378,0.5344550817351592,0.2978840823739312,0.005989995656511017,0.02,0,0.0017891567354298976,true,-0.36493703486541945,-0.22254675675797728,0.043285321080308164,-0.010237882865594817,-0.05735706606945887
numerical-methods-batch-4-v1,standardized-too-small,61,standardized,fixed,0.5325902632599276,0.5390109909289568,0.5326851450748692,0.29628770670664467,0.005957681647478611,0.02,0,0.0017699366602900168,true,-0.3700323240863437,-0.22551711562007398,0.04327657964890316,-0.010434425271523948,-0.058175760926074564
numerical-methods-batch-4-v1,standardized-too-small,62,standardized,fixed,0.5308366553800937,0.5373407638793117,0.5309340968597319,0.2947103592854148,0.00592575413413291,0.02,0,0.0017510482151372742,true,-0.37510133891555353,-0.22846951298630938,0.04325061776351454,-0.010630640570966904,-0.058990516133521416
numerical-methods-batch-4-v1,standardized-too-small,63,standardized,fixed,0.5291015917537246,0.5356883855321676,0.5292016126148474,0.2931517478903648,0.00589420718570831,0.02,0,0.0017324842448844802,true,-0.38014432518664437,-0.23140418521209805,0.04320768931372169,-0.010826491795339782,-0.05980135902270488
numerical-methods-batch-4-v1,standardized-too-small,64,standardized,fixed,0.5273847552819527,0.5340535424335324,0.5274873748519231,0.2916115846183136,0.005863034957807283,0.02,0,0.0017142377629243422,true,-0.3851615257909792,-0.2343213649025868,0.04314804415329271,-0.011021942982145896,-0.06060831686184284
numerical-methods-batch-4-v1,standardized-too-small,65,standardized,fixed,0.5256858356785142,0.5324359280306886,0.5257910729043773,0.29008958587566613,0.00583223169236627,0.02,0,0.0016963019475457752,true,-0.3901531807066017,-0.2372212809654162,0.043071928156758046,-0.011216959155283946,-0.06141141685101792
numerical-methods-batch-4-v1,standardized-too-small,66,standardized,fixed,0.5240045293086559,0.530835242505785,0.5241124027660063,0.2885854723663336,0.0058017917175133375,0.02,0,0.0016786701383709746,true,-0.3951195270276594,-0.2401041586636011,0.04297958327615849,-0.011411506305576883,-0.062210686116892164
numerical-methods-batch-4-v1,standardized-too-small,67,standardized,fixed,0.5223405390315737,0.52925119261316,0.5224510669331892,0.2870989690750868,0.005771709447326653,0.02,0,0.0016613358328171346,true,-0.40006079899427044,-0.24297021966845733,0.042871247597883994,-0.011605551371528234,-0.06300615170758661
numerical-methods-batch-4-v1,standardized-too-small,68,standardized,fixed,0.5206935740463474,0.5276834915203541,0.5208067742505949,0.28562980524672826,0.0057419793815017455,0.02,0,0.0016442926825943616,true,-0.4049772280227737,-0.24581968211250757,0.04274715539952611,-0.011799062220311934,-0.06379784058772746
numerical-methods-batch-4-v1,standardized-too-small,69,standardized,fixed,0.5190633497413394,0.5261318586527727,0.5191792397603606,0.2841777143614388,0.00571259610493457,0.02,0,0.0016275344902342281,true,-0.4098690427363034,-0.24865276064230385,0.04260753720667242,-0.011992007629001076,-0.06458577963366
numerical-methods-batch-4-v1,standardized-too-small,70,standardized,fixed,0.5174495875470152,0.5245960195419513,0.5175681845546972,0.28274243410663774,0.005683554287228772,0.02,0,0.001611055205663403,true,-0.4147364689956355,-0.2514696664711098,0.042452619849577294,-0.012184357266040322,-0.06536999562883086
numerical-methods-batch-4-v1,standardized-too-small,71,standardized,fixed,0.5158520147921447,0.5230757056773764,0.5159733356318821,0.2813237063456713,0.005654848682132761,0.02,0,0.0015948489228151397,true,-0.4195797299302546,-0.25427060743138924,0.042282626519648106,-0.012376081672966128,-0.06615051525933888
numerical-methods-batch-4-v1,standardized-too-small,72,standardized,fixed,0.514270364563338,0.5215706543618079,0.5143944257555917,0.2799212770836253,0.005626474126913434,0.02,0,0.0015789098762903908,true,-0.42439904596959566,-0.257055788027053,0.04209777682569136,-0.012567152246378386,-0.06692736510965397
numerical-methods-batch-4-v1,standardized-too-small,73,standardized,fixed,0.5127043755678662,0.520080608570053,0.5128311933175252,0.2785348964305396,0.0055984255416725096,0.02,0,0.001563232438066442,true,-0.42919463487441567,-0.25982540948541877,0.04189828684986739,-0.012757541220166537,-0.06770057165850345
numerical-methods-batch-4-v1,standardized-too-small,74,standardized,fixed,0.5111537919997189,0.5186053168111311,0.511283382203271,0.27716431856228296,0.00557069792861078,0.02,0,0.0015478111142542827,true,-0.4339667117682555,-0.26257966980884406,0.04168436920330708,-0.012947221647992715,-0.06847016127492457
numerical-methods-batch-4-v1,standardized-too-small,75,standardized,fixed,0.509618363408844,0.5171445329937766,0.5097507416613589,0.27580930167932943,0.005543286371245658,0.02,0,0.0015326405419120448,true,-0.4387154891689537,-0.265318763825994,0.04145623308134767,-0.013136167386034037,-0.06923616021448181
numerical-methods-batch-4-v1,standardized-too-small,76,standardized,fixed,0.508097844573518,0.5156980162952165,0.5082330261754506,0.27446960796366415,0.005516186033586583,0.02,0,0.0015177154859082886,true,-0.4434411770201769,-0.26804288324271064,0.04121408431834898,-0.013324353075985665,-0.06999859461564718
numerical-methods-batch-4-v1,standardized-too-small,77,standardized,fixed,0.5065919953757888,0.5142655310331666,0.5067299953396058,0.2731450035340271,0.005489392159273305,0.02,0,0.0015030308358447986,true,-0.448143982722935,-0.27075221669245253,0.04095812544205463,-0.013511754128325915,-0.07075749049634142
numerical-methods-batch-4-v1,standardized-too-small,78,standardized,fixed,0.5051005806799382,0.5128468465409822,0.5052414137365739,0.27183525839969336,0.005462900070680546,0.02,0,0.001488581603031891,true,-0.45282411116704996,-0.2734469497862772,0.0406885557274664,-0.013698346705844256,-0.07151287375063388
numerical-methods-batch-4-v1,standardized-too-small,79,standardized,fixed,0.5036233702139044,0.511441737045903,0.5037670508190499,0.27054014641297036,0.005436705167993855,0.02,0,0.001474362917524008,true,-0.457481764762551,-0.2761272651623409,0.040405571250202964,-0.013884107707432694,-0.07226477014559862
numerical-methods-batch-4-v1,standardized-too-small,80,standardized,fixed,0.5021601384536074,0.51004998155033,0.5023066807938391,0.26925944522058465,0.005410802928259391,0.02,0,0.001460370025210822,true,-0.46211714347096994,-0.27879334253489274,0.04010936493931707,-0.01406901475214071,-0.07301320531832385
numerical-methods-batch-4-v1,standardized-too-small,81,standardized,fixed,0.5007106645101204,0.5086713637160717,0.5008600825088703,0.2679929362141137,0.00538518890441168,0.02,0,0.0014465982849688475,true,-0.4667304448365132,-0.2814453587427442,0.03980012662954824,-0.014253046163493611,-0.07375820477307216
numerical-methods-batch-4-v1,standardized-too-small,82,standardized,fixed,0.49927473201962846,0.5073056717514977,0.49942703934300253,0.26674040447961184,0.0053598587242822925,0.02,0,0.0014330431658677312,true,-0.4713218640170882,-0.2840834877971943,0.039478043112990344,-0.014436180954073816,-0.07449979387858828
numerical-methods-batch-4-v1,standardized-too-small,83,standardized,fixed,0.4978521290361138,0.5059526983015359,0.49800733909856193,0.26550163874656413,0.005334808089592247,0.02,0,0.0014197002444406026,true,-0.475891593815164,-0.28670790092939624,0.03914329819015603,-0.014618398810364402,-0.07523799786555152
numerical-methods-batch-4-v1,standardized-too-small,84,standardized,fixed,0.4964426479267132,0.5046122403404524,0.4966007738965548,0.26427643133629597,0.005310032774931282,0.02,0,0.001406565202007104,true,-0.4804398247084481,-0.2893187666371508,0.038796072720422035,-0.014799680077853905,-0.07597284182416948
numerical-methods-batch-4-v1,standardized-too-small,85,standardized,fixed,0.4950460852696861,0.5032840990673505,0.4952071400744957,0.26306457810995376,0.005285528626725926,0.02,0,0.0013936338220591482,true,-0.4849667448803621,-0.2919162507311138,0.038436544671841655,-0.014980005746401199,-0.07670435070190991
numerical-methods-batch-4-v1,standardized-too-small,86,standardized,fixed,0.49366224175493706,0.5019680798043283,0.4938262380867935,0.26186587841616465,0.005261291562199069,0.02,0,0.0013809019877021877,true,-0.4894725402503007,-0.2945005163804091,0.0380648891703125,-0.015159357435859017,-0.07743254930136727
numerical-methods-batch-4-v1,standardized-too-small,87,standardized,fixed,0.49229092208703434,0.5006639918972347,0.4924578724076375,0.260680135038475,0.005237317568323284,0.02,0,0.0013683656791559917,true,-0.49395739450365994,-0.2970717241576358,0.03768127854808941,-0.015337717381954498,-0.07815746227826069
numerical-methods-batch-4-v1,standardized-too-small,88,standardized,fixed,0.49093193489066844,0.4993716486189586,0.4911018514363276,0.25950715414265874,0.005213602700769502,0.02,0,0.0013560209713098792,true,-0.4984214891216226,-0.2996300320832647,0.03728588239163423,-0.015515068422424961,-0.07887911413955985
numerical-methods-batch-4-v1,standardized-too-small,89,standardized,fixed,0.48958509261849187,0.4980908670751992,0.48975798740498844,0.2583467452239806,0.005190143082853234,0.02,0,0.0013438640313391814,true,-0.5028650034106878,-0.3021755956694167,0.0368788675887955,-0.015691393983406923,-0.0795975292417353
numerical-methods-batch-4-v1,standardized-too-small,90,standardized,fixed,0.48825021146128766,0.4968214681126488,0.48842609628861666,0.25719872105448977,0.0051669349044796056,0.02,0,0.001331891116371775,true,-0.5072881145319358,-0.3047085679630182,0.03646039837531275,-0.015866678066076244,-0.08031273178912979
numerical-methods-batch-4-v1,standardized-too-small,91,standardized,fixed,0.48692711126040805,0.4955632762295386,0.487105997717401,0.25606289763041845,0.005143974421089793,0.02,0,0.0013200985712156776,true,-0.5116909975300175,-0.30722909958833117,0.036030636380641266,-0.01604090523353711,-0.08102474583244719
numerical-methods-batch-4-v1,standardized-too-small,92,standardized,fixed,0.48561561542243065,0.49431611948848286,0.4857975148912636,0.25493909411974547,0.00512125795260835,0.02,0,0.0013084828261373804,true,-0.516073825361861,-0.30973733878885445,0.03558974067309448,-0.016214060597957474,-0.08173359526735541
numerical-methods-batch-4-v1,standardized-too-small,93,standardized,fixed,0.4843155508359782,0.49307982943156925,0.4845004744965681,0.25382713280998964,0.005098781882394869,0.02,0,0.0012970403946955256,true,-0.5204367689250875,-0.31223343146859506,0.03513786780430231,-0.01638612980794841,-0.08243930383319996
numerical-methods-batch-4-v1,standardized-too-small,94,standardized,fixed,0.48302674779064797,0.49185424099763747,0.48321470662494004,0.2527268390562825,0.0050765426561997515,0.02,0,0.0012857678716280407,true,-0.5247799970861298,-0.3147175212327091,0.03467517185298478,-0.01655709903618479,-0.08314189511182475
numerical-methods-batch-4-v1,standardized-too-small,95,standardized,fixed,0.4817490398980007,0.49063919244169196,0.4819400446941503,0.25163804122977274,0.005054536781125706,0.02,0,0.0012746619307897333,true,-0.5291036767080476,-0.31718974942751255,0.03420180446804114,-0.01672695496726453,-0.08384139252649661
numerical-methods-batch-4-v1,standardized-too-small,96,standardized,fixed,0.48048226401455546,0.4894345252563943,0.48067632537100713,0.25056057066640497,0.005032760824595464,0.02,0,0.0012637193231431754,true,-0.533407972678035,-0.3196502551798632,0.033717914910955826,-0.016895684785803614,-0.08453781934093027
numerical-methods-batch-4-v1,standardized-too-small,97,standardized,fixed,0.4792262601667427,0.48824008409558295,0.4794233884962092,0.24949426161611493,0.005011211413328057,0.02,0,0.0012529368747979386,true,-0.5376930479346156,-0.32209917543591504,0.03322365009752309,-0.017063276164764003,-0.08523119865841043
numerical-methods-batch-4-v1,standardized-too-small,98,standardized,fixed,0.4779808714777636,0.487055716699769,0.4781810770111077,0.24843895119247614,0.004989885232322244,0.02,0,0.0012423114851015105,true,-0.5419590634945217,-0.3245366449992486,0.03271915463889316,-0.01722971725401149,-0.08592155342100768
numerical-methods-batch-4-v1,standardized-too-small,99,standardized,fixed,0.47674594409631044,0.4858812738235553,0.47694923688633223,0.247394479322832,0.004968779023849494,0.02,0,0.0012318401247754518,true,-0.5462061784792542,-0.3269627965683792,0.03220457088194335,-0.017394996669100486,-0.08660890640888497
numerical-methods-batch-4-v1,standardized-too-small,100,standardized,fixed,0.47552132712709655,0.4847166091649306,0.4757277170522287,0.24636068869894098,0.004947889586456671,0.02,0,0.0012215198341035127,true,-0.5504345501413211,-0.32937776077364733,0.03168003894897805,-0.01755910348028266,-0.08729328023969145
numerical-methods-batch-4-v1,standardized-too-small,101,standardized,fixed,0.474306872563154,0.4835615792963907,0.4745163693310679,0.2453374247281637,0.004927213773978841,0.02,0,0.001211347721160827,true,-0.5546443338901526,-0.3317816662134959,0.031145696776762394,-0.017722027201736344,-0.08797469736804067
numerical-methods-batch-4-v1,standardized-too-small,102,standardized,fixed,0.47310243521984974,0.48241604359783646,0.4733150483709738,0.24432453548521144,0.004906748494563246,0.02,0,0.0012013209600940655,true,-0.5588356833176911,-0.33417463949013776,0.030601680154894548,-0.017883757781013546,-0.08865318008506994
numerical-methods-batch-4-v1,standardized-too-small,103,standardized,fixed,0.4719078726705773,0.48127986419120394,0.47212361158153177,0.2433218716644798,0.004886490709704223,0.02,0,0.0011914367894420574,true,-0.5630087502236563,-0.33655680524461945,0.03004812276352233,-0.0180442855887014,-0.08932875051807788
numerical-methods-batch-4-v1,standardized-too-small,104,standardized,fixed,0.4707230451840812,0.480152905876781,0.47094191907102945,0.24232928653298344,0.004866437433289546,0.02,0,0.001181692510502319,true,-0.5671636846404824,-0.3389282861912865,0.029485156210410122,-0.018203601408294856,-0.0900014306302373
numerical-methods-batch-4-v1,standardized-too-small,105,standardized,fixed,0.4695478156633696,0.4790350360711647,0.46976983358529023,0.24134663588390728,0.004846585730659654,0.02,0,0.001172085485739216,true,-0.5713006348579301,-0.34128920315165573,0.028912910067362484,-0.018361696426277364,-0.09067124222038032
numerical-methods-batch-4-v1,standardized-too-small,106,standardized,fixed,0.4683820495861762,0.4779261247468171,0.4686072204480564,0.2403737779907886,0.00482693271767813,0.02,0,0.0011626131372338144,true,-0.5754197474473715,-0.3436396750877007,0.028331511906011145,-0.018518562222406356,-0.0913382069228532
numerical-methods-batch-4-v1,standardized-too-small,107,standardized,fixed,0.4672256149469273,0.4768260443731759,0.4674539475028811,0.23941057356233972,0.004807475559815758,0.02,0,0.0011532729451753099,true,-0.579521167285749,-0.34597981913455694,0.027741087332972446,-0.01867419076020025,-0.09200234620743787
numerical-methods-batch-4-v1,standardized-too-small,108,standardized,fixed,0.4660783822001784,0.47573466985927987,0.46630988505649035,0.23845688569792156,0.004788211471246846,0.02,0,0.001144062446390759,true,-0.5836050375792105,-0.3483097506326531,0.027141760024382507,-0.01882857437762373,-0.09266368137933764
numerical-methods-batch-4-v1,standardized-too-small,109,standardized,fixed,0.46494022420547815,0.47465187849786683,0.46517490582357574,0.23751257984367574,0.004769137713958457,0.02,0,0.0011349792329146124,true,-0.5876714998864189,-0.35062958315927545,0.026533651759817627,-0.018981705777968077,-0.09332223357922437
numerical-methods-batch-4-v1,standardized-too-small,110,standardized,fixed,0.46381101617362375,0.4735775499109068,0.46404888487297946,0.23657752374931965,0.004750251596873475,0.02,0,0.0011260209505962737,true,-0.5917206941415408,-0.35293942855957183,0.025916882455607665,-0.019133578020923248,-0.09397802378334463
numerical-methods-batch-4-v1,standardized-too-small,111,standardized,fixed,0.46269063561427104,0.4725115659965286,0.4629316995752366,0.23565158742561113,0.0047315504749863855,0.02,0,0.001117185297742851,true,-0.5957527586769139,-0.35523939697700313,0.025291570197550295,-0.019284184513838537,-0.09463107280368237
numerical-methods-batch-4-v1,standardized-too-small,112,standardized,fixed,0.46157896228486134,0.471453810877307,0.4618232295514357,0.23473464310248396,0.004713031748512233,0.02,0,0.0011084700238009337,true,-0.5997678302453947,-0.35752959688324887,0.024657831273034198,-0.019433519003168528,-0.09528140128817551
numerical-methods-batch-4-v1,standardized-too-small,113,standardized,fixed,0.4604758781408331,0.4704041708498689,0.4607233566233656,0.2338265651878573,0.004694692862049663,0.02,0,0.001099872928070067,true,-0.6037660440423904,-0.35981013510757465,0.024015780202579384,-0.019581575566101135,-0.09592902972098445
numerical-methods-batch-4-v1,standardized-too-small,114,standardized,fixed,0.4593812672870811,0.4693625343357871,0.45963196476491247,0.23292723022711892,0.004676531303757131,0.02,0,0.001091391858453139,true,-0.6077475337275758,-0.3620811168656689,0.023365529770802917,-0.019728348602364554,-0.09657397842280978
numerical-methods-batch-4-v1,standardized-too-small,115,standardized,fixed,0.4582950159306323,0.4683287918337238,0.4585489400546736,0.23203651686328206,0.004658544604542418,0.02,0,0.0010830247102388557,true,-0.6117124314462978,-0.3643426457879566,0.02270719105681843,-0.01987383282620992,-0.09721626755125738
numerical-methods-batch-4-v1,standardized-too-small,116,standardized,fixed,0.45721701233450424,0.46730283587279114,0.4574741706297572,0.23115430579781526,0.0046407303372656425,0.02,0,0.0010747694249164108,true,-0.6156608678506702,-0.3665948239473974,0.022040873464077883,-0.020018023258566518,-0.09785591710124851
numerical-methods-batch-4-v1,standardized-too-small,117,standardized,fixed,0.45614714677271556,0.4662845609670978,0.4564075466407343,0.23028047975214153,0.004623086115956279,0.02,0,0.001066623989022908,true,-0.619592972120362,-0.3688377518867759,0.021366684749664046,-0.02016091521936641,-0.09849294690547283
numerical-methods-batch-4-v1,standardized-too-small,118,standardized,fixed,0.45508531148641695,0.46527386357144535,0.4553489602077136,0.22941492342980563,0.0046056095950428215,0.02,0,0.0010585864330207029,true,-0.6235088719830814,-0.3710715286454924,0.020684731053042263,-0.020302504320035355,-0.09912737663488248
numerical-methods-batch-4-v1,standardized-too-small,119,standardized,fixed,0.4540314006411132,0.46427064203814694,0.4542983053775083,0.22855752347930397,0.0045882984685960875,0.02,0,0.0010506548302052776,true,-0.627408693734758,-0.37329625178586057,0.019995116924279983,-0.02044278645614699,-0.09975922579922508
numerical-methods-batch-4-v1,standardized-too-small,120,standardized,fixed,0.45298531028494665,0.4632747965749371,0.45325547808186617,0.22770816845757388,0.0045711504695860475,0.02,0,0.0010428272956421458,true,-0.6312925622594282,-0.37551201741892143,0.0192979453517427,-0.020581757800237122,-0.10038851374761382
numerical-methods-batch-4-v1,standardized-too-small,121,standardized,fixed,0.4519469383080144,0.46228622920394064,0.4522203760967345,0.22686674879413718,0.004554163369151522,0.02,0,0.0010351019851316812,true,-0.635160601048824,-0.37771892022978004,0.018593317789274786,-0.02071941479477522,-0.10101525966913283
numerical-methods-batch-4-v1,standardized-too-small,122,standardized,fixed,0.45091618440269093,0.46130484372167585,0.4511928990025318,0.22603315675589147,0.004537334975882702,0.02,0,0.0010274770942027,true,-0.6390129322216709,-0.37991705350247357,0.017881334182873753,-0.020855754145290024,-0.10163948259347606
numerical-methods-batch-4-v1,standardized-too-small,123,standardized,fixed,0.4498929500249288,0.46033054566006054,0.45017294814539927,0.2252072864125446,0.004520663135117841,0.02,0,0.0010199508571325233,true,-0.6428496765426975,-0.3821065091443778,0.01716209299686648,-0.020990772813646367,-0.1022612013916179
numerical-methods-batch-4-v1,standardized-too-small,124,standardized,fixed,0.44887713835651294,0.4593632422483957,0.44916042659940664,0.22438903360268436,0.0045041457282509285,0.02,0,0.0010125215459926284,true,-0.6466709534413592,-0.3842873777101606,0.016435691239595835,-0.021124468011470277,-0.10288043477651382
numerical-methods-batch-4-v1,standardized-too-small,125,standardized,fixed,0.4478686542682411,0.45840284237629997,0.4481552391296857,0.22357829590047826,0.0044877806720536725,0.02,0,0.0010051874697209473,true,-0.6504768810302799,-0.38645974842528863,0.015702224488626144,-0.02125683719371946,-0.10349720130382965
numerical-methods-batch-4-v1,standardized-too-small,126,standardized,fixed,0.44686740428400723,0.45744925655756785,0.4471572921564678,0.22277497258299386,0.004471565918009558,0.02,0,0.000997946973217867,true,-0.6542675761234167,-0.3886237092090969,0.014961786915475816,-0.021387878052396322,-0.1041115193726977
numerical-methods-batch-4-v1,standardized-too-small,127,standardized,fixed,0.44587329654576247,0.4565023968949293,0.4461664937200003,0.2219789645981347,0.00445549945165983,0.02,0,0.0009907984364675437,true,-0.6580431542539478,-0.39077934669742675,0.014214471309885492,-0.02151758851040072,-0.10472340722649838
numerical-methods-batch-4-v1,standardized-too-small,128,standardized,fixed,0.4448862407793309,0.4555621770456827,0.44518275344631886,0.22119017453318227,0.004439579291962734,0.02,0,0.0009837402736814216,true,-0.6618037296918904,-0.3929267462648412,0.013460369103629894,-0.02164596671551966,-0.10533288295366575
numerical-methods-batch-4-v1,standardized-too-small,129,standardized,fixed,0.44390614826105773,0.4546285121881818,0.44420598251385296,0.22040850658393618,0.004423803490663602,0.02,0,0.000976770932465898,true,-0.6655494154614496,-0.39506599204642406,0.012699570393881586,-0.021773011034551225,-0.10593996448851575
numerical-methods-batch-4-v1,standardized-too-small,130,standardized,fixed,0.4429329317852662,0.4537013189891491,0.4432360936208419,0.21963386652444575,0.0044081701316786995,0.02,0,0.0009698888930110838,true,-0.6692803233581041,-0.3971971669591713,0.011932163966134677,-0.02189872004756,-0.10654466961209569
numerical-methods-batch-4-v1,standardized-too-small,131,standardized,fixed,0.44196650563250356,0.4527805155717974,0.44227300095354016,0.21886616167732278,0.004392677330488901,0.02,0,0.0009630926673017126,true,-0.6729965639654294,-0.3993203527229807,0.011158237316696509,-0.02202309254226138,-0.10714701595305363
numerical-methods-batch-4-v1,standardized-too-small,132,standardized,fixed,0.4410067855385536,0.45186602148473476,0.4413166201551909,0.21810530088462757,0.004377323233546426,0.02,0,0.0009563807983492545,true,-0.6766982466716654,-0.4014356298812484,0.010377876674755211,-0.022146127508532096,-0.10774702098852659
numerical-methods-batch-4-v1,standardized-too-small,133,standardized,fixed,0.44005368866419586,0.4509577576716334,0.44036686829574656,0.21735119447932094,0.0043621060176925255,0.02,0,0.0009497518594443477,true,-0.6803854796860292,-0.40354307782107807,0.00959116702403094,-0.022267824133044442,-0.10834470204504619
numerical-methods-batch-4-v1,standardized-too-small,134,standardized,fixed,0.4391071335656925,0.4500556464416408,0.43942366384231873,0.2166037542572711,0.004347023889586432,0.02,0,0.0009432044534278261,true,-0.6840583700547779,-0.40564277479311084,0.008798192124018545,-0.022388181794021605,-0.10894007629946065
numerical-methods-batch-4-v1,standardized-too-small,135,standardized,fixed,0.4381670401659817,0.44915961144051497,0.43848692663033506,0.21586289344980855,0.004332075085145452,0.02,0,0.0009367372119836737,true,-0.6877170236770246,-0.40773479793098266,0.007999034530829273,-0.022507200056111638,-0.1095331607798721
numerical-methods-batch-4-v1,standardized-too-small,136,standardized,fixed,0.4372333297265603,0.44826957762246145,0.43755657783538626,0.21512852669681926,0.004317257868996176,0.02,0,0.0009303487949487987,true,-0.6913615453203119,-0.40981922327041576,0.007193775617639026,-0.022624878665377605,-0.11012397236658802
numerical-methods-batch-4-v1,standardized-too-small,137,standardized,fixed,0.4363059248200382,0.4473854712226562,0.4366325399457459,0.2144005700203671,0.004302570533936357,0.02,0,0.00092403788964035,true,-0.6949920386359453,-0.4118961257679511,0.006382495594750621,-0.022741217544401497,-0.1107125277930858
numerical-methods-batch-4-v1,standardized-too-small,138,standardized,fixed,0.4353847493033435,0.44650721973043395,0.43571473673554195,0.21367894079883737,0.00428801140040734,0.02,0,0.0009178032102039602,true,-0.6986086061740904,-0.41396557931932887,0.005565273529277345,-0.022856216787499533,-0.11129884364698947
numerical-methods-batch-4-v1,standardized-too-small,139,standardized,fixed,0.43446972829156505,0.44563475186312557,0.43480309323856636,0.21296355774159187,0.004273578815976736,0.02,0,0.0009116434969755893,true,-0.7022113493986378,-0.4160276567775232,0.004742187364455025,-0.022969876656046502,-0.11188293637105765
numerical-methods-batch-4-v1,standardized-too-small,140,standardized,fixed,0.4335607881324136,0.44476799754052593,0.43389753572270384,0.21225434086412623,0.004259271154831855,0.02,0,0.0009055575158625206,true,-0.7058003687018392,-0.41808242997043754,0.003913313938589729,-0.023082197573906876,-0.11246482226418174
numerical-methods-batch-4-v1,standardized-too-small,141,standardized,fixed,0.43265785638128496,0.44390688785997606,0.4329979916649639,0.21155121146372238,0.004245086817282544,0.02,0,0.0008995440577399538,true,-0.7093757634187166,-0.42012996971826794,0.003078729003648073,-0.023193180122970423,-0.11304451748239355
numerical-methods-batch-4-v1,standardized-too-small,142,standardized,fixed,0.4317608617769106,0.4430513550720435,0.4321043897271008,0.21085409209558487,0.004231024229274407,0.02,0,0.0008936019378630866,true,-0.7129376318412508,-0.42217034585053936,0.0022385072434970435,-0.023302825038790106,-0.11362203803988145
numerical-methods-batch-4-v1,standardized-too-small,143,standardized,fixed,0.4308697342175794,0.4422013325567844,0.43121665973180556,0.21016290654945402,0.004217081841911737,0.02,0,0.0008877299952952389,true,-0.7164860712323504,-0.4242036272228224,0.0013927222918001013,-0.0234111332063201,-0.11419739981001431
numerical-methods-batch-4-v1,standardized-too-small,144,standardized,fixed,0.4299844047379164,0.44135675480057224,0.4303347326394554,0.20947757982668683,0.004203258130989123,0.02,0,0.0008819270923501876,true,-0.7200211778396046,-0.42622988173313564,0.0005414467495762387,-0.023518105655751787,-0.11477061852637235
numerical-methods-batch-4-v1,standardized-too-small,145,standardized,fixed,0.4291048054862023,0.44051755737347736,0.4294585405254049,0.2087980381177963,0.004189551596533734,0.02,0,0.0008761921140504891,true,-0.723543046908825,-0.4282491763380402,-0.0003152477975714498,-0.02362374355844563,-0.11534170978378433
numerical-methods-batch-4-v1,standardized-too-small,146,standardized,fixed,0.42823086970222235,0.43968367690718463,0.42858801655780726,0.2081242087804413,0.004175960762355897,0.02,0,0.0008705239675976251,true,-0.7270517726973779,-0.43026157706843243,-0.0011772907625512332,-0.023728048222956877,-0.11591068903937012
numerical-methods-batch-4-v1,standardized-too-small,147,standardized,fixed,0.42736253169562793,0.43885505107343287,0.4277230949759487,0.207456020317858,0.004162484175608866,0.02,0,0.0008649215818585798,true,-0.7305474484873113,-0.43226714904504004,-0.002044612540195909,-0.023831021091153086,-0.11647757161358818
numerical-methods-batch-4-v1,standardized-too-small,148,standardized,fixed,0.4264997268247999,0.4380316185629633,0.42686371106908544,0.20679340235772456,0.004149120406357144,0.02,0,0.0008593839068632425,true,-0.7340301665982795,-0.43426595649362815,-0.0029171444909874334,-0.02393266373442144,-0.11704237269128723
numerical-methods-batch-4-v1,standardized-too-small,149,standardized,fixed,0.42564239147619876,0.43721331906496436,0.426009801155768,0.20613628563145114,0.004135868047154501,0.02,0,0.0008539099133174632,true,-0.737500018400268,-0.43625806275992046,-0.0037948189250868974,-0.024032977849963978,-0.11760510732276139
numerical-methods-batch-4-v1,standardized-too-small,150,standardized,fixed,0.4247904630441905,0.4364000932469972,0.425161302563642,0.20548460195388601,0.004122725712629043,0.02,0,0.0008484985921259902,true,-0.7409570943261238,-0.438243530324241,-0.004677569086663836,-0.024131965257178783,-0.11816579042480835
numerical-methods-batch-4-v1,standardized-too-small,151,standardized,fixed,0.4239438799113357,0.4355918827353932,0.42431815360971264,0.20483828420343056,0.004109692039077701,0.02,0,0.0008431489539293402,true,-0.744401483883891,-0.44022242081588236,-0.005565329138518963,-0.02422962789412528,-0.11872443678178987
numerical-methods-batch-4-v1,standardized-too-small,152,standardized,fixed,0.4231025814291283,0.4347886300961082,0.4234802935810594,0.20419726630255472,0.004096765684068588,0.02,0,0.00083786002865327,true,-0.7478332756689587,-0.4421947950272051,-0.006458034146994527,-0.024325967814071817,-0.11928106104669413
numerical-methods-batch-4-v1,standardized-too-small,153,standardized,fixed,0.4222665078991749,0.43399027881602137,0.4226476627159918,0.20356148319870487,0.004083945326051114,0.02,0,0.000832630865067574,true,-0.7512525573760204,-0.4441607129274744,-0.007355620067166613,-0.02442098718212371,-0.11983567774219933
numerical-methods-batch-4-v1,standardized-too-small,154,standardized,fixed,0.42143560055480145,0.4331967732846698,0.42182020218563365,0.20293087084559636,0.0040712296639740676,0.02,0,0.0008274605303581484,true,-0.7546594158108504,-0.4461202336764382,-0.008258023728313772,-0.02451468827193001,-0.12038830126173819
numerical-methods-batch-4-v1,standardized-too-small,155,standardized,fixed,0.4206098015430771,0.4324080587764047,0.42099785407592416,0.20230536618488304,0.0040586174169119716,0.02,0,0.000822348109709492,true,-0.7580539369019003,-0.448073415637653,-0.009165182819656531,-0.024607073462467245,-0.12093894587056267
numerical-methods-batch-4-v1,standardized-too-small,156,standardized,fixed,0.41978905390724514,0.4316240814329595,0.4201805613700271,0.20168490712819648,0.004046107323697648,0.02,0,0.000817292705897088,true,-0.761436205711716,-0.45002031639156087,-0.010077035876362364,-0.024698145234898487,-0.12148762570680861
numerical-methods-batch-4-v1,standardized-too-small,157,standardized,fixed,0.41897330156954876,0.43084478824641936,0.4193682679311353,0.20106943253954673,0.004033698142563896,0.02,0,0.0008122934388917757,true,-0.7648063064481816,-0.4519609927483241,-0.010993522265810875,-0.024787906169506026,-0.12203435478255982
numerical-methods-batch-4-v1,standardized-too-small,158,standardized,fixed,0.418162489314444,0.43007012704258163,0.4185609184856628,0.20045888221807726,0.004021388650790904,0.02,0,0.000807349445472505,true,-0.76816432247559,-0.453895500760421,-0.011914582174113997,-0.024876358942696068,-0.12257914698491111
numerical-methods-batch-4-v1,standardized-too-small,159,standardized,fixed,0.4173565627721887,0.4293000464646963,0.41775845860681343,0.1998531968811681,0.004009177644361522,0.02,0,0.0008024598788493598,true,-0.7715103363255448,-0.45582389573500853,-0.01284015659288613,-0.02496350632407386,-0.12312201607703002
numerical-methods-batch-4-v1,standardized-too-small,160,standardized,fixed,0.4165554684027969,0.4285344959575777,0.41696083469851547,0.19925231814787844,0.00399706393762338,0.02,0,0.0007976239082979619,true,-0.7748444297076958,-0.45774623224605543,-0.013770187306259236,-0.025049351173587673,-0.1236629756992168
numerical-methods-batch-4-v1,standardized-too-small,161,standardized,fixed,0.41575915348035275,0.42777342575207716,0.4161679939797159,0.1986561885227222,0.003985046362957581,0.02,0,0.0007928407187995923,true,-0.7781666835203107,-0.4596625641462514,-0.01470461687813802,-0.025133896438740113,-0.12420203936996221
numerical-methods-batch-4-v1,standardized-too-small,162,standardized,fixed,0.4149675660776712,0.42701678684990924,0.41537988446902213,0.1980647513797707,0.0039731237704544444,0.02,0,0.0007881095106937464,true,-0.7814771778606855,-0.4615729445786958,-0.01564338863969038,-0.02521714515186529,-0.12473922048700292
numerical-methods-batch-4-v1,standardized-too-small,163,standardized,fixed,0.41418065505129875,0.4262645310088191,0.4145964549696846,0.1974779509470736,0.003961295027595441,0.02,0,0.0007834294993375179,true,-0.7847759920353972,-0.46347742598837105,-0.016586446677068448,-0.025299100427470342,-0.1252745323283741
numerical-methods-batch-4-v1,standardized-too-small,164,standardized,fixed,0.4133983700268461,0.42551661072808505,0.4138176550549109,0.19689573229139373,0.003949559018941439,0.02,0,0.0007787999147736979,true,-0.7880632045704,-0.4653760601334042,-0.017533735819355616,-0.0253797654596399,-0.125807988053459
numerical-methods-batch-4-v1,standardized-too-small,165,standardized,fixed,0.41262066138464193,0.4247729792343478,0.413043435053502,0.19631804130324784,0.003937914645827902,0.02,0,0.0007742200014089207,true,-0.7913388932209694,-0.46726889809612177,-0.018485201626735046,-0.025459143519502122,-0.12633960070403502
numerical-methods-batch-4-v1,standardized-too-small,166,standardized,fixed,0.4118474802457039,0.4240335904677561,0.41227374603580585,0.19574482468224685,0.0039263608260649285,0.02,0,0.0007696890176961402,true,-0.7946031349814939,-0.469155990293901,-0.019440790378875215,-0.025537237952754838,-0.12686938320531635
numerical-methods-batch-4-v1,standardized-too-small,167,standardized,fixed,0.4110787784580145,0.4232983990684224,0.4115085397999766,0.19517602992273028,0.003914896493644945,0.02,0,0.0007652062358292633,true,-0.7978560060951209,-0.47103738648982213,-0.02040044906352819,-0.02561405217725055,-0.12739734836699243
numerical-methods-batch-4-v1,standardized-too-small,168,standardized,fixed,0.41031450858309715,0.42256736036318054,0.4107477688585338,0.1946116052996878,0.0039035205984546116,0.02,0,0.0007607709414427788,true,-0.8010975820632544,-0.47291313580312594,-0.021364125365336356,-0.025689589680638912,-0.12792350888426243
numerical-methods-batch-4-v1,standardized-too-small,169,standardized,fixed,0.4095546238828842,0.42184043035263696,0.4099913864252146,0.19405149985496248,0.003892232105993786,0.02,0,0.0007563824333192137,true,-0.804327937654912,-0.4747832867194793,-0.02233176765484347,-0.025763854018065437,-0.1284478773388653
numerical-methods-batch-4-v1,standardized-too-small,170,standardized,fixed,0.40879907830686985,0.4211175656985096,0.40923934640211057,0.19349566338372887,0.0038810299970992303,0.02,0,0.0007520400231040281,true,-0.8075471469159383,-0.47664788710105377,-0.023303324977705948,-0.025836848809925126,-0.12897046620010524
numerical-methods-batch-4-v1,standardized-too-small,171,standardized,fixed,0.4080478264795399,0.4203987237112457,0.4084916033670821,0.19294404642124163,0.003869913267674613,0.02,0,0.0007477430350284475,true,-0.8107552831780828,-0.4785069841964202,-0.02427874704410037,-0.025908577739669827,-0.12949128782587221
numerical-methods-batch-4-v1,standardized-too-small,172,standardized,fixed,0.40730082368807374,0.419683862337912,0.4077481125614455,0.1923966002298471,0.003858880928424871,0.02,0,0.0007434908056366263,true,-0.8139524190679384,-0.4803606246502632,-0.025257984218323332,-0.025979044551668096,-0.13001035446365755
numerical-methods-batch-4-v1,standardized-too-small,173,standardized,fixed,0.40655802587030904,0.41897294015035164,0.4070088298779226,0.19185327678625416,0.003847932004596929,0.02,0,0.0007392826835229127,true,-0.8171386265157484,-0.482208854512919,-0.026240987508579776,-0.026048253049116378,-0.13052767825156436
numerical-methods-batch-4-v1,standardized-too-small,174,standardized,fixed,0.40581938960296554,0.4182659163335993,0.4062737118488502,0.19131402876905743,0.003837065535725114,0.02,0,0.0007351180290723902,true,-0.8203139767640809,-0.48405171924974044,-0.02722770855695605,-0.02611620709200034,-0.13104327121931245
numerical-methods-batch-4-v1,standardized-too-small,175,standardized,fixed,0.4050848720901197,0.4175627506745494,0.4055427156346407,0.19077880954650786,0.0038262805753811807,0.02,0,0.0007309962142094673,true,-0.8234785403763729,-0.48588926375029196,-0.028218099629574046,-0.02618291059510526,-0.13155714528923787
numerical-methods-batch-4-v1,standardized-too-small,176,standardized,fixed,0.40435443115192443,0.4168634035508716,0.40481579901248826,0.1902475731645262,0.0038155761909301747,0.02,0,0.0007269166221524626,true,-0.8266323872453483,-0.4877215323373785,-0.029212113606922767,-0.02624836752607432,-0.13206931227728655
numerical-methods-batch-4-v1,standardized-too-small,177,standardized,fixed,0.4036280252135691,0.4161678359201651,0.40409292036531447,0.1897202743349529,0.003804951463290479,0.02,0,0.0007228786471737969,true,-0.8297755866013096,-0.4895485687759115,-0.030209703974363847,-0.026312581903513755,-0.13257978389400224
numerical-methods-batch-4-v1,standardized-too-small,178,standardized,fixed,0.4029056132944722,0.4154760093093491,0.40337403867094873,0.18919686842403052,0.0037944054866990797,0.02,0,0.0007188816943657361,true,-0.8329082070203073,-0.4913704162816148,-0.03121082481280751,-0.026375557795143757,-0.13308857174550848
numerical-methods-batch-4-v1,standardized-too-small,179,standardized,fixed,0.40218715499770297,0.4147878858042808,0.40265911349153644,0.18867731144111313,0.0037839373684805636,0.02,0,0.0007149251794122957,true,-0.8360303164321873,-0.4931871175295741,-0.03221543078955564,-0.026437299315994162,-0.13359568733448435
numerical-methods-batch-4-v1,standardized-too-small,180,standardized,fixed,0.40147261049962446,0.4141034280395974,0.4019481049631695,0.18816156002759787,0.0037735462288222867,0.02,0,0.0007110085283669187,true,-0.8391419821285196,-0.49499871466263295,-0.03322347714930861,-0.02649781062664383,-0.13410114206113408
numerical-methods-batch-4-v1,standardized-too-small,181,standardized,fixed,0.4007619405397547,0.4134225991887746,0.40124097378573537,0.18764957144607472,0.003763231200551974,0.02,0,0.0007071311774341504,true,-0.8422432707704101,-0.496805249299638,-0.03423491970533264,-0.026557095931502787,-0.13460494722415034
numerical-methods-batch-4-v1,standardized-too-small,182,standardized,fixed,0.4000551064108393,0.41274536295439956,0.400537681212977,0.18714130356968792,0.0037529914289214632,0.02,0,0.0007032925727583628,true,-0.8453342483961962,-0.4986067625435368,-0.035249714830784505,-0.026615159477136118,-0.13510711402167105
numerical-methods-batch-4-v1,standardized-too-small,183,standardized,fixed,0.39935206994913097,0.4120716835586484,0.39983818904276114,0.18663671487170713,0.0037428260713937823,0.02,0,0.0006994921702158652,true,-0.848414980429031,-0.5004032949893311,-0.03626781945019045,-0.026672005550628694,-0.1356076535522297
numerical-methods-batch-4-v1,standardized-too-small,184,standardized,fixed,0.398652793524871,0.4114015257339682,0.3991424596075479,0.186135764415302,0.003732734297434154,0.02,0,0.0006957294352132326,true,-0.8514855316843537,-0.5021948867318881,-0.037289191031076335,-0.026727638477989778,-0.13610657681569902
numerical-methods-batch-4-v1,standardized-too-small,185,standardized,fixed,0.3979572400329685,0.41073485471395504,0.39845045576505866,0.1856384118435163,0.003722715288306023,0.02,0,0.0006920038424892416,true,-0.8545459663772526,-0.5039815773736126,-0.03831378757574595,-0.026782062622596615,-0.13660389471422807
numerical-methods-batch-4-v1,standardized-too-small,186,standardized,fixed,0.39726537288387104,0.41007163622442483,0.39776214088913575,0.18514461736943733,0.0037127682368703623,0.02,0,0.000688314875922913,true,-0.8575963481297189,-0.5057634060319836,-0.03934156761320462,-0.02683528238367613,-0.13709961805317242
numerical-methods-batch-4-v1,standardized-too-small,187,standardized,fixed,0.3965771559946241,0.4094118364746726,0.3970774788607908,0.18465434176655687,0.0037028923473887672,0.02,0,0.0006846620283449401,true,-0.8606367399777952,-0.507540411346956,-0.040372490191225206,-0.026887302194823832,-0.13759375754201758
numerical-methods-batch-4-v1,standardized-too-small,188,standardized,fixed,0.395892553780114,0.4087554221489145,0.39639643405943736,0.18416754635931928,0.003693086835331099,0.02,0,0.0006810448013534476,true,-0.8636672043786199,-0.509312631488233,-0.04140651486855377,-0.026938126522559124,-0.13808632379529556
numerical-methods-batch-4-v1,standardized-too-small,189,standardized,fixed,0.39521153114448937,0.408102360397909,0.3957189713543018,0.18368419301385225,0.0036833509271864315,0.02,0,0.0006774627051355786,true,-0.8666878032173686,-0.5110801041624083,-0.04244360170725205,-0.026987759864916135,-0.13857732733349445
numerical-methods-batch-4-v1,standardized-too-small,190,standardized,fixed,0.3945340534727585,0.40745261883075296,0.3950450560960103,0.18320424412887762,0.0036736838602770432,0.02,0,0.0006739152582914687,true,-0.8696985978140952,-0.5128428666199836,-0.04348371126517419,-0.027036206750069316,-0.13906677858396102
numerical-methods-batch-4-v1,standardized-too-small,191,standardized,fixed,0.39386008662255695,0.4068061655068484,0.39437465410834693,0.18272766262679688,0.0036640848825775004,0.02,0,0.0006704019876633827,true,-0.8726996489304737,-0.5146009556622619,-0.04452680458857493,-0.027083471734992964,-0.13955468788179626
numerical-methods-batch-4-v1,standardized-too-small,192,standardized,fixed,0.3931895969160823,0.4061629689280358,0.3937077316801782,0.18225441194494899,0.0036545532525359445,0.02,0,0.0006669224281687369,true,-0.8756910167764426,-0.516354407648121,-0.0455728432048469,-0.02712955940415392,-0.14004106547074396
numerical-methods-batch-4-v1,standardized-too-small,193,standardized,fixed,0.3925225511321924,0.40552299803088976,0.3930442555575421,0.1817844560270361,0.0036450882388990107,0.02,0,0.0006634761226361197,true,-0.8786727610167531,-0.5181032585006664,-0.04662178911538426,-0.027174474368236685,-0.1405259215040721
numerical-methods-batch-4-v1,standardized-too-small,194,standardized,fixed,0.39185891649866195,0.4048862221791736,0.3923841929358949,0.18131775931471364,0.003635689120540695,0.02,0,0.000660062621647195,true,-0.8816449407774235,-0.5198475437137693,-0.04767360478857042,-0.027218221262900195,-0.14100926604544697
numerical-methods-batch-4-v1,standardized-too-small,195,standardized,fixed,0.39119866068459586,0.4042526111564486,0.39172751145251594,0.18085428673934184,0.0036263551862942465,0.02,0,0.0006566814833789403,true,-0.8846076146521007,-0.5215872983584902,-0.048728253152887244,-0.02726080474756555,-0.14149110906980053
numerical-methods-batch-4-v1,standardized-too-small,196,standardized,fixed,0.3905417517929933,0.4036221351588358,0.39107417917906223,0.18039400371389458,0.0036170857347868264,0.02,0,0.0006533322734537106,true,-0.8875608407083302,-0.52332255708939,-0.04978569759014355,-0.027302229504233985,-0.1419714604641901
numerical-methods-batch-4-v1,standardized-too-small,197,standardized,fixed,0.38988815835346163,0.402994764787924,0.39042416461427376,0.17993687612502243,0.003607880074277874,0.02,0,0.0006500145647884703,true,-0.8905046764937365,-0.5250533541507325,-0.050845901928820436,-0.027342500236334364,-0.1424503300286513
numerical-methods-batch-4-v1,standardized-too-small,198,standardized,fixed,0.3892378493150742,0.40237047104382373,0.38977743667682274,0.1794828703252676,0.0035987375225004,0.02,0,0.0006467279374510193,true,-0.8934391790421158,-0.5267797233825778,-0.05190883043753127,-0.027381621667599568,-0.1429277274770435
numerical-methods-batch-4-v1,standardized-too-small,199,standardized,fixed,0.38859079403937125,0.40174922531836044,0.3891339646983059,0.17903195312542544,0.003589657406505312,0.02,0,0.0006434719785168297,true,-0.8963644048794408,-0.5285016982267716,-0.05297444781859405,-0.027419598540971073,-0.14340366243788816
numerical-methods-batch-4-v1,standardized-too-small,200,standardized,fixed,0.38794696229349773,0.40113099938840796,0.38849371841637437,0.17858409178705165,0.003580639062508549,0.02,0,0.0006402462819315446,true,-0.8992804100297813,-0.5302193117328302,-0.05404271920171399,-0.027456435617531097,-0.1438781444552
numerical-methods-batch-4-v1,standardized-too-small,201,standardized,fixed,0.38730632424347816,0.400515765409354,0.3878566679680002,0.17813925401511108,0.003571681835741007,0.02,0,0.0006370504483741435,true,-0.9021872500211398,-0.5319325965637242,-0.05511361013777423,-0.02749213767546166,-0.1443511829893109
numerical-methods-batch-4-v1,standardized-too-small,202,standardized,fixed,0.38666885044762317,0.3999034959086982,0.38722278388287507,0.1776974079507649,0.0035627850803022195,0.02,0,0.0006338840851251581,true,-0.9050849798912051,-0.5336415850015627,-0.05618708659273252,-0.02752670950902996,-0.1448227874176866
numerical-methods-batch-4-v1,standardized-too-small,203,standardized,fixed,0.3860345118500647,0.3992941637797795,0.38659203707693773,0.17725852216429389,0.0035539481590152887,0.02,0,0.0006307468059373322,true,-0.9079736541930246,-0.53534630895318,-0.05726311494162191,-0.02756015592759947,-0.14529296703573608
numerical-methods-batch-4-v1,standardized-too-small,204,standardized,fixed,0.3854032797744189,0.3986877422756268,0.3859643988460292,0.17682256564815432,0.0035451704432858506,0.02,0,0.000627638230908556,true,-0.9108533270005962,-0.5370467999556265,-0.05834166196265337,-0.027592481754666106,-0.14576173105761409
numerical-methods-batch-4-v1,standardized-too-small,205,standardized,fixed,0.38477512591757185,0.3980842050029347,0.3853398408596713,0.17638950781016463,0.003536451312963075,0.02,0,0.0006245579863578543,true,-0.9137240519143821,-0.5387430891815654,-0.05942269483141844,-0.027623691826918984,-0.14622908861701608
numerical-methods-batch-4-v1,standardized-too-small,206,standardized,fixed,0.3841500223435863,0.39748352591615677,0.3847183351549659,0.17595931846681895,0.003527790156203252,0.02,0,0.0006215057047054273,true,-0.9165858820667447,-0.5404352074445777,-0.060506181115189996,-0.027653790993325104,-0.14669504876796619
numerical-methods-batch-4-v1,standardized-too-small,207,standardized,fixed,0.3835279414777263,0.39688567931171803,0.3840998541306124,0.17553196783672584,0.003519186369336347,0.02,0,0.0006184810243535233,true,-0.9194388701273069,-0.5421231852043769,-0.06159208876731919,-0.027682784114237486,-0.14715962048559797
numerical-methods-batch-4-v1,standardized-too-small,208,standardized,fixed,0.3829088561005978,0.3962906398223398,0.3834843705410414,0.1751074265341687,0.0035106393567344517,0.02,0,0.0006154835895709754,true,-0.9222830683082367,-0.5438070525719342,-0.06268038612172681,-0.02771067606052617,-0.14762281266692814
numerical-methods-batch-4-v1,standardized-too-small,209,standardized,fixed,0.3822927393424018,0.395698382411478,0.38287185749066094,0.1746856655627866,0.003502148530683344,0.02,0,0.0006125130503804588,true,-0.9251185283694594,-0.5454868393145185,-0.06377104188748722,-0.02773747171273159,-0.14808463413162307
numerical-methods-batch-4-v1,standardized-too-small,210,standardized,fixed,0.38167956467729786,0.3951088823678695,0.38226228842821336,0.17426665630937144,0.0034937133112557437,0.02,0,0.0006095690624475791,true,-0.927945301623796,-0.5471625748606491,-0.06486402514350306,-0.027763175960239746,-0.1485450936227581
numerical-methods-batch-4-v1,standardized-too-small,211,standardized,fixed,0.381069305917876,0.39452211530018655,0.3816556371412406,0.17385037053778046,0.0034853331261874526,0.02,0,0.000606651286972737,true,-0.9307634389420307,-0.5488342883049664,-0.06595930533326912,-0.027787793700478784,-0.14900419980757007
numerical-methods-batch-4-v1,standardized-too-small,212,standardized,fixed,0.38046193720973365,0.39393805713179464,0.3810518777506545,0.17343678038296056,0.0034770074107556203,0.02,0,0.0006037593905861005,true,-0.9335729907579088,-0.5505020084130196,-0.06705685225972355,-0.02781132983813634,-0.14946196127820252
numerical-methods-batch-4-v1,standardized-too-small,213,standardized,fixed,0.3798574330261565,0.39335668409561225,0.3804509847054117,0.17302585834508336,0.003468735607659182,0.02,0,0.0006008930452428007,true,-0.9363740070730645,-0.5521657636259739,-0.0681566360801849,-0.02783378928439732,-0.149918386552444
numerical-methods-batch-4-v1,standardized-too-small,214,standardized,fixed,0.3792557681628996,0.39277797272907183,0.37985293277728804,0.17261757728378696,0.0034605171669016654,0.02,0,0.0005980519281236774,true,-0.9391665374618818,-0.5538255820652398,-0.0692586273013732,-0.02785517695620152,-0.15037348407445944
numerical-methods-batch-4-v1,standardized-too-small,215,standardized,fixed,0.37865691773306814,0.39220189986917653,0.37925769705575385,0.17221191041252426,0.0034523515456756815,0.02,0,0.000595235721534193,true,-0.9419506310762877,-0.555481491537023,-0.07036279677451357,-0.02787549777552072,-0.1508272622155145
numerical-methods-batch-4-v1,standardized-too-small,216,standardized,fixed,0.3780608571620937,0.3916284426476545,0.37866525294294356,0.1718088312930141,0.0034442382082504907,0.02,0,0.0005924441128102864,true,-0.9447263366504801,-0.5571335195368001,-0.07146911569052099,-0.02789475666865474,-0.15127972927469302
numerical-methods-batch-4-v1,standardized-too-small,217,standardized,fixed,0.3774675621828069,0.39105757848620354,0.3780755761487231,0.1714083138297935,0.0034361766258602772,0.02,0,0.0005896767942204506,true,-0.9474937025055904,-0.558781693253719,-0.07257755557526424,-0.027912958565546056,-0.15173089347960753
numerical-methods-batch-4-v1,standardized-too-small,218,standardized,fixed,0.3768770088306,0.3904892850918299,0.37748864268584653,0.17101033226486934,0.0034281662765958663,0.02,0,0.0005869334628765821,true,-0.9502527765542832,-0.5604260395749252,-0.07368808828490812,-0.02793010839911254,-0.152180762987103
numerical-methods-batch-4-v1,standardized-too-small,219,standardized,fixed,0.37628917343868246,0.3899235404522748,0.37690442886520586,0.1706148611724671,0.0034202066452973354,0.02,0,0.0005842138206406666,true,-0.9530036063052926,-0.5620665850898181,-0.07480068600133195,-0.027946211104597884,-0.15262934588395383
numerical-methods-batch-4-v1,standardized-too-small,220,standardized,fixed,0.3757040326334235,0.3893603228315282,0.37632291129116835,0.17022187545387454,0.0034122972234493813,0.02,0,0.0005815175740375156,true,-0.9557462388678971,-0.5637033560942353,-0.07591532122762329,-0.02796127161893934,-0.1530766501875538
numerical-methods-batch-4-v1,standardized-too-small,221,standardized,fixed,0.3751215633297818,0.38879961076542835,0.37574406685700057,0.16983135033237867,0.0034044375090774666,0.02,0,0.0005788444341677801,true,-0.9584807209563335,-0.5653363785945682,-0.07703196678364523,-0.02797529488015232,-0.15352268384659967
numerical-methods-batch-4-v1,standardized-too-small,222,standardized,fixed,0.37454174272682017,0.3882413830573449,0.37516787274037805,0.16944326134829416,0.003396627006647527,0.02,0,0.0005761941166225193,true,-0.9612070988941515,-0.5669656783118101,-0.0781505958016761,-0.027988285826731532,-0.1539674547417678
numerical-methods-batch-4-v1,standardized-too-small,223,standardized,fixed,0.3739645483033025,0.3876856187739426,0.37459430639897673,0.16905758435408064,0.003388865226965881,0.02,0,0.0005735663414013215,true,-0.9639254186185087,-0.5685912806855373,-0.07927118172212011,-0.028000249397068206,-0.15441097068638415
numerical-methods-batch-4-v1,standardized-too-small,224,standardized,fixed,0.3733899578133729,0.38713229724102644,0.3740233455661472,0.16867429550954843,0.0033811516870815715,0.02,0,0.0005709608328295368,true,-0.9666357256844086,-0.5702132108778246,-0.08039369828928754,-0.02801119052888308,-0.15485323942708792
numerical-methods-batch-4-v1,standardized-too-small,225,standardized,fixed,0.37281794928231343,0.38658139803946406,0.3734549682466673,0.16829337127714936,0.0033734859101909854,0.02,0,0.0005683773194798958,true,-0.969338065268881,-0.5718314937770973,-0.08151811954724346,-0.028021114158674764,-0.15529426864448825
numerical-methods-batch-4-v1,standardized-too-small,226,standardized,fixed,0.37224850100237983,0.3860329010011841,0.37288915271257334,0.16791478841735186,0.003365867425542945,0.02,0,0.0005658155340939608,true,-0.9720324821751061,-0.5734461540019198,-0.08264441983572339,-0.02803002522118312,-0.15573406595381473
numerical-methods-batch-4-v1,standardized-too-small,227,standardized,fixed,0.371681591528714,0.385486786205251,0.3723258774990671,0.16753852398409888,0.0033582957683470508,0.02,0,0.0005632752135062424,true,-0.9747190208364842,-0.5750572159047223,-0.0837725737861149,-0.028037928648867328,-0.15617263890556124
numerical-methods-batch-4-v1,standardized-too-small,228,standardized,fixed,0.3711171996753301,0.384943033974011,0.37176512140049783,0.16716455532034571,0.0033507704796819616,0.02,0,0.0005607560985692595,true,-0.9773977253206502,-0.5766647035754672,-0.08490255631750383,-0.02804482937139828,-0.15660999498612344
numerical-methods-batch-4-v1,standardized-too-small,229,standardized,fixed,0.3705553045111743,0.38440162486931106,0.37120686346641707,0.166792860053678,0.003343291106406943,0.02,0,0.0005582579340807636,true,-0.980068639333435,-0.5782686408452556,-0.08603434263278399,-0.028050732315164983,-0.15704614161842986
numerical-methods-batch-4-v1,standardized-too-small,230,standardized,fixed,0.36999588535625527,0.38386253968878803,0.3706510829977047,0.16642341609200598,0.0033358572010735773,0.02,0,0.0005557804687123524,true,-0.9827318062227742,-0.5798690512898759,-0.08716790821482912,-0.028055642402794623,-0.15748108616256673
numerical-methods-batch-4-v1,standardized-too-small,231,standardized,fixed,0.36943892177784576,0.38332575946222486,0.370097759542766,0.16605620161933599,0.0033284683218401407,0.02,0,0.0005533234549386923,true,-0.9853872689825648,-0.5814659582332938,-0.08830322882272598,-0.028059564552686003,-0.15791483591639632
numerical-methods-batch-4-v1,standardized-too-small,232,standardized,fixed,0.36888439358675107,0.382791265447976,0.36954687289379584,0.1656911950916154,0.0033211240323867287,0.02,0,0.0005508866489701836,true,-0.9880350702564707,-0.5830593847510879,-0.0894402804880676,-0.02806250367855603,-0.15834739811616927
numerical-methods-batch-4-v1,standardized-too-small,233,standardized,fixed,0.36833228083364616,0.3822590391294569,0.36899840308311144,0.1653283752326511,0.0033138239018323475,0.02,0,0.0005484698106844044,true,-0.9906752523416787,-0.5846493536738279,-0.09057903951130529,-0.02806446468899893,-0.1587787799371306
numerical-methods-batch-4-v1,standardized-too-small,234,standardized,fixed,0.36778256380547736,0.3817290622116987,0.36845233037954994,0.16496772103009916,0.0033065675046530427,0.02,0,0.0005460727035614954,true,-0.9933078571926037,-0.5862358875904002,-0.09171948245815868,-0.028065452487057926,-0.15920898849411963
numerical-methods-batch-4-v1,standardized-too-small,235,standardized,fixed,0.3672352230219287,0.38120131661796564,0.36790863528493056,0.1646092117315247,0.003299354420601957,0.02,0,0.0005436950946193786,true,-0.9959329264245463,-0.5878190088512795,-0.09286158615608249,-0.028065471969809064,-0.1596380308421638
numerical-methods-batch-4-v1,standardized-too-small,236,standardized,fixed,0.3666902392319512,0.3806757844864334,0.36736729853058,0.1642528268405307,0.0032921842346305087,0.02,0,0.0005413367543505854,true,-0.9985505013173022,-0.5893987395717476,-0.09400532769078908,-0.028064528027956927,-0.16006591397706635
numerical-methods-batch-4-v1,standardized-too-small,237,standardized,fixed,0.36614759341035436,0.38015244816692967,0.36682830107391945,0.16389854611295357,0.0032850565368106495,0.02,0,0.0005389974566605282,true,-1.0011606228187235,-0.590975101635062,-0.09515068440282584,-0.02806262554544193,-0.16049264483598819
numerical-methods-batch-4-v1,standardized-too-small,238,standardized,fixed,0.3656072667544567,0.3796312902177315,0.36629162409511207,0.16354634955312525,0.003277970922259062,0.02,0,0.0005366769788073822,true,-1.003763331548235,-0.5925481166955726,-0.09629763388420635,-0.02805976939905895,-0.16091823029802363
numerical-methods-batch-4-v1,standardized-too-small,239,standardized,fixed,0.3650692406807971,0.37911229340242186,0.36575724899376977,0.1631962174101996,0.0032709269910625813,0.02,0,0.0005343751013422993,true,-1.0063586678003034,-0.5941178061817907,-0.09744615397509435,-0.02805596445808703,-0.16134267718477044
numerical-methods-batch-4-v1,standardized-too-small,240,standardized,fixed,0.3645334968219031,0.3785954406868027,0.3652251573857181,0.16284813017454286,0.0032639243482039896,0.02,0,0.0005320916080516769,true,-1.0089466715478612,-0.5956841912994073,-0.09859622276053955,-0.028051215583929857,-0.16176599226089375
numerical-methods-batch-4-v1,standardized-too-small,241,standardized,fixed,0.36400001702311624,0.3780807152358633,0.36469533109981783,0.1625020685741852,0.003256962603490825,0.02,0,0.0005298262859002589,true,-1.0115273824456883,-0.5972472930342653,-0.09974781856726443,-0.028045527629766826,-0.16218818223468448
numerical-methods-batch-4-v1,standardized-too-small,242,standardized,fixed,0.3634687833394729,0.3775681004108025,0.36416775217484226,0.16215801357133452,0.0032500413714836745,0.02,0,0.0005275789249755691,true,-1.014100839833747,-0.5988071321552839,-0.10090091996050111,-0.02803890544021439,-0.16260925375861185
numerical-methods-batch-4-v1,standardized-too-small,243,standardized,fixed,0.3629397780326402,0.37705757976610504,0.3636424028564095,0.16181594635894894,0.0032431602714266786,0.02,0,0.0005253493184327884,true,-1.016667082740476,-0.6003637292173374,-0.10205550574087724,-0.028031353850997465,-0.1630292134298702
numerical-methods-batch-4-v1,standardized-too-small,244,standardized,fixed,0.36241298356790436,0.3765491370466692,0.36311926559396723,0.16147584835736847,0.0032363189271790247,0.02,0,0.0005231372624422415,true,-1.019226149886041,-0.6019171045640882,-0.10321155494135023,-0.028022877688630696,-0.16344806779092022
numerical-methods-batch-4-v1,standardized-too-small,245,standardized,fixed,0.3618883826112123,0.3760427561849858,0.3625983230378312,0.16113770121100401,0.0032295169671474394,0.02,0,0.0005209425561360503,true,-1.021778079685544,-0.6034672783307762,-0.10436904682418889,-0.028013481770109278,-0.16386582333002456
numerical-methods-batch-4-v1,standardized-too-small,246,standardized,fixed,0.36136595802626414,0.3755384212983673,0.36207955803627395,0.16080148678508274,0.0032227540242200973,0.02,0,0.0005187650015572309,true,-1.0243229102521905,-0.6050142704469638,-0.10552796087800159,-0.028003170902609186,-0.16428248648177787
numerical-methods-batch-4-v1,standardized-too-small,247,standardized,fixed,0.36084569287165563,0.3750361166862252,0.3615629536326645,0.1604671871624487,0.003216029735701682,0.02,0,0.0005166044036094553,true,-1.0268606794004178,-0.6065581006392383,-0.10668827681481016,-0.02799194988319654,-0.16469806362763145
numerical-methods-batch-4-v1,standardized-too-small,248,standardized,fixed,0.3603275703980707,0.3745358268273964,0.36104849306265707,0.16013478464041742,0.0032093437432489497,0.02,0,0.0005144605700074245,true,-1.029391424648982,-0.6080987884338729,-0.10784997456716874,-0.0279798234985459,-0.1651125610964123
numerical-methods-batch-4-v1,standardized-too-small,249,standardized,fixed,0.359811574045521,0.3740375363775156,0.3605361597514279,0.159804261727684,0.0032026956928083087,0.02,0,0.000512333311229185,true,-1.0319151832240059,-0.6096363531594448,-0.10901303428532676,-0.02796679652466731,-0.16552598516483696
numerical-methods-batch-4-v1,standardized-too-small,250,standardized,fixed,0.3592976874406342,0.37354123016643404,0.36002593731096005,0.15947560114128295,0.0031960852345537263,0.02,0,0.0005102224404678335,true,-1.034431992061989,-0.6111708139494142,-0.11017743633443522,-0.027952873726641854,-0.16593834205801983
numerical-methods-batch-4-v1,standardized-too-small,251,standardized,fixed,0.3587858943939874,0.37304689319568435,0.3595178095373743,0.15914878580359962,0.0031895120228257,0.02,0,0.0005081277735857759,true,-1.0369418878127783,-0.6127021897446628,-0.11134316129179568,-0.027938059858365512,-0.1663496379499763
numerical-methods-batch-4-v1,standardized-too-small,252,standardized,fixed,0.358276178897487,0.37255451063598694,0.3590117604083053,0.1588237988394312,0.0031829757160719498,0.02,0,0.0005060491290689861,true,-1.0394449068425013,-0.614230499295993,-0.11251018994415098,-0.027922359662301187,-0.16675987896412064
numerical-methods-batch-4-v1,standardized-too-small,253,standardized,fixed,0.3577685251217922,0.37206406782480306,0.3585077740803228,0.1585006235730972,0.0031764759767887053,0.02,0,0.0005039863279824863,true,-1.0419410852364643,-0.6157557611665886,-0.11367850328501712,-0.02790577786923862,-0.16716907117375876
numerical-methods-batch-4-v1,standardized-too-small,254,standardized,fixed,0.35726291741378274,0.3715755502639278,0.35800583488639603,0.15817924352559815,0.003170012471461937,0.02,0,0.0005019391939267703,true,-1.0444304588020106,-0.6172779937344379,-0.11484808251205558,-0.02788831919806209,-0.1675772206025756
numerical-methods-batch-4-v1,standardized-too-small,255,standardized,fixed,0.3567593402940697,0.37108894361712513,0.35750592733340186,0.15785964241182163,0.0031635848705120306,0.02,0,0.0004999075529941721,true,-1.046913063071346,-0.6187972151947199,-0.11601890902448526,-0.02786998835552563,-0.16798433322511766
numerical-methods-batch-4-v1,standardized-too-small,256,standardized,fixed,0.3562577784545475,0.3706042337078051,0.35700803609967396,0.1575418041377947,0.003157192848236501,0.02,0,0.0004978912337278985,true,-1.0493889333043267,-0.6203134435621529,-0.11719096442053344,-0.02785079003603569,-0.16839041496727042
numerical-methods-batch-4-v1,standardized-too-small,257,standardized,fixed,0.3557582167559878,0.3701214065167388,0.356512146032594,0.15722571279798164,0.0031508360827558484,0.02,0,0.0004958900670799515,true,-1.0518581044912139,-0.6218266966733088,-0.1183642304949251,-0.027830728921440943,-0.1687954717067307
numerical-methods-batch-4-v1,standardized-too-small,258,standardized,fixed,0.35526064022567316,0.36964044817981423,0.3560182421462225,0.15691135267262668,0.0031445142559596686,0.02,0,0.000493903886371494,true,-1.054320611355393,-0.6233369921888907,-0.11953868923640992,-0.027809809680829186,-0.1691995092734742
numerical-methods-batch-4-v1,standardized-too-small,259,standardized,fixed,0.35476503405507104,0.3691613449858296,0.35552630961897036,0.15659870822514046,0.0031382270534525297,0.02,0,0.0004919325272521591,true,-1.0567764883560586,-0.6248443475959768,-0.12071432282532617,-0.027788036970331078,-0.16960253345021808
numerical-methods-batch-4-v1,standardized-too-small,260,standardized,fixed,0.35427138359754573,0.3686840833743247,0.35503633379130795,0.15628776409952944,0.003131974164502808,0.02,0,0.0004899758276624144,true,-1.0592257696908682,-0.6263487802102299,-0.12189111363120111,-0.027765415432930592,-0.17000454997287853
numerical-methods-batch-4-v1,standardized-too-small,261,standardized,fixed,0.353779674366109,0.3682086499334486,0.3545483001635135,0.15597850511786737,0.003125755281990629,0.02,0,0.0004880336277944264,true,-1.0616684892985602,-0.6278503071780733,-0.12306904421038709,-0.02774194969828203,-0.17040556453102393
numerical-methods-batch-4-v1,standardized-too-small,262,standardized,fixed,0.3532898920312079,0.3677350313978642,0.35406219439345815,0.15567091627780852,0.0031195701023573673,0.02,0,0.00048610577005536726,true,-1.0641046808615413,-0.6293489454788345,-0.12424809730373272,-0.027717644382533425,-0.1708055827683228
numerical-methods-batch-4-v1,standardized-too-small,263,standardized,fixed,0.3528020224185491,0.3672632146466876,0.3535780022944279,0.1553649827501412,0.0031134183255561916,0.02,0,0.0004841920990302784,true,-1.066534377808442,-0.6308447119268557,-0.12542825583428868,-0.027692504088156163,-0.1712046102829875
numerical-methods-batch-4-v1,standardized-too-small,264,standardized,fixed,0.3523160515069588,0.3667931867014625,0.3530957098329813,0.15506068987638139,0.003107299655002812,0.02,0,0.00048229246144659843,true,-1.0689576133166394,-0.6323376231735733,-0.12660950290504738,-0.02766653340378073,-0.1716026526282129
numerical-methods-batch-4-v1,standardized-too-small,265,standardized,fixed,0.3518319654262792,0.3663249347241686,0.35261530312684297,0.15475802316640516,0.003101213797527562,0.02,0,0.0004804067061383033,true,-1.0713744203147506,-0.6338276957095661,-0.12779182179671605,-0.02763973690403839,-0.17199971531261057
numerical-methods-batch-4-v1,standardized-too-small,266,standardized,fixed,0.35134975045529754,0.36585844601526357,0.35213676844283115,0.15445696829612,0.003095160463328039,0.02,0,0.0004785346840118221,true,-1.0737848314850942,-0.6353149458665721,-0.12897519596552254,-0.027612119149408663,-0.1723958038006386
numerical-methods-batch-4-v1,standardized-too-small,267,standardized,fixed,0.35086939301971054,0.36539370801175747,0.3516600921948191,0.1541575111051732,0.0030891393659223795,0.02,0,0.00047667624801206454,true,-1.0761888792661223,-0.6367993898194764,-0.1301596090410534,-0.027583684686072467,-0.17279092351302652
numerical-methods-batch-4-v1,standardized-too-small,268,standardized,fixed,0.3503908796901218,0.3649307082853192,0.35118526094173064,0.15385963759469792,0.0030831502221034474,0.02,0,0.000474831253088448,true,-1.0785865958548226,-0.6382810435882683,-0.1313450448241237,-0.027554438045770804,-0.17318507982719616
numerical-methods-batch-4-v1,standardized-too-small,269,standardized,fixed,0.34991419718007133,0.3644694345404154,0.3507122613855674,0.1535633339250948,0.0030771927518939437,0.02,0,0.00047299955616325606,true,-1.0809780132090918,-0.6397599230399703,-0.13253148728467795,-0.02752438374566883,-0.17357827807767778
numerical-methods-batch-4-v1,standardized-too-small,270,standardized,fixed,0.3494393323440977,0.36400987461247847,0.35024108036946855,0.15326858641385002,0.0030712666785018355,0.02,0,0.0004711810160988317,true,-1.083363163050079,-0.6412360438905377,-0.1337189205597216,-0.027493526288225194,-0.17397052355652196
numerical-methods-batch-4-v1,standardized-too-small,271,standardized,fixed,0.3489662721758311,0.3635520164661068,0.34977170487580217,0.15297538153338758,0.00306537172827697,0.02,0,0.00046937549366637965,true,-1.0857420768645025,-0.6427094217067302,-0.13490732895128268,-0.027461870161066514,-0.17436182151370713
numerical-methods-batch-4-v1,standardized-too-small,272,standardized,fixed,0.34849500380611753,0.36309584819329355,0.349304122024287,0.15268370590895633,0.0030595076306677307,0.02,0,0.0004675828515151581,true,-1.0881147859069362,-0.6441800719079567,-0.1360966969244032,-0.02742941983686688,-0.17475217715754288
numerical-methods-batch-4-v1,standardized-too-small,273,standardized,fixed,0.34802551450117314,0.3626413580116849,0.3488383190701448,0.15239354631655083,0.0030536741181791376,0.02,0,0.00046580295414222483,true,-1.0904813212020708,-0.6456480097680916,-0.13728700910515934,-0.027396179773232252,-0.1751415956550689
numerical-methods-batch-4-v1,standardized-too-small,274,standardized,fixed,0.3475577916607683,0.3621885342628665,0.3483742834022824,0.15210488968086475,0.003047870926331056,0.02,0,0.0004640356678624058,true,-1.092841713546946,-0.6471132504172651,-0.13847825027871055,-0.027362154412589608,-0.1755300821324498
numerical-methods-batch-4-v1,standardized-too-small,275,standardized,fixed,0.34709182281644085,0.36173736541067936,0.34791200254150295,0.15181772307327754,0.003042097793617319,0.02,0,0.0004622808607794293,true,-1.0951959935131566,-0.6485758088436278,-0.13967040538737666,-0.027327348182080786,-0.17591764167536583
numerical-methods-batch-4-v1,standardized-too-small,276,standardized,fixed,0.34662759562973744,0.361287840039561,0.34745146413874534,0.15153203370987217,0.003036354461465516,0.02,0,0.00046053840275761537,true,-1.0975441914490325,-0.6500356998950878,-0.14086345952874263,-0.027291765493460858,-0.17630427932939932
numerical-methods-batch-4-v1,standardized-too-small,277,standardized,fixed,0.34616509789048383,0.3608399468529157,0.3469926559733525,0.1512478089494848,0.0030306406741973935,0.02,0,0.0004588081653928433,true,-1.099886337481792,-0.6514929382810243,-0.14205739795379063,-0.027255410743000946,-0.17669000010041727
numerical-methods-batch-4-v1,standardized-too-small,278,standardized,fixed,0.34570431751508185,0.3603936746715099,0.34653556595136653,0.15096503629178498,0.0030249561789896288,0.02,0,0.00045709002198596194,true,-1.1022224615196694,-0.6529475385739748,-0.14325220606505878,-0.027218288311395365,-0.17707480895494976
numerical-methods-batch-4-v1,standardized-too-small,279,standardized,fixed,0.345245242544834,0.3599490124318945,0.3460801821038515,0.15068370337538597,0.003019300725835745,0.02,0,0.000455383847515034,true,-1.104552593254018,-0.6543995152112987,-0.14444786941482624,-0.027180402563672983,-0.1774587108205644
numerical-methods-batch-4-v1,standardized-too-small,280,standardized,fixed,0.3447878611442943,0.359505949184852,0.3456264925852422,0.15040379797598502,0.0030136740675077637,0.02,0,0.0004536895186093015,true,-1.1068767621613864,-0.6558488824968159,-0.14564437370332411,-0.027141757849112717,-0.177841710586237
numerical-methods-batch-4-v1,standardized-too-small,281,standardized,fixed,0.3443321615996448,0.35906447409386866,0.34517448567171916,0.15012530800453214,0.0030080759595197447,0.02,0,0.0004520069135230398,true,-1.109194997505573,-0.6572956546024227,-0.14684170477697203,-0.027102358501163038,-0.17822381310271795
numerical-methods-batch-4-v1,standardized-too-small,282,standardized,fixed,0.343878132317099,0.3586245764336318,0.34472414975961024,0.1498482215054283,0.003002506160090678,0.02,0,0.00045033591210891233,true,-1.1115073283396533,-0.6587398455696831,-0.1480398486266394,-0.027062208837365397,-0.1786050231828953
numerical-methods-batch-4-v1,standardized-too-small,283,standardized,fixed,0.3434257618213285,0.3581862455885513,0.34427547336381537,0.1495725266547512,0.002996964430108545,0.02,0,0.00044867639579487806,true,-1.1138137835079847,-0.6601814693113985,-0.14923879138593166,-0.027021313159281482,-0.17898534560215357
numerical-methods-batch-4-v1,standardized-too-small,284,standardized,fixed,0.3429750387539159,0.3577494710513028,0.3438284451162579,0.14929821175850844,0.0029914505330951007,0.02,0,0.0004470282475574905,true,-1.1161143916481882,-0.6616205396131536,-0.15043851932950045,-0.0269796757524242,-0.17936478509872897
numerical-methods-batch-4-v1,standardized-too-small,285,standardized,fixed,0.3425259518718308,0.3573142424213972,0.3433830537643589,0.14902526525091833,0.002985964235170227,0.02,0,0.0004453913518989716,true,-1.1184091811931052,-0.6630570701348406,-0.15163901887137782,-0.026937300886192297,-0.1797433463740609
numerical-methods-batch-4-v1,standardized-too-small,286,standardized,fixed,0.34207849004593055,0.3568805494037707,0.34293928816953617,0.148753675692717,0.0029805053050184186,0.02,0,0.0004437655948227315,true,-1.1206981803727327,-0.6644910744121622,-0.15284027656333374,-0.02689419281380854,-0.1801210340931397
numerical-methods-batch-4-v1,standardized-too-small,287,standardized,fixed,0.3416326422594832,0.3564483818073979,0.3424971373057258,0.1484834317694916,0.002975073513854371,0.02,0,0.0004421508638103866,true,-1.1229814172161354,-0.6659225658581117,-0.1540422790932567,-0.02685035577226133,-0.18049785288485085
numerical-methods-batch-4-v1,standardized-too-small,288,standardized,fixed,0.34118839760671443,0.3560177295439267,0.3420565902579271,0.1482145222900393,0.0029696686353898214,0.02,0,0.00044054704779866727,true,-1.1252589195533353,-0.6673515577644334,-0.15524501328355708,-0.026805793982249738,-0.1808738073423153
numerical-methods-batch-4-v1,standardized-too-small,289,standardized,fixed,0.3407457452913762,0.3555885826263353,0.3416176362207702,0.1479469361847516,0.0029642904458007592,0.02,0,0.0004389540371569356,true,-1.1275307150171796,-0.6687780633030614,-0.15644846608959262,-0.02676051164813177,-0.18124890202322663
numerical-methods-batch-4-v1,standardized-too-small,290,standardized,fixed,0.3403046746253378,0.3551609311676096,0.34118026449710503,0.14768066250402304,0.0029589387236949637,0.02,0,0.00043737172366514754,true,-1.1297968310451865,-0.6702020955275381,-0.15765262459811602,-0.02671451295787591,-0.1816231414501843
numerical-methods-batch-4-v1,standardized-too-small,291,standardized,fixed,0.33986517502719915,0.35473476537944154,0.34074446449661355,0.14741569041668467,0.002953613250080418,0.02,0,0.00043580000049148193,true,-1.13205729488137,-0.6716236673744124,-0.15885747602574413,-0.026667802083015724,-0.1819965301110236
numerical-methods-batch-4-v1,standardized-too-small,292,standardized,fixed,0.33942723602092373,0.3543100755709485,0.3403102257344408,0.14715200920846122,0.002948313808333653,0.02,0,0.00043423876217274504,true,-1.1343121335780437,-0.6730427916646189,-0.16006300771744822,-0.026620383178607567,-0.18236907245914208
numerical-methods-batch-4-v1,standardized-too-small,293,standardized,fixed,0.33899084723449485,0.3538868521474117,0.33987753782985014,0.1468896082804518,0.002943040184169188,0.02,0,0.0004326879045906673,true,-1.1365613739976026,-0.6744594811048368,-0.16126920714506537,-0.02657226038319124,-0.18274077291382262
numerical-methods-batch-4-v1,standardized-too-small,294,standardized,fixed,0.3385559983985901,0.35346508560903533,0.3394463905048958,0.14662847714763388,0.0029377921656090775,0.02,0,0.0004311473249543618,true,-1.138805042814286,-0.67587374828883,-0.16247606190583028,-0.02652343781875354,-0.18311163586055304
numerical-methods-batch-4-v1,standardized-too-small,295,standardized,fixed,0.338122679345278,0.3530447665497238,0.33901677358311844,0.14636860543738936,0.0029325695429527126,0.02,0,0.0004296169217773427,true,-1.1410431665159186,-0.6772856056987684,-0.16368355972092735,-0.026473919590694665,-0.18348166565134233
numerical-methods-batch-4-v1,standardized-too-small,296,standardized,fixed,0.33769088000673286,0.35262588565587893,0.33858867698825845,0.14610998288805385,0.0029273721087478954,0.02,0,0.0004280965948599835,true,-1.1432757714056334,-0.6786950657065306,-0.1648916884340627,-0.02642370978779733,-0.18385086660503375
numerical-methods-batch-4-v1,standardized-too-small,297,standardized,fixed,0.3372605904139704,0.3522084337052156,0.33816209074299025,0.14585259934748684,0.002922199657761076,0.02,0,0.0004265862452682012,true,-1.1455028836035726,-0.6801021405749882,-0.1661004360100558,-0.026372812482198613,-0.18421924300761444
numerical-methods-batch-4-v1,standardized-too-small,298,standardized,fixed,0.3368318006956014,0.3517924015655948,0.3377370049676748,0.1455964447716644,0.002917051986949787,0.02,0,0.0004250857753154702,true,-1.1477245290485711,-0.6815068424592726,-0.16730979053345033,-0.026321231729364375,-0.18458679911252193
numerical-methods-batch-4-v1,standardized-too-small,299,standardized,fixed,0.3364045010766055,0.35137778019387617,0.33731340987913144,0.14534150922329203,0.002911928895433204,0.02,0,0.00042359508854333816,true,-1.1499407334998197,-0.682909183408024,-0.16851974020714403,-0.026268971568066263,-0.1849535391409474
numerical-methods-batch-4-v1,standardized-too-small,300,standardized,fixed,0.3359786818771219,0.3509645606347863,0.3368912957894281,0.14508778287043914,0.0029068301844658354,0.02,0,0.0004221140897033293,true,-1.15215152253851,-0.6843091753646224,-0.1697302733510373,-0.02621603602036118,-0.18531946728213575
numerical-methods-batch-4-v1,standardized-too-small,301,standardized,fixed,0.3355543335112595,0.3505527340198065,0.3364706531046897,0.1448352559851936,0.002901755657408753,0.02,0,0.0004206426847384037,true,-1.1543569215694593,-0.6857068301684027,-0.17094137840070012,-0.026162429091573177,-0.1856845876936826
numerical-methods-batch-4-v1,standardized-too-small,302,standardized,fixed,0.3351314464859245,0.35014229156607535,0.33605147232392446,0.1445839189423361,0.002896705119703925,0.02,0,0.00041918078076524923,true,-1.1565569558227196,-0.687102159555852,-0.17215304390605704,-0.026108154770277704,-0.1860489045018281
numerical-methods-batch-4-v1,standardized-too-small,303,standardized,fixed,0.3347100113996651,0.34973322457530975,0.3356337440378674,0.14433376221803487,0.002891678378846795,0.02,0,0.000417728286057073,true,-1.1587516503551651,-0.6884951751617905,-0.17336525853009002,-0.02605321702828816,-0.18641242180174777
numerical-methods-batch-4-v1,standardized-too-small,304,standardized,fixed,0.3342900189415339,0.3493255244327415,0.33521745892784177,0.14408477638855927,0.0028866752443607287,0.02,0,0.00041628511002561597,true,-1.160941030052065,-0.6898858885205369,-0.1745780110475588,-0.02599761982064468,-0.18677514365784026
numerical-methods-batch-4-v1,standardized-too-small,305,standardized,fixed,0.33387145988996714,0.3489191826060701,0.33480260776463683,0.1438369521290126,0.002881695527771194,0.02,0,0.0004148511632049434,true,-1.1631251196286365,-0.6912743110670567,-0.17579129034373847,-0.0259413670856051,-0.18713707410401206
numerical-methods-batch-4-v1,standardized-too-small,306,standardized,fixed,0.3334543251116807,0.34851419064443123,0.33438918140740265,0.14359028021208387,0.0028767390425802944,0.02,0,0.0004134263572341812,true,-1.165303943631581,-0.6926604541380955,-0.1770050854131741,-0.025884462744638036,-0.18749821714395942
numerical-methods-batch-4-v1,standardized-too-small,307,standardized,fixed,0.33303860556058223,0.34811054017738174,0.3339771708025612,0.14334475150681755,0.0028718056042416774,0.02,0,0.0004120106048414729,true,-1.1674775264406034,-0.6940443289732963,-0.1782193853584521,-0.025826910702418052,-0.18785857675144707
numerical-methods-batch-4-v1,standardized-too-small,308,standardized,fixed,0.3326242922766988,0.34770822291389836,0.3335665669827328,0.143100356977402,0.0028668950301364124,0.02,0,0.00041060381982838123,true,-1.1696458922699138,-0.6954259467163018,-0.17943417938898787,-0.025768714846822822,-0.1882181568705843
numerical-methods-batch-4-v1,standardized-too-small,309,standardized,fixed,0.33221137638512205,0.347307230641393,0.33315736106568034,0.14285708768197525,0.0028620071395480335,0.02,0,0.00040920591705245757,true,-1.1718090651697126,-0.6968053184158416,-0.18064945681982977,-0.02570987904893225,-0.18857696141609798
numerical-methods-batch-4-v1,standardized-too-small,310,standardized,fixed,0.33179984909496707,0.3469075552247415,0.3327495442532666,0.14261493477144824,0.0028571417536395203,0.02,0,0.00040781681241375267,true,-1.1739670690276598,-0.6981824550268049,-0.18186520707047915,-0.025650407163029507,-0.18893499427360289
numerical-methods-batch-4-v1,standardized-too-small,311,standardized,fixed,0.33138970169834725,0.34650918860532787,0.33234310783042853,0.14237388948834584,0.002852298695428874,0.02,0,0.00040643642283805237,true,-1.1761199275703265,-0.6995573674112978,-0.18308141966372585,-0.02559030302660393,-0.18929225929986912
numerical-methods-batch-4-v1,standardized-too-small,312,standardized,fixed,0.3309809255693644,0.34611212280010245,0.3319380431641659,0.14213394316566424,0.002847477789766879,0.02,0,0.00040506466626261117,true,-1.178267664364632,-0.7009300663396874,-0.18429808422449928,-0.025529570460355706,-0.1896487603230868
numerical-methods-batch-4-v1,standardized-too-small,313,standardized,fixed,0.3305735121631132,0.3457163499006535,0.33153434170254487,0.14189508722574515,0.002842678863313277,0.02,0,0.00040370146162105325,true,-1.1804103028192634,-0.7023005624916304,-0.1855151904787348,-0.025468213268202346,-0.19000450114312803
numerical-methods-batch-4-v1,standardized-too-small,314,standardized,fixed,0.3301674530147004,0.34532186207229376,0.33113199497371626,0.14165731317916638,0.0028379017445149327,0.02,0,0.00040234672882860645,true,-1.1825478661860809,-0.7036688664570896,-0.1867327282522549,-0.025406235237286832,-0.19035948553180604
numerical-methods-batch-4-v1,standardized-too-small,315,standardized,fixed,0.329762739738278,0.34492865155315916,0.3307309945849475,0.14142061262364863,0.002833146263583308,0.02,0,0.00040100038876877964,true,-1.1846803775615062,-0.7050349887373347,-0.18795068746966528,-0.02534364013798747,-0.19071371723313177
numerical-methods-batch-4-v1,standardized-too-small,316,standardized,fixed,0.32935936402609073,0.3445367106533221,0.33033133222166905,0.14118497724297774,0.002828412252473019,0.02,0,0.0003996623632784302,true,-1.1868078598878975,-0.7063989397459314,-0.1891690581532654,-0.025280431723929332,-0.19106719996356783
numerical-methods-batch-4-v1,standardized-too-small,317,standardized,fixed,0.3289573176475372,0.34414603175391695,0.329932999646535,0.14095039880594304,0.0028236995448595145,0.02,0,0.00039833257513405274,true,-1.1889303359549068,-0.7077607298097162,-0.19038783042197335,-0.025216613731997295,-0.19141993741227964
numerical-methods-batch-4-v1,standardized-too-small,318,standardized,fixed,0.3285565924482446,0.34375660730627805,0.3295359886984962,0.1407168691652905,0.0028190079761189262,0.02,0,0.00039701094803878956,true,-1.1910478284008255,-0.7091203691697585,-0.1916069944902648,-0.02515218988235059,-0.1917719332413842
numerical-methods-batch-4-v1,standardized-too-small,319,standardized,fixed,0.3281571803491566,0.34336842983109217,0.3291402912918878,0.1404843802566911,0.0028143373833058047,0.02,0,0.00039569740660838626,true,-1.193160359713912,-0.7104778679823099,-0.19282654066712582,-0.02508716387843887,-0.19212319108619608
numerical-methods-batch-4-v1,standardized-too-small,320,standardized,fixed,0.3277590733456343,0.3429814919175612,0.3287458994155288,0.14025292409772425,0.002809687605133861,0.02,0,0.00039439187635903483,true,-1.195267952233708,-0.7118332363197405,-0.1940464593550194,-0.025021539407019698,-0.19247371455547108
numerical-methods-batch-4-v1,standardized-too-small,321,standardized,fixed,0.327362263506571,0.34259578622257825,0.3283528051318359,0.14002249278687523,0.0028050584819544733,0.02,0,0.00039309428369288524,true,-1.1973706281523375,-0.7131864841714631,-0.1952667410488654,-0.024955320138177476,-0.19282350723164723
numerical-methods-batch-4-v1,standardized-too-small,322,standardized,fixed,0.3269667429735176,0.34221130546991513,0.32796100057594846,0.13979307850254755,0.0028004498557375563,0.02,0,0.0003918045558874428,true,-1.1994684095157944,-0.7145376214448453,-0.19648737633503371,-0.02488850972534371,-0.19317257267108337
numerical-methods-batch-4-v1,standardized-too-small,323,standardized,fixed,0.32657250395982274,0.3418280424494227,0.32757047795486727,0.13956467350208904,0.0027958615700509073,0.02,0,0.00039052262108119074,true,-1.2015613182252134,-0.715886657966109,-0.19770835589035055,-0.024821111805318624,-0.19352091440429528
numerical-methods-batch-4-v1,standardized-too-small,324,standardized,fixed,0.3261795387497836,0.34144599001624126,0.32718122954660467,0.13933727012083155,0.002791293470041821,0.02,0,0.0003892484082625991,true,-1.2036493760381302,-0.717233603481218,-0.1989296704811175,-0.024753129998294085,-0.19386853593618933
numerical-methods-batch-4-v1,standardized-too-small,325,standardized,fixed,0.3257878396978098,0.3410651410900234,0.3267932476993473,0.13911086077114523,0.0027867454024166306,0.02,0,0.00038798184725735707,true,-1.205732604569725,-0.7185784676567549,-0.20015131096214336,-0.024684567907877736,-0.19421544074629377
numerical-methods-batch-4-v1,standardized-too-small,326,standardized,fixed,0.3253973992275977,0.34068548865416803,0.3264065248306302,0.13888543794150487,0.002782217215422817,0.02,0,0.00038672286871710426,true,-1.207811025294055,-0.719921260080785,-0.2013732682757883,-0.024615429121118408,-0.19456163228898765
numerical-methods-batch-4-v1,standardized-too-small,327,standardized,fixed,0.3250082098313186,0.340307025755065,0.3260210534265235,0.1386609941955706,0.002777708758830037,0.02,0,0.00038547140410671865,true,-1.2098846595452728,-0.7212619902637101,-0.20259553345102044,-0.024545717208532672,-0.19490711399372743
numerical-methods-batch-4-v1,standardized-too-small,328,standardized,fixed,0.3246202640688157,0.33992974550135036,0.32563682604082866,0.13843752217128083,0.0027732198839114128,0.02,0,0.0003842273856948242,true,-1.211953528518831,-0.72260066763911,-0.2038180976024844,-0.024475435724132567,-0.19525188926527107
numerical-methods-batch-4-v1,standardized-too-small,329,standardized,fixed,0.32423355456681496,0.33955364106317315,0.3252538352942889,0.13821501457995844,0.002768750443425663,0.02,0,0.0003829907465397464,true,-1.214017653272675,-0.7239373015645743,-0.20504095192958194,-0.02440458820545444,-0.19559596148390015
numerical-methods-batch-4-v1,standardized-too-small,330,standardized,fixed,0.3238480740181451,0.33917870567147196,0.3248720738738081,0.13799346420542907,0.0027643002915992325,0.02,0,0.0003817614204807973,true,-1.2160770547284225,-0.7252719013225217,-0.20626408771556415,-0.024333178173588873,-0.19593933400563943
numerical-methods-batch-4-v1,standardized-too-small,331,standardized,fixed,0.32346381518096945,0.3388049326172621,0.3244915345316819,0.1377728639031522,0.002759869284108556,0.02,0,0.0003805393421262293,true,-1.2181317536725307,-0.7266044761210106,-0.2074874963266353,-0.02426120913321166,-0.1962820101624743
numerical-methods-batch-4-v1,standardized-too-small,332,standardized,fixed,0.3230807708780283,0.33843231525093237,0.3241122100848391,0.137553206599364,0.0027554572780630585,0.02,0,0.0003793244468427992,true,-1.2201817707574507,-0.7279350350945374,-0.20871116921106814,-0.024188684572615807,-0.19662399326256597
numerical-methods-batch-4-v1,standardized-too-small,333,standardized,fixed,0.3226989339958919,0.33806084698155253,0.32373409341409437,0.13733448529023243,0.002751064131987262,0.02,0,0.00037811667074472144,true,-1.22222712650277,-0.7292635873048252,-0.20993509789833034,-0.024115607963744533,-0.19696528659046453
numerical-methods-batch-4-v1,standardized-too-small,334,standardized,fixed,0.3223182974842234,0.33769052127619015,0.3233571774634099,0.13711669304102406,0.0027466897058046323,0.02,0,0.00037691595068445327,true,-1.2242678412963428,-0.7305901417416024,-0.21115927399822199,-0.02404198276222521,-0.19730589340731972
numerical-methods-batch-4-v1,standardized-too-small,335,standardized,fixed,0.32193885435505326,0.33732133165923744,0.32298145523916943,0.13689982298528236,0.0027423338608204076,0.02,0,0.0003757222242404823,true,-1.2263039353954082,-0.731914707323371,-0.21238368920002404,-0.023967812407404268,-0.19764581695108963
numerical-methods-batch-4-v1,standardized-too-small,336,standardized,fixed,0.32156059768206174,0.3369532717117465,0.3226069198094598,0.13668386832401727,0.002737996459705646,0.02,0,0.0003745354297096104,true,-1.2283354289276966,-0.7332372928981654,-0.21360833527165746,-0.023893100322382975,-0.1979850604367473
numerical-methods-batch-4-v1,standardized-too-small,337,standardized,fixed,0.32118352059987315,0.3365863350707755,0.3222335643033647,0.13646882232490648,0.002733677366480292,0.02,0,0.0003733555060951299,true,-1.230362341892525,-0.7345579072443004,-0.214833204058853,-0.023817849914054112,-0.19832362705648515
numerical-methods-batch-4-v1,standardized-too-small,338,standardized,fixed,0.3208076163033589,0.3362205154287432,0.32186138191026675,0.13625467832150717,0.002729376446498174,0.02,0,0.00037218239309794177,true,-1.2323846941618795,-0.7358765590711108,-0.2160582874843314,-0.02374206457313949,-0.19866151997991735
numerical-methods-batch-4-v1,standardized-too-small,339,standardized,fixed,0.32043287804695025,0.33585580653279157,0.3214903658791597,0.13604142971247904,0.002725093566430215,0.02,0,0.00037101603110706316,true,-1.234402505481488,-0.7371932570196813,-0.21728357754699368,-0.023665747674228292,-0.1989987423542802
numerical-methods-batch-4-v1,standardized-too-small,340,standardized,fixed,0.32005929914396053,0.3354922021841596,0.32112050951796994,0.1358290699608177,0.0027208285942496445,0.02,0,0.0003698563611897465,true,-1.2364157954718806,-0.7385080096635661,-0.21850906632112183,-0.02358890257581621,-0.19933529730463032
numerical-methods-batch-4-v1,standardized-too-small,341,standardized,fixed,0.3196868729659165,0.3351296962375632,0.32075180619288735,0.135617592593099,0.0027165813992163965,0.02,0,0.00036870332508259773,true,-1.2384245836294394,-0.7398208255095005,-0.21973474595558928,-0.02351153262034535,-0.19967118793404107
numerical-methods-batch-4-v1,standardized-too-small,342,standardized,fixed,0.31931559294189954,0.3347682826005859,0.3203842493277053,0.1354069911987331,0.00271235185186204,0.02,0,0.00036755686518202824,true,-1.2404288893274371,-0.7411317129981025,-0.22096060867308134,-0.023433641134244898,-0.20000641732379673
numerical-methods-batch-4-v1,standardized-too-small,343,standardized,fixed,0.31894545255789464,0.334407955233076,0.3200178324031698,0.13519725942922942,0.00270813982397462,0.02,0,0.00036641692453553976,true,-1.2424287318170648,-0.7424406805045667,-0.22218664676932515,-0.0233552314279725,-0.20034098853358495
numerical-methods-batch-4-v1,standardized-too-small,344,standardized,fixed,0.31857644535614915,0.3340487081465546,0.31965254895633677,0.13498839099747117,0.0027039451885845283,0.02,0,0.00036528344683300906,true,-1.2444241302284496,-0.7437477363393478,-0.22341285261232932,-0.02327630679605632,-0.200674904601687
numerical-methods-batch-4-v1,standardized-too-small,345,standardized,fixed,0.31820856493454014,0.33369053540362864,0.31928839257993924,0.1347803796769999,0.0026997678199493797,0.02,0,0.0003641563763975286,true,-1.2464151035716609,-0.7450528887488366,-0.22463921864163297,-0.02319687051713783,-0.20100816854516632
numerical-methods-batch-4-v1,standardized-too-small,346,standardized,fixed,0.3178418049459497,0.3333334311174148,0.31892535692176216,0.13457321930130975,0.002695607593540022,0.02,0,0.00036303565817707995,true,-1.2484016707377068,-0.7463561459160274,-0.2258657373675639,-0.023116925854015178,-0.20134078336005512
numerical-methods-batch-4-v1,standardized-too-small,347,standardized,fixed,0.3174761590976496,0.3329773894509696,0.3185634356840258,0.13436690376315127,0.002691464386026252,0.02,0,0.0003619212377363734,true,-1.2503838504995202,-0.7476575159611762,-0.22709240137050615,-0.023036476053687256,-0.20167275202153895
numerical-methods-batch-4-v1,standardized-too-small,348,standardized,fixed,0.3171116211506933,0.33262240461672804,0.318202622622778,0.13416142701384476,0.0026873380752630432,0.02,0,0.0003608130612478,true,-1.252361661512934,-0.7489570069424517,-0.22831920330017627,-0.02295552434739834,-0.20200407748413965
numerical-methods-batch-4-v1,standardized-too-small,349,standardized,fixed,0.31674818491931717,0.3322684708759499,0.31784291154729394,0.13395678306260278,0.0026832285402768642,0.02,0,0.00035971107548404824,true,-1.254335122317648,-0.7502546268565768,-0.22954613587490874,-0.022874073950683325,-0.2023347626818962
numerical-methods-batch-4-v1,standardized-too-small,350,standardized,fixed,0.31638584427034855,0.331915582538173,0.3174842963194843,0.13375296597586175,0.0026791356612520622,0.02,0,0.0003586152278096111,true,-1.2563042513381837,-0.7515503836394638,-0.23077319188094994,-0.022792128063413537,-0.20266481052854404
numerical-methods-batch-4-v1,standardized-too-small,351,standardized,fixed,0.31602459312262277,0.33156373396067446,0.3171267708533115,0.13354996987662263,0.002675059319517197,0.02,0,0.00035752546617284775,true,-1.2582690668848309,-0.7528442851668398,-0.2320003641717609,-0.022709689869843088,-0.20299422391769228
numerical-methods-batch-4-v1,standardized-too-small,352,standardized,fixed,0.3156644254464073,0.3312129195479394,0.3167703291142128,0.13334778894380056,0.002670999397532431,0.02,0,0.0003564417390986563,true,-1.260229587154584,-0.7541363392548655,-0.23322764566732845,-0.022626762538655754,-0.2033230057229994
numerical-methods-batch-4-v1,standardized-too-small,353,standardized,fixed,0.31530533526283416,0.3308631337511361,0.316414965118533,0.13314641741158295,0.002666955778875962,0.02,0,0.0003553639956798138,true,-1.2621858302320692,-0.7554265536607462,-0.23445502935348475,-0.022543349223012373,-0.20365115879834705
numerical-methods-batch-4-v1,standardized-too-small,354,standardized,fixed,0.3149473166433393,0.3305143710675989,0.3160606729329626,0.1329458495687963,0.0026629283482316433,0.02,0,0.0003542921855704262,true,-1.264137814090461,-0.7567149360833346,-0.23568250828123513,-0.022459453060598735,-0.2039786859780121
numerical-methods-batch-4-v1,standardized-too-small,355,standardized,fixed,0.3145903637091096,0.3301666260403181,0.31570744667398437,0.1327460797582816,0.002658916991375979,0.02,0,0.000353226258978212,true,-1.2660855565923916,-0.7580014941637268,-0.23691007556609414,-0.022375077173673933,-0.20430559007683705
numerical-methods-batch-4-v1,standardized-too-small,356,standardized,fixed,0.3142344706305374,0.32981989325743577,0.31535528050732775,0.13254710237627787,0.002654921595165705,0.02,0,0.00035216616665662004,true,-1.2680290754908483,-0.7592862354858502,-0.23813772438742947,-0.022290224669119174,-0.20463187389039864
numerical-methods-batch-4-v1,standardized-too-small,357,standardized,fixed,0.31387963162668225,0.3294741673517499,0.31500416864742947,0.13234891187181375,0.002650942047525512,0.02,0,0.00035111185989827876,true,-1.2699683884300643,-0.7605691675770448,-0.2393654479878139,-0.022204898638487038,-0.20495754019517493
numerical-methods-batch-4-v1,standardized-too-small,358,standardized,fixed,0.3135258409647392,0.3291294430002237,0.3146541053569018,0.13215150274610768,0.0026469782374362555,0.02,0,0.00035006329052766905,true,-1.2719035129463996,-0.7618502979086373,-0.24059323967238502,-0.022119102158051147,-0.20528259174871047
numerical-methods-batch-4-v1,standardized-too-small,359,standardized,fixed,0.313173092959515,0.3287857149235022,0.314305084946008,0.13195486955197555,0.0026430300549222293,0.02,0,0.00034902041089379665,true,-1.2738344664692123,-0.7631296338965075,-0.2418210928082127,-0.022032838288856233,-0.20560703128978014
numerical-methods-batch-4-v1,standardized-too-small,360,standardized,fixed,0.31282138197291026,0.32844297788543503,0.3139571017721439,0.13175900689324632,0.002639097391039418,0.02,0,0.00034798317386408595,true,-1.2757612663217217,-0.764407182901648,-0.24304900082367403,-0.021946110076768617,-0.20593086153855103
numerical-methods-batch-4-v1,standardized-too-small,361,standardized,fixed,0.3124707024134091,0.32810122669260633,0.3136101502393274,0.13156390942418522,0.002635180137865006,0.02,0,0.0003469515328164974,true,-1.2776839297218638,-0.765682952230718,-0.2442769572078359,-0.021858920552527028,-0.20625408519674293
numerical-methods-batch-4-v1,standardized-too-small,362,standardized,fixed,0.3121210487355748,0.3277604561938691,0.31326422479769334,0.1313695718489252,0.0026312781884837945,0.02,0,0.00034592544163408734,true,-1.279602473783136,-0.7669569491365887,-0.2455049555098448,-0.02177127273179381,-0.2065767049477872
numerical-methods-batch-4-v1,standardized-too-small,363,standardized,fixed,0.311772415439553,0.32742066127988806,0.3129193199429961,0.13117598892090465,0.0026273914369784293,0.02,0,0.00034490485469723664,true,-1.2815169155154347,-0.7682291808188831,-0.24673298933832402,-0.021683169615206454,-0.20689872345698399
numerical-methods-batch-4-v1,standardized-too-small,364,standardized,fixed,0.3114247970705803,0.32708183688268655,0.3125754302161181,0.1309831554423138,0.002623519778418029,0.02,0,0.00034388972687798836,true,-1.2834272718258855,-0.7694996544245091,-0.24796105236077795,-0.021594614188429454,-0.2072201433716579
numerical-methods-batch-4-v1,standardized-too-small,365,standardized,fixed,0.3110781882184999,0.32674397797519994,0.31223255020258484,0.13079106626354722,0.0026196631088462184,0.02,0,0.00034288001353327546,true,-1.2853335595196627,-0.7707683770481858,-0.24918913830300352,-0.021505609422206483,-0.20754096732131222
numerical-methods-batch-4-v1,standardized-too-small,366,standardized,fixed,0.3107325835172835,0.32640707957083614,0.3118906745320859,0.13059971628266456,0.002615821325270989,0.02,0,0.00034187567049892564,true,-1.287235795300803,-0.7720353557329637,-0.2504172409485085,-0.021416158272412878,-0.20786119791778154
numerical-methods-batch-4-v1,standardized-too-small,367,standardized,fixed,0.3103879776445589,0.32607113672304006,0.3115497978780029,0.1304091004448572,0.0026119943256533024,0.02,0,0.00034087665408299994,true,-1.2891339957730088,-0.7733005974707384,-0.25164535413793676,-0.02132626368010838,-0.2081808377553828
numerical-methods-batch-4-v1,standardized-too-small,368,standardized,fixed,0.3100443653211442,0.32573614452486505,0.3112099149569426,0.13021921374192288,0.0026081820088971973,0.02,0,0.00033988292106029716,true,-1.2910281774404464,-0.7745641092027585,-0.25287347176850045,-0.021235928571590186,-0.20849988941106495
numerical-methods-batch-4-v1,standardized-too-small,369,standardized,fixed,0.30970174131058786,0.3254020981085489,0.3108710205282767,0.13003005121174646,0.002604384274838446,0.02,0,0.00033889442866591457,true,-1.2929183567085334,-0.7758258978201266,-0.2541015877934185,-0.021145155858446216,-0.20881835544455724
numerical-methods-batch-4-v1,standardized-too-small,370,standardized,fixed,0.309360100418715,0.32506899264509703,0.31053310939368783,0.12984160793778754,0.0026006010242348838,0.02,0,0.0003379111345888641,true,-1.2948045498847205,-0.7770859701642947,-0.25532969622136215,-0.021053948437608667,-0.20913623839851567
numerical-methods-batch-4-v1,standardized-too-small,371,standardized,fixed,0.30901943749317806,0.3247368233438686,0.3101961763967196,0.12965387904857506,0.0025968321587558204,0.02,0,0.0003369329969682422,true,-1.2966867731792646,-0.7783443330275542,-0.2565577911159066,-0.020962309191407777,-0.20945354079866846
numerical-methods-batch-4-v1,standardized-too-small,372,standardized,fixed,0.3086797474230158,0.3244055854521705,0.3098602164223353,0.12946685971720806,0.00259307758097155,0.02,0,0.00033595997438429226,true,-1.298565042705994,-0.779600993153519,-0.2577858665949895,-0.02087024098762581,-0.20977026515395977
numerical-methods-batch-4-v1,standardized-too-small,373,standardized,fixed,0.3083410251382154,0.32407527425485516,0.3095252243964795,0.12928054516086288,0.0025893371943441577,0.02,0,0.0003349920258557959,true,-1.3004393744830671,-0.7808559572376035,-0.2590139168303752,-0.020777746679551262,-0.21008641395669211
numerical-methods-batch-4-v1,standardized-too-small,374,standardized,fixed,0.3080032656092814,0.32374588507392393,0.30919119528564676,0.12909493064030697,0.002585610903217161,0.02,0,0.00033402911083274534,true,-1.3023097844337228,-0.7821092319274944,-0.26024193604712603,-0.02068482910603326,-0.21040198968266738
numerical-methods-batch-4-v1,standardized-too-small,375,standardized,fixed,0.3076664638468101,0.32341741326813517,0.30885812409645536,0.1289100114594187,0.002581898612806147,0.02,0,0.0003330711891914029,true,-1.3041762883870243,-0.7833608238236177,-0.2614699185230788,-0.020591491091536143,-0.21071699479132644
numerical-methods-batch-4-v1,standardized-too-small,376,standardized,fixed,0.3073306149010694,0.3230898542326184,0.3085260058752267,0.12872578296471351,0.002578200229188308,0.02,0,0.0003321182212286389,true,-1.3060389020785945,-0.784610739479599,-0.2626978585883283,-0.020497735446194237,-0.21103143172588748
numerical-methods-batch-4-v1,standardized-too-small,377,standardized,fixed,0.30699571386158303,0.3227632033984923,0.30819483570756984,0.12854224054487584,0.002574515659294227,0.02,0,0.0003311701676568801,true,-1.3078976411513459,-0.7858589854027195,-0.2639257506247159,-0.020403564965866764,-0.21134530291348286
numerical-methods-batch-4-v1,standardized-too-small,378,standardized,fixed,0.3066617558567215,0.32243745623248826,0.30786460871797094,0.12835937963029748,0.0025708448108975866,0.02,0,0.00033022698959889185,true,-1.3097525211562018,-0.7871055680543653,-0.26515358906532505,-0.020308982432192937,-0.21165861076529469
numerical-methods-batch-4-v1,standardized-too-small,379,standardized,fixed,0.30632873605329697,0.32211260823657833,0.30753532006938866,0.1281771956926213,0.002567187592605965,0.02,0,0.00032928864858228213,true,-1.311603557552811,-0.7883504938504727,-0.26638136839398163,-0.020213990612647188,-0.21197135767668907
numerical-methods-batch-4-v1,standardized-too-small,380,standardized,fixed,0.30599664965616397,0.3217886549476085,0.30720696496285416,0.12799568424429114,0.0025635439138524895,0.02,0,0.00032835510653450584,true,-1.313450765710257,-0.7895937691619676,-0.26760908314476084,-0.02011859226059452,-0.21228354602734903
numerical-methods-batch-4-v1,standardized-too-small,381,standardized,fixed,0.3056654919078248,0.3214655919369357,0.30687953863707607,0.12781484083810735,0.002559913684885796,0.02,0,0.0003274263257780907,true,-1.315294160907757,-0.7908354003151993,-0.26883672790149915,-0.020022790115346006,-0.21259517818140622
numerical-methods-batch-4-v1,standardized-too-small,382,standardized,fixed,0.30533525808804,0.3211434148100705,0.3065530363680507,0.12763466106678786,0.002556296816762192,0.02,0,0.00032650226902536383,true,-1.3171337583353588,-0.7920753935923702,-0.2700642972973123,-0.019926586902214386,-0.2129062564875712
numerical-methods-batch-4-v1,standardized-too-small,383,standardized,fixed,0.3050059435134435,0.3208221192063237,0.30622745346867686,0.12745514056253496,0.0025526932213358,0.02,0,0.0003255828993738441,true,-1.3189695730946263,-0.7933137552319597,-0.2712917860141187,-0.019829985332569775,-0.2132167832792626
numerical-methods-batch-4-v1,standardized-too-small,384,standardized,fixed,0.3046775435371629,0.3205017007984571,0.30590278528837567,0.12727627499660726,0.002549102811250749,0.02,0,0.0003246681803011908,true,-1.3208016201993216,-0.794550491429143,-0.272519188782168,-0.019732988103895475,-0.21352676087473496
numerical-methods-batch-4-v1,standardized-too-small,385,standardized,fixed,0.3043500535484444,0.3201821552923395,0.3055790272127152,0.1270980600788975,0.002545525499932106,0.02,0,0.0003237580756604852,true,-1.3226299145760794,-0.7957856083362059,-0.27374650037957565,-0.01963559789984387,-0.2138361915772053
numerical-methods-batch-4-v1,standardized-too-small,386,standardized,fixed,0.30402346897228194,0.3198634784266067,0.3052561746630393,0.1269204915575151,0.0025419612015779923,0.02,0,0.0003228525496759005,true,-1.3244544710650752,-0.797019112062954,-0.27497371563186196,-0.019537817390292395,-0.21414507767497845
numerical-methods-batch-4-v1,standardized-too-small,387,standardized,fixed,0.30369778526905156,0.3195456659723252,0.3049342230961016,0.1267435652183748,0.002538409831150278,0.02,0,0.000321951566937706,true,-1.3262753044206865,-0.7982510086771167,-0.2762008294114972,-0.019439649231399594,-0.21445342144157134
numerical-methods-batch-4-v1,standardized-too-small,388,standardized,fixed,0.30337299793415023,0.31922871373266104,0.30461316800370397,0.1265672768847892,0.0025348713043675175,0.02,0,0.0003210550923976041,true,-1.3280924293121488,-0.7994813042047485,-0.2774278366374513,-0.01934109606566123,-0.21476122513583587
numerical-methods-batch-4-v1,standardized-too-small,389,standardized,fixed,0.3030491024976386,0.31891261754255196,0.30429300491233907,0.12639162241706772,0.002531345537695752,0.02,0,0.00032016309136490007,true,-1.329905860324204,-0.8007100046306227,-0.27865473227474885,-0.01924216052196644,-0.2150684910020807
numerical-methods-batch-4-v1,standardized-too-small,390,standardized,fixed,0.3027260945238885,0.31859737326838417,0.3039737293828372,0.1262165977121198,0.0025278324483414094,0.02,0,0.00031927552950189453,true,-1.3317156119577442,-0.8019371158986233,-0.27988151133402916,-0.019142845215653976,-0.21537522127019185
numerical-methods-batch-4-v1,standardized-too-small,391,standardized,fixed,0.3024039696112351,0.3182829768076733,0.3036553370100185,0.12604219870306316,0.0025243319542423977,0.02,0,0.0003183923728186655,true,-1.333521698630448,-0.8031626439121304,-0.28110816887111123,-0.01904315274856844,-0.21568141815575212
numerical-methods-batch-4-v1,standardized-too-small,392,standardized,fixed,0.302082723391633,0.3179694240887486,0.30333782342234866,0.12586842135883694,0.002520843974061244,0.02,0,0.0003175135876698487,true,-1.335324134677411,-0.8043865945344026,-0.2823346999865637,-0.01894308570911658,-0.21598708386015944
numerical-methods-batch-4-v1,standardized-too-small,393,standardized,fixed,0.30176235153031605,0.3176567110704417,0.3030211842815982,0.12569526168381995,0.002517368427176681,0.02,0,0.0003166391407504743,true,-1.3371229343517719,-0.8056089735889537,-0.28356109982527933,-0.018842646672323615,-0.21629222057074396
numerical-methods-batch-4-v1,standardized-too-small,394,standardized,fixed,0.30144284972546254,0.31734483374177863,0.30270541528250755,0.12552271571745316,0.0025139052336764565,0.02,0,0.0003157689990906376,true,-1.3389181118253306,-0.8068297868599257,-0.2847873635760549,-0.018741838199889553,-0.21659683046088407
numerical-methods-batch-4-v1,standardized-too-small,395,standardized,fixed,0.30112421370786346,0.3170337881216767,0.30239051215245505,0.12535077953386725,0.0025104543143490933,0.02,0,0.0003149031300525018,true,-1.3407096811891612,-0.808049040092458,-0.2860134864711749,-0.018640662840245563,-0.21690091569012135
numerical-methods-batch-4-v1,standardized-too-small,396,standardized,fixed,0.30080643924059497,0.3167235702586438,0.30207647065112897,0.12517944924151464,0.0025070155906773937,0.02,0,0.0003140415013260789,true,-1.34249765645422,-0.8092667389930517,-0.2872394637860009,-0.018539123128610308,-0.21720447840427434
numerical-methods-batch-4-v1,standardized-too-small,397,standardized,fixed,0.30048952211869545,0.31641417623048224,0.3017632865702043,0.1250087209828059,0.0025035889848303437,0.02,0,0.00031318408092467775,true,-1.3442820515519465,-0.8104828892299294,-0.2884652908385645,-0.018437221587046308,-0.2175075207355513
numerical-methods-batch-4-v1,standardized-too-small,398,standardized,fixed,0.30017345816884566,0.3161056021439959,0.30145095573302266,0.12483859093375102,0.0025001744196561054,0.02,0,0.00031233083718162913,true,-1.3460628803348602,-0.8116974964333921,-0.28969096298916547,-0.018334960724516288,-0.21781004480266175
numerical-methods-batch-4-v1,standardized-too-small,399,standardized,fixed,0.29985824324905336,0.3157978441347016,0.3011394739942767,0.1246690553036045,0.002496771818675066,0.02,0,0.00031148173874595564,true,-1.347840156577151,-0.8129105661961707,-0.2909164756399743,-0.01823234303693951,-0.2181120527109272
numerical-methods-batch-4-v1,standardized-too-small,400,standardized,fixed,0.2995438732483414,0.31549089836654254,0.30082883723969783,0.12450011033451559,0.0024933811060720806,0.02,0,0.00031063675457887463,true,-1.3496138939752633,-0.8141221040737748,-0.2921418242346388,-0.018129371007248086,-0.21841354655239056
numerical-methods-batch-4-v1,standardized-too-small,401,standardized,fixed,0.29923034408643995,0.3151847610316071,0.3005190413857481,0.12433175230118203,0.0024900022066902698,0.02,0,0.00030979585394974585,true,-1.3513841061484768,-0.8153321155848362,-0.29336700425789547,-0.018026047105443276,-0.2187145284059246
numerical-methods-batch-4-v1,standardized-too-small,402,standardized,fixed,0.29891765171348167,0.31487942834984917,0.3002100823793152,0.12416397751050842,0.002486635046023562,0.02,0,0.0003089590064329073,true,-1.3531508066394797,-0.8165406062114496,-0.29459201123518475,-0.01792237378865174,-0.21901500033733942
numerical-methods-batch-4-v1,standardized-too-small,403,standardized,fixed,0.29860579210970184,0.31457489656881393,0.29990195619741233,0.1239967823012688,0.0024832795502101913,0.02,0,0.0003081261819028458,true,-1.3549140089149383,-0.817747581399509,-0.29581684073227094,-0.017818353501181772,-0.21931496439948894
numerical-methods-batch-4-v1,standardized-too-small,404,standardized,fixed,0.29829476128514076,0.3142711619633649,0.29959465884688036,0.12383016304377323,0.0024799356460253534,0.02,0,0.0003072973505319765,true,-1.3566737263660595,-0.81895304655904,-0.297041488354866,-0.017713988674579472,-0.21961442263237618
numerical-methods-batch-4-v1,standardized-too-small,405,standardized,fixed,0.2979845552793502,0.3139682208354159,0.2992881863640937,0.12366411613953834,0.0024766032608754818,0.02,0,0.00030647248278664607,true,-1.3584299723091504,-0.8201570070645292,-0.29826594974825754,-0.0176092817276849,-0.21991337706325775
numerical-methods-batch-4-v1,standardized-too-small,406,standardized,fixed,0.29767517016110395,0.313666069513665,0.29898253481467124,0.12349863802096206,0.002473282322790797,0.02,0,0.00030565154942246986,true,-1.3601827599861707,-0.8213594682552489,-0.29949022059694097,-0.017504235066688148,-0.22021182970674724
numerical-methods-batch-4-v1,standardized-too-small,407,standardized,fixed,0.2973666020281109,0.313364704353333,0.29867770029318846,0.1233337251510022,0.0024699727604191738,0.02,0,0.00030483452148277745,true,-1.3619321025652806,-0.8225604354355789,-0.30071429662425564,-0.017398851085185376,-0.22050978256491763
numerical-methods-batch-4-v1,standardized-too-small,408,standardized,fixed,0.2970588470067319,0.31306412173590364,0.2983736789228945,0.12316937402285881,0.002466674503020106,0.02,0,0.0003040213702939498,true,-1.3636780131413853,-0.8237599138753244,-0.3019381735920249,-0.017293132164234788,-0.22080723762740276
numerical-methods-batch-4-v1,standardized-too-small,409,standardized,fixed,0.2967519012517003,0.3127643180688679,0.29807046685543237,0.12300558115966079,0.002463387480457247,0.02,0,0.00030321206746214413,true,-1.365420504736671,-0.8249579088100305,-0.3031618473002002,-0.01718708067241253,-0.2211041968714979
numerical-methods-batch-4-v1,standardized-too-small,410,standardized,fixed,0.2964457609458454,0.3124652897854711,0.29776806027056185,0.1228423431141556,0.002460111623193154,0.02,0,0.0003024065848705182,true,-1.3671595903011395,-0.8261544254412926,-0.30438531358650883,-0.01708069896586852,-0.22140066226225927
numerical-methods-batch-4-v1,standardized-too-small,411,standardized,fixed,0.2961404222998191,0.31216703334446316,0.29746645537588645,0.12267965646840334,0.0024568468622831316,0.02,0,0.0003016048946754002,true,-1.3688952827131367,-0.8273494689370643,-0.30560856832610583,-0.016973989388382217,-0.2216966357526026
numerical-methods-batch-4-v1,standardized-too-small,412,standardized,fixed,0.2958358815518262,0.311869545229851,0.29716564840658316,0.12251751783347421,0.002453593129368033,0.02,0,0.0003008069693032911,true,-1.3706275947798745,-0.8285430444319613,-0.3068316074312294,-0.0168669542714183,-0.22199211928340087
numerical-methods-batch-4-v1,standardized-too-small,413,standardized,fixed,0.2955321349673576,0.31157282195065555,0.29686563562513507,0.12235592384914952,0.0024503503566695854,0.02,0,0.00030001278144808907,true,-1.3723565392379513,-0.8297351570275618,-0.3080544268508601,-0.016759595934182265,-0.22228711478358115
numerical-methods-batch-4-v1,standardized-too-small,414,standardized,fixed,0.29522917883892663,0.31127686004066957,0.2965664133210683,0.1221948711836266,0.002447118476982932,0.02,0,0.00029922230406675965,true,-1.3740821287538645,-0.8309258117927041,-0.3092770225703838,-0.01665191668367593,-0.22258162417022032
numerical-methods-batch-4-v1,standardized-too-small,415,standardized,fixed,0.2949270094858088,0.31098165605822026,0.29626797781069075,0.12203435653322675,0.002443897423672607,0.02,0,0.00029843551037755933,true,-1.375804375924521,-0.83211501376378,-0.31049939061125825,-0.01654391881475287,-0.2228756493486401
numerical-methods-batch-4-v1,standardized-too-small,416,standardized,fixed,0.29462562325378366,0.31068720658593346,0.2959703254368341,0.12187437662210734,0.0024406871306645755,0.02,0,0.00029765237385664944,true,-1.3775232932777413,-0.8333027679450266,-0.311721527030683,-0.016435604610173734,-0.22316919221250114
numerical-methods-batch-4-v1,standardized-too-small,417,standardized,fixed,0.29432501651488124,0.31039350823050127,0.2956734525686,0.12171492820197666,0.002437487532442106,0.02,0,0.0002968728682340993,true,-1.379238893272759,-0.8344890793088124,-0.31294342792127344,-0.016326976340661468,-0.22346225464389619
numerical-methods-batch-4-v1,standardized-too-small,418,standardized,fixed,0.2940251856671298,0.3101005576224516,0.29537735560110756,0.1215560080518124,0.002434298564039488,0.02,0,0.00029609696749244296,true,-1.3809511883007182,-0.8356739527959233,-0.3141650894107376,-0.016218036264956458,-0.22375483851344236
numerical-methods-batch-4-v1,standardized-too-small,419,standardized,fixed,0.2937261271343078,0.30980835141592156,0.29508203095524504,0.12139761297758389,0.0024311201610362214,0.02,0,0.00029532464586251583,true,-1.3826601906851628,-0.8368573933158424,-0.315386507661557,-0.01610878662987153,-0.22404694568037267
numerical-methods-batch-4-v1,standardized-too-small,420,standardized,fixed,0.29342783736569783,0.3095168862884326,0.29478747507742387,0.121239739811977,0.002427952259551667,0.02,0,0.00029455587782117876,true,-1.3843659126825243,-0.8380394057470293,-0.3166076788706706,-0.015999229670346882,-0.22433857799262658
numerical-methods-batch-4-v1,standardized-too-small,421,standardized,fixed,0.29313031283584423,0.30922615894066885,0.2944936844393355,0.12108238541412251,0.002424794796239537,0.02,0,0.0002937906380883759,true,-1.386068366482604,-0.8392199949371943,-0.3178285992691622,-0.01588936760950487,-0.22462973728693975
numerical-methods-batch-4-v1,standardized-too-small,422,standardized,fixed,0.29283355004431283,0.3089361660962573,0.2942006555377115,0.12092554666932803,0.0024216477082824313,0.02,0,0.00029302890162397066,true,-1.3877675642090503,-0.8403991657035715,-0.31904926512195114,-0.015779202658704704,-0.22492042538893295
numerical-methods-batch-4-v1,standardized-too-small,423,standardized,fixed,0.2925375455154534,0.30864690450155186,0.29390838489408555,0.1207692204888125,0.0024185109333865534,0.02,0,0.0002922706436259692,true,-1.389463517919834,-0.8415769228331871,-0.32026967272748647,-0.015668737017597,-0.22521064411320021
numerical-methods-batch-4-v1,standardized-too-small,424,standardized,fixed,0.2922422957981661,0.30835837092541823,0.29361686905455947,0.12061340380944438,0.0024153844097761995,0.02,0,0.00029151583952607973,true,-1.3911562396077162,-0.842753271083126,-0.32148981841744395,-0.015557972874178237,-0.225500395263396
numerical-methods-batch-4-v1,standardized-too-small,425,standardized,fixed,0.2919477974656685,0.30807056215902273,0.2933261045895707,0.12045809359348224,0.0024122680761888677,0.02,0,0.0002907644649887686,true,-1.3928457412007145,-0.8439282151807955,-0.3227096985564268,-0.015446912404845078,-0.22578968063232172
numerical-methods-batch-4-v1,standardized-too-small,426,standardized,fixed,0.29165404711526755,0.30778347501562303,0.2930360880936633,0.12030328682831937,0.002409161871869688,0.02,0,0.00029001649590737477,true,-1.3945320345625642,-0.8451017598241851,-0.323929309541669,-0.01533555777444856,-0.2260785020020114
numerical-methods-batch-4-v1,standardized-too-small,427,standardized,fixed,0.29136104136813235,0.3074971063303607,0.29274681618526105,0.1201489805262303,0.002406065736566357,0.02,0,0.0002892719084022777,true,-1.3962151314931752,-0.8462739096821246,-0.32514864780274233,-0.015223911136348163,-0.2263668611438165
numerical-methods-batch-4-v1,standardized-too-small,428,standardized,fixed,0.2910687768690705,0.30721145296005764,0.29245828550644337,0.11999517172412107,0.002402979610524634,0.02,0,0.0002885306788176778,true,-1.3978950437290851,-0.8474446693945389,-0.32636770980126606,-0.015111974632465736,-0.22665475981848998
numerical-methods-batch-4-v1,standardized-too-small,429,standardized,fixed,0.2907772502863068,0.30692651178301295,0.292170492722724,0.11984185748328206,0.0023999034344823296,0.02,0,0.0002877927837193761,true,-1.399571782943908,-0.8486140435727002,-0.3275864920306199,-0.014999750393339301,-0.2269421997762697
numerical-methods-batch-4-v1,standardized-too-small,430,standardized,fixed,0.2904864583112646,0.3066422796988038,0.29188343452283194,0.11968903488914384,0.0023968371496655675,0.02,0,0.00028705819989205406,true,-1.4012453607487803,-0.8497820367994775,-0.32880499101565985,-0.01488724053817671,-0.2272291827569608
numerical-methods-batch-4-v1,standardized-too-small,431,standardized,fixed,0.2901963976583486,0.3063587536280878,0.29159710761849433,0.11953670105103559,0.002393780697782885,0.02,0,0.0002863269043376082,true,-1.402915788692801,-0.850948653629583,-0.33002320331243706,-0.014774447174909163,-0.22751571049001762
numerical-methods-batch-4-v1,standardized-too-small,432,standardized,fixed,0.28990706506473246,0.30607593051240745,0.2913115087442237,0.11938485310194687,0.0023907340210207275,0.02,0,0.0002855988742706539,true,-1.4045830782634694,-0.8521138985898168,-0.3312411255079197,-0.014661372400244592,-0.2278017846946246
numerical-methods-batch-4-v1,standardized-too-small,433,standardized,fixed,0.289618457290146,0.30579380731399763,0.291026634657105,0.1192334881982915,0.0023876970620389294,0.02,0,0.00028487408711869167,true,-1.4062472408871185,-0.8532777761793076,-0.3324587542197175,-0.01454801829972089,-0.22808740707977654
numerical-methods-batch-4-v1,standardized-too-small,434,standardized,fixed,0.2893305711166668,0.3055123810155943,0.2907424821365871,0.11908260351967474,0.0023846697639658995,0.02,0,0.00028415252051788853,true,-1.4079082879293445,-0.8544402908697524,-0.3336760860958096,-0.014434386947759,-0.22837257934435826
numerical-methods-batch-4-v1,standardized-too-small,435,standardized,fixed,0.28904340334851375,0.3052316486202461,0.2904590479842761,0.11893219626866276,0.002381652070393511,0.02,0,0.000283434152311024,true,-1.4095662306954326,-0.8556014471056523,-0.3348931178142749,-0.014320480407715854,-0.22865730317722324
numerical-methods-batch-4-v1,standardized-too-small,436,standardized,fixed,0.2887569508118418,0.30495160715112757,0.29017632902373003,0.11878226367055493,0.002378643925373302,0.02,0,0.0002827189605460467,true,-1.4112210804307794,-0.8567612493045469,-0.3361098460830249,-0.01420630073193716,-0.22894158025727182
numerical-methods-batch-4-v1,standardized-too-small,437,standardized,fixed,0.2884712103545407,0.3046722536513554,0.2898943221002574,0.11863280297315881,0.0023756452734110768,0.02,0,0.000282006923472633,true,-1.4128728483213109,-0.8579197018572451,-0.33732626763954016,-0.01409184996181004,-0.22922541225352847
numerical-methods-batch-4-v1,standardized-too-small,438,standardized,fixed,0.2881861788460353,0.3043935851838054,0.289613024080717,0.11848381144656757,0.002372656059463146,0.02,0,0.0002812980195404102,true,-1.4145215454938977,-0.8590768091280542,-0.3385423792506087,-0.013977130127815507,-0.22950880082521852
numerical-methods-batch-4-v1,standardized-too-small,439,standardized,fixed,0.2879018531770872,0.30411559883093253,0.28933243185331986,0.11833528638294005,0.0023696762289313884,0.02,0,0.0002805922273971251,true,-1.4161671830167664,-0.8602325754550065,-0.3397581777120675,-0.013862143249580792,-0.229791747621844
numerical-methods-batch-4-v1,standardized-too-small,440,standardized,fixed,0.2876182302596002,0.3038382916945929,0.2890525423274343,0.1181872250962833,0.00236670572765884,0.02,0,0.00027988952588553495,true,-1.417809771899906,-0.8613870051500836,-0.3409736598485465,-0.013746891335931512,-0.23007425428325906
numerical-methods-batch-4-v1,standardized-too-small,441,standardized,fixed,0.2873353070264267,0.3035616608958674,0.2887733524333922,0.11803962492223775,0.0023637445019257333,0.02,0,0.0002791898940421311,true,-1.4194493230954737,-0.8625401024994376,-0.34218882251321536,-0.013631376384943675,-0.23035632243974435
numerical-methods-batch-4-v1,standardized-too-small,442,standardized,fixed,0.28705308043117694,0.30328570357488716,0.28849485912229816,0.11789248321786465,0.0023607924984446484,0.02,0,0.0002784933110940302,true,-1.4210858474981936,-0.8636918717636107,-0.3434036625875327,-0.013515600383995522,-0.2306379537120811
numerical-methods-batch-4-v1,standardized-too-small,443,standardized,fixed,0.28677154744803024,0.3030104168906618,0.2882170593658404,0.11774579736143592,0.002357849664357344,0.02,0,0.0002777997564577528,true,-1.4227193559457558,-0.8648423171777527,-0.34461817698099795,-0.013399565309819218,-0.2309191497116241
numerical-methods-batch-4-v1,standardized-too-small,444,standardized,fixed,0.28649070507154767,0.302735798020909,0.2879399501561034,0.11759956475222659,0.002354915947228709,0.02,0,0.00027710920973700315,true,-1.4243498592192085,-0.8659914429518353,-0.3458323626309058,-0.013283273128552363,-0.23119991204037454
numerical-methods-batch-4-v1,standardized-too-small,445,standardized,fixed,0.286210550316488,0.3024618441618854,0.2876635285053838,0.11745378281030955,0.002351991295044524,0.02,0,0.000276421650719616,true,-1.4259773680433492,-0.8671392532708646,-0.347046216502103,-0.013166725795789347,-0.23148024229105169
numerical-methods-batch-4-v1,standardized-too-small,446,standardized,fixed,0.2859310802176249,0.302188552528221,0.2873877914460073,0.1173084489763524,0.002349075656206117,0.02,0,0.00027573705937650184,true,-1.427601893087111,-0.868285752295092,-0.34825973558674783,-0.01304992525663253,-0.23176014204716414
numerical-methods-batch-4-v1,standardized-too-small,447,standardized,fixed,0.28565229182956586,0.30191592035275366,0.28711273603014736,0.11716356071141683,0.0023461689795270103,0.02,0,0.0002750554158599261,true,-1.4292234449639472,-0.8694309441602218,-0.34947291690407195,-0.012932873445743268,-0.23203961288308053
numerical-methods-batch-4-v1,standardized-too-small,448,standardized,fixed,0.28537418222657424,0.3016439448863667,0.28683835932964735,0.11701911549676028,0.0023432712142283595,0.02,0,0.00027437670050001195,true,-1.4308420342322103,-0.8705748329776176,-0.3506857575001446,-0.012815572287392748,-0.2323186563640994
numerical-methods-batch-4-v1,standardized-too-small,449,standardized,fixed,0.285096748502392,0.3013726233978275,0.28656465843584306,0.11687511083363981,0.0023403823099352283,0.02,0,0.0002737008938042962,true,-1.4324576713955304,-0.8717174228345058,-0.3518982544476391,-0.012698023695512668,-0.23259727404651856
numerical-methods-batch-4-v1,standardized-too-small,450,standardized,fixed,0.28481998777006523,0.3011019531736283,0.286291630459388,0.11673154424311799,0.00233750221667287,0.02,0,0.0002730279764550647,true,-1.434070366903188,-0.8728587177941775,-0.35311040484560224,-0.012580229573745738,-0.2328754674777037
numerical-methods-batch-4-v1,standardized-too-small,451,standardized,fixed,0.28454389716177153,0.3008319315178289,0.28601927253008047,0.11658841326587112,0.0023346308848624124,0.02,0,0.0002723579293075207,true,-1.4356801311504854,-0.8739987218961879,-0.35432220581922513,-0.012462191815496012,-0.23315323819615658
numerical-methods-batch-4-v1,standardized-too-small,452,standardized,fixed,0.2842684738286488,0.3005625557519003,0.2857475817966927,0.11644571546199987,0.002331768265317359,0.02,0,0.00027169073338778604,true,-1.437286974479114,-0.8751374391565542,-0.35553365451961716,-0.012343912303979037,-0.2334305877315824
numerical-methods-batch-4-v1,standardized-too-small,453,standardized,fixed,0.28399371494062603,0.300293823214571,0.28547655542680117,0.11630344841084163,0.002328914309240092,0.02,0,0.00027102636989151385,true,-1.4388909071775187,-0.8762748735679509,-0.35674474812358187,-0.012225392912271834,-0.2337075176049567
numerical-methods-batch-4-v1,standardized-too-small,454,standardized,fixed,0.2837196176862566,0.3000257312616745,0.2852061906066197,0.11616160971078503,0.0023260689682167795,0.02,0,0.0002703648201814457,true,-1.440491939481259,-0.8774110290999032,-0.35795548383339504,-0.0121066355033627,-0.23398402932859158
numerical-methods-batch-4-v1,standardized-too-small,455,standardized,fixed,0.2834461792725525,0.2997582772659987,0.28493648454083387,0.11602019697908673,0.002323232194215756,0.02,0,0.00026970606578585743,true,-1.442090081573368,-0.8785459096989789,-0.35916585887658514,-0.01198764193020083,-0.23426012440620142
numerical-methods-batch-4-v1,standardized-too-small,456,standardized,fixed,0.28317339692482096,0.2994914586171364,0.2846674344524371,0.1158792078516903,0.002320403939581765,0.02,0,0.0002690500883967828,true,-1.4436853435847063,-0.8796795192889777,-0.36037587050571596,-0.011868414035745763,-0.23453580433296786
numerical-methods-batch-4-v1,standardized-too-small,457,standardized,fixed,0.28290126788650255,0.29922527272133814,0.284399037582569,0.11573863998304675,0.002317584157033753,0.02,0,0.00026839686986807054,true,-1.4452777355943158,-0.8808118617711185,-0.36158551599817124,-0.01174895365301665,-0.2348110705956043
numerical-methods-batch-4-v1,standardized-too-small,458,standardized,fixed,0.282629789419011,0.2989597170013664,0.28413129119035496,0.11559849104593735,0.0023147727996608975,0.02,0,0.00026774639221405216,true,-1.4468672676297678,-0.8819429410242257,-0.3627947926559418,-0.01162926260514134,-0.2350859246724199
numerical-methods-batch-4-v1,standardized-too-small,459,standardized,fixed,0.28235895880157486,0.29869478889635115,0.2838641925527474,0.11545875873129849,0.0023119698209187935,0.02,0,0.0002670986376075435,true,-1.44845394966751,-0.8830727609049125,-0.3640036978054143,-0.011509342705405276,-0.23536036803338276
numerical-methods-batch-4-v1,standardized-too-small,460,standardized,fixed,0.28208877333108145,0.29843048586164705,0.2835977389643702,0.11531944074804822,0.0023091751746260334,0.02,0,0.00026645358837723565,true,-1.4500377916332092,-0.8842013252477631,-0.3652122287971628,-0.011389195757300234,-0.2356344021401828
numerical-methods-batch-4-v1,standardized-too-small,461,standardized,fixed,0.28181923032192097,0.2981668053686925,0.2833319277373618,0.11518053482291486,0.002306388814960991,0.02,0,0.00026581122700836124,true,-1.4516188034020927,-0.8853286378655125,-0.36642038300574153,-0.011268823554572845,-0.23590802844629397
numerical-methods-batch-4-v1,standardized-too-small,462,standardized,fixed,0.281550327105834,0.2979037449048699,0.2830667562012236,0.11504203870026765,0.0023036106964582632,0.02,0,0.0002651715361381979,true,-1.4531969947992853,-0.8864547025492251,-0.3676281578294804,-0.011148227881272966,-0.23618124839703583
numerical-methods-batch-4-v1,standardized-too-small,463,standardized,fixed,0.2812820610317595,0.2976413019733674,0.28280222170266717,0.11490395014194879,0.0023008407740053765,0.02,0,0.00026453449855645683,true,-1.454772375600145,-0.8875795230684705,-0.3688355506902822,-0.01102741051180185,-0.23645406342963468
numerical-methods-batch-4-v1,standardized-too-small,464,standardized,fixed,0.28101442946568506,0.2973794740930426,0.2825383216054644,0.11476626692710805,0.002298079002838934,0.02,0,0.00026390009720278496,true,-1.4563449555305938,-0.8887031031714988,-0.3700425590334219,-0.01090637321096013,-0.23672647497328417
numerical-methods-batch-4-v1,standardized-too-small,465,standardized,fixed,0.28074742979049816,0.29711825879828674,0.28227505329029895,0.11462898685203847,0.002295325338542251,0.02,0,0.0002632683151654325,true,-1.4579147442674487,-0.8898254465854131,-0.37124918032734816,-0.01078511773399563,-0.23699848444920524
numerical-methods-batch-4-v1,standardized-too-small,466,standardized,fixed,0.28048105940583984,0.2968576536388917,0.2820124141546197,0.1144921077300145,0.002292579737040722,0.02,0,0.00026263913567925457,true,-1.4594817514387464,-0.8909465570163405,-0.3724554120634861,-0.010663645826650978,-0.23727009327070567
numerical-methods-batch-4-v1,standardized-too-small,467,standardized,fixed,0.2802153157279588,0.296597656179917,0.28175040161249454,0.1143556273911314,0.0022898421546003324,0.02,0,0.00026201254212515623,true,-1.4610459866240688,-0.892066438149602,-0.3736612517560428,-0.010541959225211044,-0.237541302843239
numerical-methods-batch-4-v1,standardized-too-small,468,standardized,fixed,0.27995019618956857,0.29633826400155944,0.28148901309446767,0.11421954368214682,0.00228711254782262,0.02,0,0.0002613885180268727,true,-1.4626074593548632,-0.8931850936498795,-0.37486669694181435,-0.010420059656550185,-0.23781211456446302
numerical-methods-batch-4-v1,standardized-too-small,469,standardized,fixed,0.2796856982397043,0.29607947469902335,0.2812282460474162,0.11408385446632367,0.002284390873643024,0.02,0,0.0002607670470514689,true,-1.4641661791147615,-0.8943025271613826,-0.37607174517999464,-0.0102979488381793,-0.23808252982429765
numerical-methods-batch-4-v1,standardized-too-small,470,standardized,fixed,0.2794218193435831,0.2958212858823924,0.28096809793441035,0.11394855762327527,0.0022816770893265004,0.02,0,0.0002601481130058425,true,-1.4657221553398954,-0.895418742308012,-0.37727639405198643,-0.01017562847829271,-0.23835255000498234
numerical-methods-batch-4-v1,standardized-too-small,471,standardized,fixed,0.27915855698246417,0.2955636951765032,0.2807085662345735,0.11381365104881164,0.0022789711524655747,0.02,0,0.00025953169983683466,true,-1.46727539741921,-0.8965337426935232,-0.37848064116121377,-0.010053100275814837,-0.238622176481133
numerical-methods-batch-4-v1,standardized-too-small,472,standardized,fixed,0.27889590865351127,0.29530670022081934,0.2804496484429446,0.11367913265478786,0.002276273020976202,0.02,0,0.0002589177916288987,true,-1.468825914694775,-0.8976475319016866,-0.37968448413293676,-0.009930365920446703,-0.23889141061979843
numerical-methods-batch-4-v1,standardized-too-small,473,standardized,fixed,0.27863387186965677,0.2950502986693077,0.2801913420703421,0.11354500036895376,0.0022735826530958206,0.02,0,0.00025830637260254585,true,-1.4703737164620925,-0.8987601134964477,-0.3808879206140677,-0.009807427092712243,-0.23916025378051614
numerical-methods-batch-4-v1,standardized-too-small,474,standardized,fixed,0.27837244415946627,0.29479448819031573,0.2799336446432282,0.11341125213480568,0.002270900007379052,0.02,0,0.000257697427113901,true,-1.4719188119704019,-0.8998714910220847,-0.3820909482729891,-0.009684285464004417,-0.2394287073153678
numerical-methods-batch-4-v1,standardized-too-small,475,standardized,fixed,0.2781116230670057,0.2945392664664494,0.2796765537035763,0.11327788591143921,0.002268225042696183,0.02,0,0.0002570909396518717,true,-1.4734612104229845,-0.900981668003365,-0.3832935647993739,-0.00956094269663115,-0.2396967725690342
numerical-methods-batch-4-v1,standardized-too-small,476,standardized,fixed,0.27785140615170895,0.29428463119445386,0.27942006680873827,0.11314489967340421,0.002265557718228822,0.02,0,0.0002564868948380372,true,-1.475000920977463,-0.9020906479456993,-0.38449576790400664,-0.00943740044386107,-0.23996445087884968
numerical-methods-batch-4-v1,standardized-too-small,477,standardized,fixed,0.27759179098824766,0.2940305800850937,0.2791641815313143,0.11301229141056095,0.0022628979934680806,0.02,0,0.0002558852774239839,true,-1.4765379527461004,-0.9031984343352955,-0.38569755531860705,-0.009313660349969064,-0.24023174357485602
numerical-methods-batch-4-v1,standardized-too-small,478,standardized,fixed,0.2773327751664014,0.2937771108630356,0.27890889545902264,0.1128800591279379,0.0022602458282111456,0.02,0,0.00025528607229163836,true,-1.4780723147960952,-0.9043050306393102,-0.3868989247956551,-0.009189724050281642,-0.24049865197985604
numerical-methods-batch-4-v1,standardized-too-small,479,standardized,fixed,0.2770743562909302,0.293524221266732,0.2786542061945723,0.11274820084559103,0.0022576011825588328,0.02,0,0.00025468926445032514,true,-1.4796040161498756,-0.9054104403059992,-0.38809987410821745,-0.009065593171222113,-0.24076517740946657
numerical-methods-batch-4-v1,standardized-too-small,480,standardized,fixed,0.276816531981448,0.2932719090483055,0.2784001113555367,0.11261671459846487,0.0022549640169118065,0.02,0,0.00025409483903560126,true,-1.4811330657853892,-0.9065146667648654,-0.38930040104977615,-0.008941269330355571,-0.24103132117217102
numerical-methods-batch-4-v1,standardized-too-small,481,standardized,fixed,0.27655929987229694,0.2930201719734351,0.27814660857422707,0.11248559843625469,0.002252334291969207,0.02,0,0.00025350278130964465,true,-1.4826594726363929,-0.9076177134268069,-0.3905005034340585,-0.00881675413643369,-0.24129708456937146
numerical-methods-batch-4-v1,standardized-too-small,482,standardized,fixed,0.27630265761242384,0.2927690078212433,0.2778936954975696,0.1123548504232704,0.0022497119687251233,0.02,0,0.0002529130766574794,true,-1.4841832455927388,-0.9087195836842624,-0.3917001790948688,-0.00869204918943933,-0.24156246889544028
numerical-methods-batch-4-v1,standardized-too-small,483,standardized,fixed,0.27604660286525734,0.29251841438418397,0.2776413697869821,0.11222446863830185,0.0022470970084654553,0.02,0,0.00025232571058747544,true,-1.485704393500658,-0.9098202809113559,-0.3928994258859215,-0.008567156080630958,-0.24182747543777142
numerical-methods-batch-4-v1,standardized-too-small,484,standardized,fixed,0.27579113330858646,0.2922683894679327,0.2773896291182526,0.11209445117448559,0.002244489372766089,0.02,0,0.0002517406687295165,true,-1.487222925163042,-0.9109198084640393,-0.3940982416806762,-0.008442076392586869,-0.24209210547683108
numerical-methods-batch-4-v1,standardized-too-small,485,standardized,fixed,0.2755362466344406,0.2920189308912765,0.27713847118141915,0.11196479613917308,0.0022418890234897253,0.02,0,0.000251157936833446,true,-1.488738849339723,-0.9120181696802341,-0.39529662437217394,-0.00831681169924923,-0.24235636028620802
numerical-methods-batch-4-v1,standardized-too-small,486,standardized,fixed,0.2752819405489704,0.29177003648600613,0.27688789368065075,0.11183550165380007,0.0022392959227833754,0.02,0,0.0002505775007684008,true,-1.49025217474775,-0.9131153678799716,-0.3964945718728754,-0.008191363565967922,-0.2426202411326635
numerical-methods-batch-4-v1,standardized-too-small,487,standardized,fixed,0.2750282127723302,0.29152170409680866,0.27663789433412955,0.11170656585375785,0.002236710033076065,0.02,0,0.00024999934652120137,true,-1.4917629100616652,-0.9142114063655321,-0.39769208211450024,-0.008065733549544204,-0.24288374927618067
numerical-methods-batch-4-v1,standardized-too-small,488,standardized,fixed,0.2747750610385616,0.2912739315811615,0.27638847087393453,0.11157798688826524,0.00223413131707525,0.02,0,0.0002494234601950196,true,-1.4932710639137752,-0.9153062884215818,-0.39888915304786826,-0.007939923198274178,-0.24314688597001355
numerical-methods-batch-4-v1,standardized-too-small,489,standardized,fixed,0.27452248309547805,0.2910267168092276,0.2761396210459258,0.11144976292024271,0.002231559737765291,0.02,0,0.0002488498280087126,true,-1.4947766448944222,-0.9164000173153092,-0.40008578264274197,-0.007813934051992068,-0.24340965246073568
numerical-methods-batch-4-v1,standardized-too-small,490,standardized,fixed,0.27427047670455046,0.29078005766375126,0.2758913426096303,0.11132189212618696,0.0022289952584048376,0.02,0,0.0002482784362955459,true,-1.496279661552253,-0.9174925962965599,-0.4012819688876706,-0.007687767642113312,-0.2436720499882883
numerical-methods-batch-4-v1,standardized-too-small,491,standardized,fixed,0.27401903964079516,0.2905339520399556,0.27564363333812936,0.11119437269604765,0.0022264378425237443,0.02,0,0.0002477092715009177,true,-1.497780122394484,-0.9185840285979703,-0.4024777097898357,-0.007561425491677461,-0.243934079786028
numerical-methods-batch-4-v1,standardized-too-small,492,standardized,fixed,0.273768169692661,0.2902883978454407,0.27539649101794633,0.11106720283310488,0.0022238874539209775,0.02,0,0.00024714232018302473,true,-1.4992780358871667,-0.9196743174350996,-0.4036730033748981,-0.007434909115390892,-0.24419574308077419
numerical-methods-batch-4-v1,standardized-too-small,493,standardized,fixed,0.27351786466191946,0.2900433930000828,0.2751499134489359,0.1109403807538481,0.002221344056662136,0.02,0,0.00024657756901041994,true,-1.5007734104554487,-0.920763466006561,-0.4048678476868462,-0.007308220019669329,-0.24445704109285596
numerical-methods-batch-4-v1,standardized-too-small,494,standardized,fixed,0.2732681223635548,0.28979893543593466,0.27490389844417473,0.11081390468785657,0.002218807615076876,0.02,0,0.00024601500476117977,true,-1.5022662544838339,-0.9218514774941509,-0.4060622407878461,-0.007181359702680178,-0.2447179750361586
numerical-methods-batch-4-v1,standardized-too-small,495,standardized,fixed,0.2730189406256557,0.28955502309712694,0.2746584438298526,0.11068777287768053,0.002216278093757145,0.02,0,0.000245454614322127,true,-1.503756576316441,-0.9229383550629779,-0.40725618075809256,-0.00705432965438467,-0.2449785461181698
numerical-methods-batch-4-v1,standardized-too-small,496,standardized,fixed,0.2727703172893079,0.28931165393977026,0.27441354744516533,0.11056198357872433,0.002213755457553524,0.02,0,0.0002448963846872765,true,-1.5052443842572587,-0.92402410186159,-0.40844966569566193,-0.006927131356579822,-0.24523875554002522
numerical-methods-batch-4-v1,standardized-too-small,497,standardized,fixed,0.272522250208488,0.2890688259318589,0.2741692071422082,0.11043653505913001,0.002211239671574475,0.02,0,0.0002443403029571134,true,-1.5067296865703996,-0.9251087210221001,-0.409642693716366,-0.006799766282940199,-0.24549860449655406
numerical-methods-batch-4-v1,standardized-too-small,498,standardized,fixed,0.27227473724995843,0.2888265370531746,0.273925420785871,0.1103114255996628,0.0022087307011825763,0.02,0,0.00024378635633720558,true,-1.5082124914803523,-0.9261922156603112,-0.4108352629536075,-0.006672235899059502,-0.2457580941763238
numerical-methods-batch-4-v1,standardized-too-small,499,standardized,fixed,0.27202777629316316,0.2885847852951924,0.27368218625373375,0.11018665349359733,0.002206228511993293,0.02,0,0.00024323453213725976,true,-1.509692807172231,-0.92727458887584,-0.4120273715582367,-0.0065445416624919555,-0.24601722576168492
numerical-methods-batch-4-v1,standardized-too-small,500,standardized,fixed,0.27178136523012436,0.288343568660986,0.2734395014359631,0.11006221704660528,0.0022037330698719266,0.02,0,0.00024268481777067752,true,-1.5111706417920237,-0.9283558437522393,-0.4132190176984097,-0.0064166850227935154,-0.246276000428815
numerical-methods-batch-4-v1,standardized-stable,0,standardized,fixed,0.6931471805599453,0.6931471805599453,0.6931471805599453,0.44123397955093496,0.0,0.0,0,,true,0.0,0.0,0.0,0.0,0.0
numerical-methods-batch-4-v1,standardized-stable,1,standardized,fixed,0.3491352628975458,0.3957453062064549,0.3506683786146731,0.15449816815624481,1.7649359182037399,4.0,0,0.3424788019452722,true,-1.4471867895118489,-0.9280750857020929,0.3319189421623966,-0.019704863607840278,-0.22083333333333333
numerical-methods-batch-4-v1,standardized-stable,2,standardized,fixed,0.2725503615937851,0.29025292136858016,0.27458861283025426,0.10716528242116985,0.6179926726249791,4.0,0,0.07607976578441883,true,-1.7539660569983244,-0.9727940208596947,-0.18943531787290901,-0.1337594750216123,-0.2521849274760362
numerical-methods-batch-4-v1,standardized-stable,3,standardized,fixed,0.22995871787132263,0.24750608436593421,0.23263764923628627,0.088895008330086,0.42866112968467945,4.0,0,0.041950963593967994,true,-1.937516815476336,-1.1541777359907115,-0.5184869957515851,-0.054187716814219855,-0.302709769197457
numerical-methods-batch-4-v1,standardized-stable,4,standardized,fixed,0.20013299494319955,0.2181443692173288,0.20349613540187209,0.07529322386723677,0.35558003332034394,4.0,0,0.029141513834414184,true,-2.0921653342001845,-1.3165901797755413,-0.7846463020079255,0.006753590155241629,-0.3425666965056847
numerical-methods-batch-4-v1,standardized-stable,5,standardized,fixed,0.17834388729530365,0.19692379103296886,0.1823975778378624,0.0650246227144696,0.30117289546894715,4.0,0,0.02109855756400969,true,-2.226673093018626,-1.4621392591386724,-1.0043388319162514,0.052538743179315305,-0.3752340095934757
numerical-methods-batch-4-v1,standardized-stable,6,standardized,fixed,0.1618044656340241,0.18095333477381587,0.1665362344182751,0.057089430651292024,0.2600984908578784,4.0,0,0.01586134341958731,true,-2.3455920914375343,-1.5936431377509759,-1.1892672634747548,0.087636947768349,-0.4032664534300085
numerical-methods-batch-4-v1,standardized-stable,7,standardized,fixed,0.14884081641429878,0.1685176050261421,0.15422929559202556,0.050804991550148434,0.2283577226051681,4.0,0,0.01230693882624953,true,-2.4518629938574703,-1.7132274885578154,-1.3479307461231915,0.11515420492326356,-0.42820693552072997
numerical-methods-batch-4-v1,standardized-stable,8,standardized,fixed,0.13840974503896966,0.15856080469072498,0.14442988383301325,0.04571555152271599,0.20321996620059377,4.0,0,0.009799411759012305,true,-2.547610757696391,-1.8225887470487812,-1.4863718639566532,0.1372077130703048,-0.45097830340056644
numerical-methods-batch-4-v1,standardized-stable,9,standardized,fixed,0.12983409287976075,0.15040571259026794,0.13645984349569767,0.04151366664012503,0.18286220609086404,4.0,0,0.007970040337315576,true,-2.634471357307475,-1.9231212055883808,-1.608901561635864,0.15524977611037716,-0.4721444220694088
numerical-methods-batch-4-v1,standardized-stable,10,standardized,fixed,0.12265720215041866,0.14360030742515884,0.12986287438984687,0.03798718694339609,0.16605466656050002,4.0,0,0.006596969105850808,true,-2.7137468522330668,-2.015982995542257,-1.7186438873035013,0.17028872884114754,-0.49206145034180576
numerical-methods-batch-4-v1,standardized-stable,11,standardized,fixed,0.11656057344633274,0.13783198357551593,0.12432148925360693,0.03498591876720995,0.1519487477735844,4.0,0,0.005541385136239932,true,-2.7864925570520804,-2.1021405509554607,-1.817909269821726,0.18303506430918037,-0.5109631643173393
numerical-methods-batch-4-v1,standardized-stable,12,standardized,fixed,0.11131551250853443,0.13287780979389782,0.1196082915443776,0.03240086559380948,0.1399436750688399,4.0,0,0.00471319770922933,true,-2.853573773771966,-2.1824034047447176,-1.9084431159571071,0.19399752947338303,-0.5290093250784527
numerical-methods-batch-4-v1,standardized-stable,13,standardized,fixed,0.10675364431717108,0.12857455849103108,0.11555629546530245,0.030151123941942973,0.12960346237523784,4.0,0,0.004051996079075151,true,-2.915706333901076,-2.2574526281072265,-1.9915911534794635,0.20354650560994514,-0.546313585104836
numerical-methods-batch-4-v1,standardized-stable,14,standardized,fixed,0.1027482897357317,0.12479997557927068,0.1120402019715235,0.02817542452600199,0.12060449576777205,4.0,0,0.003516093493778946,true,-2.9734870345266566,-2.3278641230595785,-2.068410632711758,0.21195614202583068,-0.5629599672649965
numerical-methods-batch-4-v1,standardized-stable,15,standardized,fixed,0.09920232562515503,0.12146068039252485,0.10896420866023998,0.026426535840089384,0.1127016981040081,4.0,0,0.003075993311283526,true,-3.0274170512897736,-2.394127568402214,-2.139746376621137,0.21943267232354594,-0.5790128484513548
numerical-methods-batch-4-v1,standardized-stable,16,standardized,fixed,0.09604004641630291,0.1184841146148361,0.10625384847695324,0.024867471134414766,0.10570614336035762,4.0,0,0.002710360183286742,true,-3.0779201824377473,-2.4566617401523905,-2.2062837810097724,0.22613368605246445,-0.5945231703087023
numerical-methods-batch-4-v1,standardized-stable,17,standardized,fixed,0.0932015712136567,0.11581304367678924,0.10385038876573548,0.023468859129705727,0.09946988453765908,4.0,0,0.002403459711217762,true,-3.1253571825333952,-2.5158268655152654,-2.268586466436072,0.2321814221663895,-0.6095324064392958
numerical-methods-batch-4-v1,standardized-stable,18,standardized,fixed,0.0906389147581342,0.11340171374785617,0.10170690207770282,0.022207083549129272,0.09387543651882292,4.0,0,0.0021434866880326586,true,-3.170037098152211,-2.5719345847285657,-2.327123528490158,0.23767206504041055,-0.6240751631752977
numerical-methods-batch-4-v1,standardized-stable,19,standardized,fixed,0.0883131726388662,0.11121311029871277,0.09978545528315108,0.021062941904050395,0.08882833419651699,4.0,0,0.0019214467945517372,true,-3.2122262875098513,-2.6252560007343435,-2.3822896091563925,0.24268233374977466,-0.6381809280960155
numerical-methods-batch-4-v1,standardized-stable,20,standardized,fixed,0.08619246906549345,0.1092169664756279,0.09805506315415968,0.020020662189758034,0.08425176761620141,4.0,0,0.0017303921289913982,true,-3.252155640787156,-2.6760282065882675,-2.4344199238624626,0.24727421473784297,-0.6518752745088563
numerical-methods-batch-4-v1,standardized-stable,21,standardized,fixed,0.08425043679395688,0.10738829236052472,0.09649017481977465,0.019067170911633576,0.08008264875903216,4.0,0,0.001564888334385034,true,-3.290026395412118,-2.7244596019364424,-2.4838016827222917,0.2514984044667005,-0.6651807107689539
numerical-methods-batch-4-v1,standardized-stable,22,standardized,fixed,0.08246507501060633,0.10570627277354314,0.09506953824858896,0.01819154061707433,0.07626868364653436,4.0,0,0.001420636571185685,true,-3.3260148484291467,-2.770734244756552,-2.5306828921908187,0.25539684434260806,-0.6781172926895991
numerical-methods-batch-4-v1,standardized-stable,23,standardized,fixed,0.08081787997637004,0.10415343017911598,0.09377533721897535,0.01738456763118121,0.07276616246829742,4.0,0,0.001294201029613612,true,-3.360276198408111,-2.815015432175257,-2.575279224612406,0.25900460906602474,-0.6907030746285497
numerical-methods-batch-4-v1,standardized-stable,24,standardized,fixed,0.07929317539366179,0.10271498117101494,0.09259252757424422,0.016638445577839472,0.06953827052472489,4.0,0,0.0011828096447311365,true,-3.39294769648868,-2.8574486627684896,-2.6177794425575205,0.26235132899001395,-0.7029544485323581
numerical-methods-batch-4-v1,standardized-stable,25,standardized,fixed,0.07787759097172779,0.10137833625406169,0.09150832117281667,0.015946510282933354,0.06655378231135804,4.0,0,0.0010842064014275482,true,-3.424151245954207,-2.8981641003336596,-2.6583497279775834,0.265462272849999,-0.7148864036869608
numerical-methods-batch-4-v1,standardized-stable,26,standardized,fixed,0.07655965230749275,0.10013270703566542,0.09051178064037421,0.015303038509133993,0.06378604113173328,4.0,0,0.0009965405324424553,true,-3.453995559062096,-2.9372786338547896,-2.6971371713705588,0.2683591803043338,-0.7265127293335093
numerical-methods-batch-4-v1,standardized-stable,27,standardized,fixed,0.07532945532282108,0.09896879485766737,0.08959349818453544,0.014703087733456778,0.061212154036535855,4.0,0,0.0009182824558387759,true,-3.4825779563795902,-2.974897608709268,-2.734272609463275,0.2710609082889823,-0.737846175404084
numerical-methods-batch-4-v1,standardized-stable,28,standardized,fixed,0.07417840560217787,0.09787854183507542,0.08874533885042155,0.014142367535095691,0.05881235093382697,4.0,0,0.0008481593341138904,true,-3.5099858758257465,-3.0111162888336254,-2.769872952369925,0.27358393746977205,-0.7488985820527703
numerical-methods-batch-4-v1,standardized-stable,29,standardized,fixed,0.0730990080258786,0.096854930187169,0.08796023365278434,0.013617135558130053,0.056569470140382695,4.0,0,0.0007851051976372064,true,-3.536298144682988,-3.0460210975882784,-2.804043106840796,0.27594277259762573,-0.75968098557079
numerical-methods-batch-4-v1,standardized-stable,30,standardized,fixed,0.07208469573125864,0.0958918192798281,0.087232011658737,0.0131241127467693,0.05446854223252026,4.0,0,0.0007282219940473456,true,-3.561586057026298,-3.0796906756719373,-2.8368775770997683,0.2781502616940288,-0.7702037061611712
numerical-methods-batch-4-v1,standardized-stable,31,standardized,fixed,0.07112969008354542,0.0949838123663818,0.08655526274314904,0.01266041381811015,0.052496450987077184,4.0,0,0.0006767489155879575,true,-3.5859142905828745,-3.1121967870464853,-2.868461806190631,0.2802178526144728,-0.780476421580297
numerical-methods-batch-4-v1,standardized-stable,32,standardized,fixed,0.07022888528912492,0.0941261469020179,0.08592522468689943,0.012223489873961215,0.050641655272440696,4.0,0,0.0006300380562496016,true,-3.609341690421985,-3.143605097991143,-2.8988733068603856,0.2821558009101009,-0.7905082296193215
numerical-methods-batch-4-v1,standardized-stable,33,standardized,fixed,0.06937775273497569,0.0933146037085759,0.08533768973590966,0.011811080752324241,0.04889395949584475,4.0,0,0.0005875349509897737,true,-3.6319219416630815,-3.173975849765034,-2.9281826205146317,0.2839733395208219,-0.8003077016599237
numerical-methods-batch-4-v1,standardized-stable,34,standardized,fixed,0.06857226122757676,0.09254543131751591,0.08478892682491922,0.011421175245703762,0.04724432300929698,4.0,0,0.000548762910990444,true,-3.6537041492615696,-3.203364441654918,-2.956454134778776,0.28567881833286796,-0.8098829290048453
numerical-methods-batch-4-v1,standardized-stable,35,standardized,fixed,0.06780881012993029,0.09181528261391668,0.0842756164919119,0.011051977713543626,0.04568470098281494,4.0,0,0.0005133103330073191,true,-3.674733339644028,-3.231821938216397,-2.9837467840428955,0.2872798197729121,-0.8192415632928003
numerical-methods-batch-4-v1,standardized-stable,36,standardized,fixed,0.06708417302575574,0.09112116151092244,0.08379479613635672,0.010701879922614453,0.04420791085417461,4.0,0,0.00048082035555517544,true,-3.6950508963335045,-3.259395512125513,-3.010114652592219,0.28878325521509324,-0.8283908520179335
numerical-methods-batch-4-v1,standardized-stable,37,standardized,fixed,0.06639545002522917,0.09046037785050044,0.0833438137568682,0.010369437185802102,0.04280751969045782,4.0,0,0.0004509823794885265,true,-3.714694939589275,-3.286128832122167,-3.035607496190684,0.29019544592258684,-0.8373376699573324
numerical-methods-batch-4-v1,standardized-stable,38,standardized,fixed,0.06574002720302322,0.08983050908775297,0.08292028867769519,0.010053348053739725,0.041477748743208226,4.0,0,0.0004235250791730094,true,-3.7337006583750907,-3.312062403953061,-3.0602711950430908,0.2915221914427073,-0.8460885471461455
numerical-methods-batch-4-v1,standardized-stable,39,standardized,fixed,0.06511554195334919,0.08922936759799165,0.08252207806510875,0.009752436957771851,0.04021339221495893,4.0,0,0.000398210612586436,true,-3.7521006015811302,-3.3372338709365597,-3.0841481487275755,0.29276882775954355,-0.8546496939145278
numerical-methods-batch-4-v1,standardized-stable,40,standardized,fixed,0.06451985327778526,0.08865497266725766,0.08214724826382885,0.009465639316242771,0.03900974783108734,4.0,0,0.00037482980127989673,true,-3.769924934291995,-3.3616782797175286,-3.1072776218264333,0.2939402770338767,-0.8630270234038809
numerical-methods-batch-4-v1,standardized-stable,41,standardized,fixed,0.06395101620448412,0.08810552640203335,0.0817940501646757,0.009191988706088047,0.03786255726497096,4.0,0,0.0003531980991531569,true,-3.7872016639648898,-3.38542831591169,-3.1296960474858078,0.2950410903921175,-0.8712261719044494
numerical-methods-batch-4-v1,standardized-stable,42,standardized,fixed,0.0634072596828335,0.08757939293310059,0.0814608979585691,0.008930605773466126,0.036767954824352245,4.0,0,0.00033315220610659335,true,-3.8039568406183863,-3.408514513620624,-3.1514372949242744,0.29607548493872393,-0.879252517297033
numerical-methods-batch-4-v1,standardized-stable,43,standardized,fixed,0.06288696741407389,0.08707508039982995,0.08114635074708543,0.008680688614705794,0.0357224230938648,4.0,0,0.00031454721148367615,true,-3.820214734501121,-3.430965442201974,-3.172532905926427,0.29704737594101427,-0.8871111958345141
numerical-methods-batch-4-v1,standardized-stable,44,standardized,fixed,0.06238866117206269,0.08659122529070463,0.08084909657229372,0.008441504405226412,0.034722754458823384,4.0,0,0.0002972541747917057,true,-3.835997994186312,-3.4528078731820675,-3.193012304553542,0.2979604049572231,-0.8948071174612404
numerical-methods-batch-4-v1,standardized-stable,45,standardized,fixed,0.06191098624414537,0.08612657878823161,0.0805679385033422,0.008212382091661644,0.033766017620905725,4.0,0,0.00028115806895151474,true,-3.8513277876020657,-3.47406692978206,-3.2129029836430263,0.2988179645373159,-0.9023449798379148
numerical-methods-batch-4-v1,standardized-stable,46,standardized,fixed,0.06145269868367526,0.08567999482515821,0.08030178247795709,0.007992705993003434,0.032849528366646466,4.0,0,0.0002661560253851142,true,-3.866223928143077,-3.494766221179275,-3.23223067112339,0.29962322001331254,-0.9097292812149235
numerical-methods-batch-4-v1,standardized-stable,47,standardized,fixed,0.0610126541160104,0.08525041960686534,0.0800496266465259,0.007781910181593791,0.031970823972013784,4.0,0,0.0002521558314311917,true,-3.880704987703691,-3.514927963330982,-3.2510194787196682,0.3003791288054507,-0.9169643322767711
numerical-methods-batch-4-v1,standardized-stable,48,standardized,fixed,0.06058979788106049,0.08483688239411696,0.07981055200700404,0.007579473535333707,0.03112764072637504,4.0,0,0.00023907463952185792,true,-3.8947883982150313,-3.5345730879389237,-3.2692920352480095,0.30108845759765823,-0.9240542670635591
numerical-methods-batch-4-v1,standardized-stable,49,standardized,fixed,0.06018315632943197,0.08443848737270367,0.07958371415226691,0.007384915369420661,0.03031789414133471,4.0,0,0.0002268378547371358,true,-3.908490543051591,-3.5537213409217907,-3.2870696063835956,0.3017537976768108,-0.9310030530615228
numerical-methods-batch-4-v1,standardized-stable,50,standardized,fixed,0.05979182911732108,0.08405440646326737,0.07936833597911344,0.007197791569955021,0.029539661477682645,4.0,0,0.00021537817315346597,true,-3.921826839488599,-3.5723913715831785,-3.304372202521969,0.3023775786822686,-0.9378145005429875
numerical-methods-batch-4-v1,standardized-stable,51,standardized,fixed,0.05941498236863971,0.08368387294679187,0.07916370123100881,0.0070176911634174015,0.02879116627982003,4.0,0,0.000204634748104629,true,-3.9348118132349814,-3.590600813509293,-3.3212186761313336,0.302962080972975,-0.9444922712262771
numerical-methods-batch-4-v1,standardized-stable,52,standardized,fixed,0.05905184259230875,0.08332617579973566,0.078969148765706,0.006844233265748743,0.02807076465366961,4.0,0,0.00019455246530281078,true,-3.947459165933338,-3.6083663580994596,-3.3376268098051844,0.3035094467872209,-0.951039886317768
numerical-methods-batch-4-v1,standardized-stable,53,standardized,fixed,0.058701691258925486,0.08298065464824231,0.0787840674548088,0.0066770643629112374,0.02737693306299509,4.0,0,0.00018508131089720048,true,-3.959781836404311,-3.625703821519877,-3.353613396064891,0.30402169034364934,-0.9574607339911729
numerical-methods-batch-4-v1,standardized-stable,54,standardized,fixed,0.05836385995466968,0.08264669526383438,0.07860789163568985,0.006515855881652671,0.026708257451644738,4.0,0,0.00017617581911895386,true,-3.9717920563149223,-3.642628205774166,-3.3691943098258403,0.3045007070101157,-0.9637580763530254
numerical-methods-batch-4-v1,standardized-stable,55,standardized,fixed,0.05803772604181872,0.08232372553391476,0.07844009704741223,0.006360302014965787,0.026063423526610785,4.0,0,0.00016779458827761995,true,-3.9835014008663934,-3.659153754500623,-3.3843845743245473,0.304948281648761,-0.9699350559380712
numerical-methods-batch-4-v1,standardized-stable,56,standardized,fixed,0.05772270876496381,0.08201121184961893,0.07828019719178674,0.0062101177716124365,0.02544120805986314,4.0,0,0.00015989985562549214,true,-3.9949208350244976,-3.675294004033765,-3.399198421204544,0.3053660962304146,-0.9759947017737005
numerical-methods-batch-4-v1,standardized-stable,57,standardized,fixed,0.05741826575025978,0.08170865586137296,0.07812774006872596,0.006065037223219938,0.024840471086449715,4.0,0,0.00015245712306077852,true,-4.0060607557528645,-3.691061830205006,-3.413649345373292,0.3057557367986724,-0.9819399350485709
numerical-methods-batch-4-v1,standardized-stable,58,standardized,fixed,0.05712388985204763,0.08141559155914863,0.077982305241877,0.00592481192597648,0.02426014889287982,4.0,0,0.00014543482684895026,true,-4.01693103065542,-3.7064694913027876,-3.427750155168569,0.3061186998532429,-0.987773574417088
numerical-methods-batch-4-v1,standardized-stable,59,standardized,fixed,0.05683910630716257,0.08113158264006204,0.07784350119632266,0.005789209496954997,0.02369924770390596,4.0,0,0.00013880404555434434,true,-4.027541033387019,-3.7215286675649573,-3.4415130183090232,0.30645639821307835,-0.9934983409683423
numerical-methods-batch-4-v1,standardized-stable,60,standardized,fixed,0.056563470162348334,0.08085622013079424,0.07771096295510219,0.005658012327663142,0.023156837987819805,4.0,0,0.00013253824122047564,true,-4.03789967615035,-3.736250497534707,-3.454949504048324,0.3067701664121032,-0.9991168628853988
numerical-methods-batch-4-v1,standardized-stable,61,standardized,fixed,0.0562965639445782,0.08058912023645425,0.07758434992555219,0.005531016419619889,0.022632049310652814,4.0,0,0.00012661302954999898,true,-4.048015439561414,-3.750645611575068,-3.468070621904326,0.3070612656738002,-1.0046316798184391
numerical-methods-batch-4-v1,standardized-stable,62,standardized,fixed,0.0560379955478472,0.08032992239105942,0.07746334395011593,0.005408030328653263,0.022124065678479354,4.0,0,0.00012100597543625302,true,-4.0578964001346005,-3.7647241628051127,-3.4808868572928353,0.30733088850531226,-1.010045246993127
numerical-methods-batch-4-v1,standardized-stable,63,standardized,fixed,0.055787396313244204,0.08007828748787442,0.07734764753941042,0.005288874206246649,0.02163212131461291,4.0,0,0.00011569641070550973,true,-4.067550255611028,-3.7784958556930337,-3.493408204359063,0.30758016294691554,-1.015359939073671
numerical-methods-batch-4-v1,standardized-stable,64,standardized,fixed,0.05554441928191569,0.07983389627049148,0.07723698226805065,0.00517337892767176,0.021155496824986873,4.0,0,0.00011066527135977777,true,-4.076984348329745,-3.791969972516618,-3.5056441962678817,0.30781015650858723,-1.0205780537983589
numerical-methods-batch-4-v1,standardized-stable,65,standardized,fixed,0.0553087376029583,0.07959644786782526,0.07713108731607388,0.005061385297868348,0.020693515710687175,4.0,0,0.00010589495197677046,true,-4.086205686820237,-3.805155397879901,-3.517603933185999,0.3080218798218207,-1.0257018154038178
numerical-methods-batch-4-v1,standardized-stable,66,standardized,fixed,0.05508004308038495,0.07936565845817979,0.07702971814084003,0.004952743327091364,0.020245541191473305,4.0,0,0.00010136917523384525,true,-4.095220965776077,-3.8180606414555704,-3.5292961081645084,0.3082162900317495,-1.0307333778528847
numerical-methods-batch-4-v1,standardized-stable,67,standardized,fixed,0.05485804484514033,0.07914126004927004,0.07693264526604891,0.004847311569268987,0.019810973308365353,4.0,0,9.707287479111815e-05,true,-4.104036584553071,-3.83069385910566,-3.540729031108595,0.30839429395195095,-1.0356748278797412
numerical-methods-batch-4-v1,standardized-stable,68,standardized,fixed,0.05464246813973855,0.0789229993625836,0.07683965317605299,0.0047449565168193,0.019389246277075962,4.0,0,9.299208999592745e-05,true,-4.112658664320702,-3.843062872517992,-3.5519106510020233,0.3085567510019559,-1.0405281878648498
numerical-methods-batch-4-v1,standardized-stable,69,standardized,fixed,0.054433053204491474,0.07871063681178055,0.07675053930498565,0.00464555204637609,0.018979826067277175,4.0,0,8.911387106733115e-05,true,-4.121093063982806,-3.855175187482403,-3.562848576537099,0.30870447594543843,-1.0452954185512242
numerical-methods-batch-4-v1,standardized-stable,70,standardized,fixed,0.054229554255515657,0.07850394556597634,0.07666511311139726,0.004548978910489338,0.018582208185504327,4.0,0,8.542619358839487e-05,true,-4.129345394971916,-3.8670380109188556,-3.5735500952858037,0.3088382414452574,-1.0499784216126502
numerical-methods-batch-4-v1,standardized-stable,71,standardized,fixed,0.05403173854577859,0.07830271068975884,0.07658319523011961,0.004455124270905394,0.018195915641957248,4.0,0,8.191788127764887e-05,true,-4.137421035011587,-3.878658266758881,-3.5840221915344754,0.3089587804499362,-1.0545790420836467
numerical-methods-batch-4-v1,standardized-stable,72,standardized,fixed,0.05383938550138422,0.07810672835267317,0.07650461669398012,0.00436388126950582,0.01782049708362176,4.0,0,7.857853613948973e-05,true,-4.145325140931905,-3.8900426107723036,-3.5942715628925805,0.3090667884247676,-1.0590990706601984
numerical-methods-batch-4-v1,standardized-stable,73,standardized,fixed,0.05365228592612666,0.07791580510168575,0.07642921821878013,0.004275148633401063,0.017455525078023025,4.0,0,7.539847519999476e-05,true,-4.153062660615325,-3.901197444422687,-3.6043046357755695,0.30916292543948976,-1.0635402458796062
numerical-methods-batch-4-v1,standardized-stable,74,standardized,fixed,0.05347024126807169,0.07772975719082216,0.07635684954565083,0.004188830311043094,0.017100594533604196,4.0,0,7.236867312929163e-05,true,-4.160638344142762,-3.91212892782733,-3.6141275798524006,0.30924781812337954,-1.0679042561871719
numerical-methods-batch-4-v1,standardized-stable,75,standardized,fixed,0.05329306294257039,0.07754840996277987,0.07628736883551554,0.004104835136546263,0.016755321244172262,4.0,0,6.948071013529455e-05,true,-4.168056754203365,-3.9228429918908074,-3.6237463215399104,0.30932206149762975,-1.0721927418968606
numerical-methods-batch-4-v1,standardized-stable,76,standardized,fixed,0.0531205717066809,0.07737159727784923,0.0762206421109324,0.004023076519692965,0.01641934054618517,4.0,0,6.672672458314655e-05,true,-4.1753222758256605,-3.933345349674909,-3.6331665566186846,0.30938622069400273,-1.0764072970525589
numerical-methods-batch-4-v1,standardized-stable,77,standardized,fixed,0.05295259708048015,0.07719916098595073,0.07615654274107406,0.0039434721593559425,0.016092306078771844,4.0,0,6.409936985833642e-05,true,-4.182439125482521,-3.943641507062319,-3.642393762038327,0.3094408325679701,-1.0805494711960675
numerical-methods-batch-4-v1,standardized-stable,78,standardized,fixed,0.052788976811196965,0.07703095043801712,0.07609495096602792,0.00386594377829506,0.01577388863742375,4.0,0,6.159177504613811e-05,true,-4.189411359617752,-3.9537367727663946,-3.651433206973978,0.30948640721384846,-1.0846207710475235
numerical-methods-batch-4-v1,standardized-stable,79,standardized,fixed,0.05262955637649766,0.0768668220333206,0.07603575345698091,0.003790416877487768,0.015463775113180199,4.0,0,5.919750904700982e-05,true,-4.196242882637911,-3.963636267734916,-3.6602899631904817,0.3095234293888094,-1.088622662103543
numerical-methods-batch-4-v1,standardized-stable,80,standardized,fixed,0.05247418852361143,0.07670663879967907,0.07597884290919106,0.0037168205083314785,0.015161667509950766,4.0,0,5.69105477898485e-05,true,-4.20293745440915,-3.973344933991643,-3.668968914765693,0.3095523598520762,-1.0925565701580042
numerical-methods-batch-4-v1,standardized-stable,81,standardized,fixed,0.052322732841299596,0.07655027000377065,0.07592411766494787,0.0036450870612160565,0.014867282033325806,4.0,0,5.47252442431867e-05,true,-4.2094986972955,-3.982867542955822,-3.6774747672200023,0.30957363662510584,-1.0964238827500452
numerical-methods-batch-4-v1,standardized-stable,82,standardized,fixed,0.05217505536195753,0.0763975907890505,0.07587148136399384,0.0035751520691070316,0.014580348244863876,4.0,0,5.2636300954034265e-05,true,-4.215930102771901,-3.992208703276494,-3.685812056095155,0.30958767617809324,-1.1002259505435397
numerical-methods-batch-4-v1,standardized-stable,83,standardized,fixed,0.05203102819139061,0.07624848183899915,0.07582084261911788,0.003506954024907983,0.014300608276428478,4.0,0,5.063874487595821e-05,true,-4.222235037642496,-4.00137286821544,-3.693985155021841,0.3095948745477142,-1.1039640886420174
numerical-methods-batch-4-v1,standardized-stable,84,standardized,fixed,0.05189052916403371,0.07610282906364504,0.07577211471484722,0.003440434211484778,0.014027816099631671,4.0,0,4.872790427065676e-05,true,-4.228416749892195,-4.010364342609847,-3.7019982833122547,0.30959560839064293,-1.1076395778427328
numerical-methods-batch-4-v1,standardized-stable,85,standardized,fixed,0.05175344152158693,0.07596052330749112,0.07572521532735609,0.003375536543336673,0.013761736845939088,4.0,0,4.689938749113942e-05,true,-4.234478374197221,-4.0191872894433445,-3.7098555131108695,0.30959023597703367,-1.1112536658333336
numerical-methods-batch-4-v1,standardized-stable,86,standardized,fixed,0.051619653613223807,0.07582146007714728,0.07568006626388198,0.003312207418991527,0.01350214617334688,4.0,0,4.5149063474109186e-05,true,-4.2404229371182485,-4.027845736051743,-3.717560776133987,0.3095790981278411,-1.1148075683343557
numerical-methods-batch-4-v1,standardized-stable,87,standardized,fixed,0.05148905861569261,0.075685539287122,0.07563659322009599,0.0032503955832850046,0.013248829675966035,4.0,0,4.347304378599093e-05,true,-4.24625336199789,-4.036343579987811,-3.725117870026166,0.3095625190995655,-1.1183024701905555
numerical-methods-batch-4-v1,standardized-stable,88,standardized,fixed,0.05136155427177965,0.0755526650223657,0.07559472555401199,0.0031900519987580105,0.01300158233314035,4.0,0,4.1867666083994504e-05,true,-4.251972473582541,-4.044684594567507,-3.7325304643594333,0.30954080741974616,-1.121739526413896
numerical-methods-batch-4-v1,standardized-stable,89,standardized,fixed,0.05123704264573726,0.07542274531628,0.07555439607514589,0.0031311297254740258,0.01276020799503237,4.0,0,4.032947886610516e-05,true,-4.257583002387045,-4.052872434118394,-3.7398021062991487,0.30951425667628696,-1.1251198631808237
numerical-methods-batch-4-v1,standardized-stable,90,standardized,fixed,0.05111542989439972,0.0752956919430211,0.07551554084774889,0.003073583808618234,0.012524518901895923,4.0,0,3.885522739699443e-05,true,-4.263087588819205,-4.0609106389494,-3.746936225958543,0.3094831462634763,-1.128444578786299
numerical-methods-batch-4-v1,standardized-stable,91,standardized,fixed,0.05099662605281909,0.07517142022302473,0.07547809900704042,0.003017371173295278,0.012294335234473415,4.0,0,3.744184070847423e-05,true,-4.268488787079863,-4.068802640059653,-3.7539361414622876,0.30944774208736164,-1.1317147445568956
numerical-methods-batch-4-v1,standardized-stable,92,standardized,fixed,0.0508805448333525,0.07504984884077266,0.0754420125874598,0.002962450525991997,0.012069484693181346,4.0,0,3.6086419580610984e-05,true,-4.273789068853093,-4.076551763602813,-3.7608050637378985,0.30940829723295427,-1.1349314057251298
numerical-methods-batch-4-v1,standardized-stable,93,standardized,fixed,0.05076710343722031,0.07493089967390205,0.07540722636203771,0.00290878226221608,0.011849802103968254,4.0,0,3.478622542209264e-05,true,-4.278990826799944,-4.084161235122126,-3.7675461010523796,0.30936505259556757,-1.1380955822670524
numerical-methods-batch-4-v1,standardized-stable,94,standardized,fixed,0.05065622237763718,0.07481449763283507,0.07537368769206536,0.0028563283798624614,0.011635129048864212,4.0,0,3.3538669972354995e-05,true,-4.284096377868202,-4.091634183570321,-3.774162263310226,0.3093182374784357,-1.1412082697050094
numerical-methods-batch-4-v1,standardized-stable,95,standardized,fixed,0.050547825313690134,0.07470057051017308,0.07534134638630674,0.002805052397895983,0.011425313519450097,4.0,0,3.2341305758618044e-05,true,-4.289107966429691,-4.09897364512747,-3.7806564661277244,0.30926807015861413,-1.14427043987736
numerical-methods-batch-4-v1,standardized-stable,96,standardized,fixed,0.0504418388942059,0.07458904883916179,0.07531015456906273,0.0027549192799724365,0.011220209591583772,4.0,0,3.1191817244008435e-05,true,-4.294027767255836,-4.106182566828987,-3.7870315346974106,0.30921475842303014,-1.147283041676832
numerical-methods-batch-4-v1,standardized-stable,97,standardized,fixed,0.05033819261090924,0.07447986576058982,0.07528006655645066,0.0027058953626503176,0.011019677119889435,4.0,0,3.008801261207561e-05,true,-4.298857888341406,-4.1132638100151135,-3.793290207455548,0.3091585000764264,-1.1502470017590978
numerical-methods-batch-4-v1,standardized-stable,98,standardized,fixed,0.05023681866023047,0.07437295689753383,0.07525103874031608,0.002657948287873776,0.010823581450601055,4.0,0,2.90278161345775e-05,true,-4.303600373585685,-4.120220153612421,-3.799435139564584,0.3090994834228284,-1.1531632252230528
numerical-methods-batch-4-v1,standardized-stable,99,standardized,fixed,0.05013765181317009,0.0742682602374101,0.07522302947923888,0.0026110469394319442,0.010631793151495367,4.0,0,2.8009261077197034e-05,true,-4.308257205339634,-4.127054297257168,-3.8054689062216926,0.30903788772205865,-1.1560325962641984
numerical-methods-batch-4-v1,standardized-stable,100,standardized,fixed,0.05004062929267472,0.07416571602083434,0.0751959989961391,0.0025651613831233367,0.010444187757727734,4.0,0,2.7030483099779734e-05,true,-4.312830306827033,-4.1337688642696575,-3.8113940058037596,0.3089738836227237,-1.1588559788024446
numerical-methods-batch-4-v1,standardized-stable,101,standardized,fixed,0.0499456906580205,0.07406526663683066,0.07516990928202658,0.002520262810374712,0.01026064553249348,4.0,0,2.608971411252603e-05,true,-4.317321544447042,-4.140366404488144,-3.8172128628584248,0.308907633573009,-1.1616342170855731
numerical-methods-batch-4-v1,standardized-stable,102,standardized,fixed,0.04985277769573855,0.07396685652396573,0.07514472400547387,0.002476323485083122,0.01008105124149891,4.0,0,2.5185276552708302e-05,true,-4.3217327299651,-4.146849396970254,-3.822927830950171,0.30883929221053097,-1.16436813626953
numerical-methods-batch-4-v1,standardized-stable,103,standardized,fixed,0.04976183431665227,0.07387043207701605,0.07512040842742441,0.0024333166934674827,0.009905293940332318,4.0,0,2.4315578049452502e-05,true,-4.326065622598621,-4.153220252569368,-3.8285411953698243,0.3087690067324194,-1.1670585429766513
numerical-methods-batch-4-v1,standardized-stable,104,standardized,fixed,0.04967280645862814,0.07377594155880583,0.07509692932097745,0.0023912166967319085,0.009733266773869952,4.0,0,2.3479106446969156e-05,true,-4.330321931003514,-4.159481316392928,-3.834055175715278,0.30869691724672843,-1.1697062258328619
numerical-methods-batch-4-v1,standardized-stable,105,standardized,fixed,0.04958564199467165,0.07368333501688122,0.07507425489581822,0.002349998686357963,0.00956486678692793,4.0,0,2.2674425159227574e-05,true,-4.3345033151671455,-4.165634870149165,-3.839471928350734,0.308623157106207,-1.1723119559848276
numerical-methods-batch-4-v1,standardized-stable,106,standardized,fixed,0.049500290646026485,0.07359256420470887,0.07505235472698717,0.002309638741856362,0.009399994745431529,4.0,0,2.1900168831051614e-05,true,-4.338611388213015,-4.171683134388353,-3.844793548751281,0.30854785322539807,-1.174876487597993
numerical-methods-batch-4-v1,standardized-stable,107,standardized,fixed,0.049416703899960446,0.07350358250711271,0.0750311996877041,0.002270113790821074,0.009238554967425566,4.0,0,2.115503928307172e-05,true,-4.342647718122043,-4.17762827064429,-3.850022073739181,0.3084711263819742,-1.1774005583363767
numerical-methods-batch-4-v1,standardized-stable,108,standardized,fixed,0.04933483493194389,0.07341634486968027,0.07501076188598448,0.0022314015711402025,0.009080455163284382,4.0,0,2.0437801719619397e-05,true,-4.346613829375079,-4.183472383481345,-3.8551594836178324,0.30839309150316574,-1.1798848898249568
numerical-methods-batch-4-v1,standardized-stable,109,standardized,fixed,0.0492546385319479,0.07333080773189267,0.07499101460480431,0.002193480595228378,0.008925606284560331,4.0,0,1.9747281180163e-05,true,-4.350511204520927,-4.189217522452089,-3.8602077042089866,0.30831385793808325,-1.1823301880954271
numerical-methods-batch-4-v1,standardized-stable,110,standardized,fixed,0.049176071034608256,0.07324692896374636,0.07497193224558724,0.0021563301161551555,0.00877392238091346,4.0,0,1.908235921707635e-05,true,-4.354341285673928,-4.194865683970211,-3.86516860879846,0.30823352971669093,-1.18473714401607
numerical-methods-batch-4-v1,standardized-stable,111,standardized,fixed,0.04909909025301948,0.07316466780565418,0.07495349027480414,0.0021199300955526195,0.008625320464620218,4.0,0,1.8441970783100725e-05,true,-4.358105475944866,-4.200418813103139,-3.8700440199952344,0.3081522057961413,-1.187106433706445
numerical-methods-batch-4-v1,standardized-stable,112,standardized,fixed,0.04902365541593933,0.07308398481142596,0.07493566517349025,0.0020842611731936673,0.008479720382210787,4.0,0,1.7825101313886926e-05,true,-4.361805140808761,-4.205878805288498,-3.8748357115085583,0.30806998029514077,-1.1894387189375604
numerical-methods-batch-4-v1,standardized-stable,113,standardized,fixed,0.04894972710819919,0.07300484179414377,0.07491843438949845,0.0020493046381399177,0.008337044692774532,4.0,0,1.7230783991795118e-05,true,-4.365441609412849,-4.211247507978326,-3.8795454098473523,0.3079869427169767,-1.191734647518159
numerical-methods-batch-4-v1,standardized-stable,114,standardized,fixed,0.04887726721412998,0.0729272017747594,0.07490177629232025,0.0020150424013651224,0.008197218552559919,4.0,0,1.6658097178198772e-05,true,-4.3690161758279,-4.216526722214687,-3.8841747959459867,0.30790317816179885,-1.193994853667715
numerical-methods-batch-4-v1,standardized-stable,115,standardized,fixed,0.04880623886382595,0.07285102893325339,0.07488567013031752,0.0019814569697663965,0.008060169605460415,4.0,0,1.6106162002732516e-05,true,-4.3725301002457835,-4.22171820414015,-3.88872550672023,0.3078187675287165,-1.196219958376709
numerical-methods-batch-4-v1,standardized-stable,116,standardized,fixed,0.048736606382080674,0.07277628856220543,0.07487009599021884,0.0019485314214814776,0.007925827879065666,4.0,0,1.557414009868696e-05,true,-4.375984610126053,-4.226823666446374,-3.8931991365569574,0.3077337877082378,-1.198410569754722
numerical-methods-batch-4-v1,standardized-stable,117,standardized,fixed,0.04866833523984027,0.07270294702263674,0.07485503475874425,0.001916249382435726,0.007794125685925917,4.0,0,1.5061231474586267e-05,true,-4.379380901294141,-4.23184477976385,-3.89759723874098,0.30764831176554963,-1.2005672833668555
numerical-methods-batch-4-v1,standardized-stable,118,standardized,fixed,0.048601392008029855,0.0726309717019935,0.07484046808623163,0.0018845950040475927,0.00766499752974325,4.0,0,1.4566672512622558e-05,true,-4.382720138993606,-4.236783173995693,-3.901921326822174,0.3075624091151082,-1.2026906825589667
numerical-methods-batch-4-v1,standardized-stable,119,standardized,fixed,0.0485357443136177,0.07256033097414945,0.07482637835214614,0.0018535529420260451,0.0075383800161902825,4.0,0,1.4089734085481753e-05,true,-4.386003458894721,-4.2416404395982,-3.9061728759258854,0.30747614568698317,-1.2047813387721793
numerical-methods-batch-4-v1,standardized-stable,120,standardized,fixed,0.048471360797790825,0.07249099416131352,0.07481274863236179,0.0018231083361977037,0.007414211768103992,4.0,0,1.362971978435823e-05,true,-4.389231968061584,-4.246418128810724,-3.9103533240094315,0.30738958408537476,-1.2068398118471073
numerical-methods-batch-4-v1,standardized-stable,121,standardized,fixed,0.048408211076124315,0.07242293149773603,0.0747995626681127,0.001793246791305544,0.007292433344790576,4.0,0,1.318596424908225e-05,true,-4.392406745879778,-4.251117756837306,-3.9144640730673443,0.30730278373969877,-1.20886665031821
numerical-methods-batch-4-v1,standardized-stable,122,standardized,fixed,0.048346265700632905,0.07235611409511325,0.07478680483651665,0.0017639543587246865,0.007172987165222331,4.0,0,1.2757831596058034e-05,true,-4.395528844946508,-4.255740802982331,-3.918506490287857,0.30721580104861373,-1.2108623916986745
numerical-methods-batch-4-v1,standardized-stable,123,standardized,fixed,0.048285496123601925,0.07229051390959695,0.07477446012258117,0.001735217519044338,0.007055817434898729,4.0,0,1.2344713935477647e-05,true,-4.398599291925037,-4.260288711742371,-3.9224819091629914,0.3071286895173436,-1.212827562756205
numerical-methods-batch-4-v1,standardized-stable,124,standardized,fixed,0.048225874663099924,0.07222610371032163,0.07476251409260774,0.0017070231654680785,0.0069408700761774715,4.0,0,1.194602997342531e-05,true,-4.401619088365121,-4.264762893856272,-3.926391630554478,0.3070414998886296,-1.2147626797800768
numerical-methods-batch-4-v1,standardized-stable,125,standardized,fixed,0.04816737447008205,0.0721628570493668,0.07475095286891467,0.0016793585879877949,0.006828092661872214,4.0,0,1.1561223693071221e-05,true,-4.404589211491074,-4.269164727315385,-3.9302369237176027,0.3069542802676277,-1.2166682488397973
numerical-methods-batch-4-v1,standardized-stable,126,standardized,fixed,0.04810996949699877,0.07210074823307755,0.0747397631058052,0.0016522114582892215,0.00671743435195128,4.0,0,1.1189763109473172e-05,true,-4.407510614958989,-4.273495558335793,-3.9340190272849727,0.30686707624105036,-1.2185447660357043
numerical-methods-batch-4-v1,standardized-stable,127,standardized,fixed,0.048053634467829356,0.0720397522946709,0.07472893196671093,0.0016255698153497438,0.006608845833156685,4.0,0,1.0831139094266695e-05,true,-4.410384229584549,-4.277756702294249,-3.93773915021208,0.3067799309908356,-1.2203927177418077
numerical-methods-batch-4-v1,standardized-stable,128,standardized,fixed,0.04799834484946513,0.07197984496806016,0.07471844710244603,0.0015994220516914624,0.006502279261399197,4.0,0,1.0484864264900806e-05,true,-4.413210964042815,-4.281949444629461,-3.9413984726864353,0.3066928854026117,-1.2222125808411761
numerical-methods-batch-4-v1,standardized-stable,129,standardized,fixed,0.04794407682437136,0.07192100266283384,0.07470829663051083,0.001573756900254803,0.006397688206765808,4.0,0,1.015047193519969e-05,true,-4.415991705541259,-4.286075041710284,-3.944998147001952,0.30660597816920976,-1.2240048229541494
numerical-methods-batch-4-v1,standardized-stable,130,standardized,fixed,0.04789080726446122,0.07186320244032805,0.07469846911538788,0.0015485634218600599,0.006295027601019051,4.0,0,9.827515122948216e-06,true,-4.418727320467294,-4.290134721672274,-3.9485392984001777,0.3065192458894668,-1.2257699026596474
numerical-methods-batch-4-v1,standardized-stable,131,standardized,fixed,0.047838513706119266,0.07180642199073743,0.07468895354977659,0.001523830993226098,0.006194253687440393,4.0,0,9.515565611295518e-06,true,-4.42141865501143,-4.29412968522401,-3.95202302587987,0.3064327231625443,-1.2275082697098343
numerical-methods-batch-4-v1,standardized-stable,132,standardized,fixed,0.047787174326315435,0.07175063961121028,0.07467973933671603,0.0014995492955174846,0.006095323972904683,4.0,0,9.214213060562693e-06,true,-4.424066535767178,-4.2980611064244965,-3.955450402976349,0.30634644267798034,-1.229220365238385
numerical-methods-batch-4-v1,standardized-stable,133,standardized,fixed,0.04773676791975389,0.07169583418487892,0.07467081627254848,0.0014757083033927797,0.005998197182070089,4.0,0,8.923064167540296e-06,true,-4.4266717703087295,-4.301930133432906,-3.9588224785119794,0.3062604353016783,-1.2309066219625888
numerical-methods-batch-4-v1,standardized-stable,134,standardized,fixed,0.04768727387700463,0.07164198516077733,0.07466217453067911,0.0014522982745284808,0.005902833213571053,4.0,0,8.641741869375164e-06,true,-4.4292351477474,-4.30573788923185,-3.9621402773190586,0.30617473015802676,-1.2325674643795141
numerical-methods-batch-4-v1,standardized-stable,135,standardized,fixed,0.047638672163568443,0.07158907253460262,0.07465380464608985,0.0014293097395944746,0.005809193098114039,4.0,0,8.369884589257137e-06,true,-4.431757439267776,-4.3094854723253055,-3.9654048009363336,0.3060893547083347,-1.234203308956454
numerical-methods-batch-4-v1,standardized-stable,136,standardized,fixed,0.04759094329982879,0.07153707683027787,0.07464569750056811,0.0014067334926583842,0.005717238958378166,4.0,0,8.107145521740744e-06,true,-4.434239398644444,-4.313173957412281,-3.968617028280296,0.3060043348257559,-1.2358145643158531
numerical-methods-batch-4-v1,standardized-stable,137,standardized,fixed,0.0475440683418467,0.07148597908227702,0.07463784430861295,0.001384560581997311,0.005626933970633202,4.0,0,7.853191955162209e-06,true,-4.436681762740159,-4.316804396037227,-3.9717779162923508,0.30591969486686904,-1.237401631414918
numerical-methods-batch-4-v1,standardized-stable,138,standardized,fixed,0.047498028862957446,0.07143576081867527,0.07463023660398407,0.001362782301296879,0.0055382423279888805,4.0,0,7.607704628875833e-06,true,-4.439085251986236,-4.3203778172181835,-3.9748884005629024,0.30583545774007015,-1.2389649037200956
numerical-methods-batch-4-v1,standardized-stable,139,standardized,fixed,0.04745280693612988,0.07138640404488865,0.07462286622686035,0.0013413901812184689,0.005451129205187399,4.0,0,7.370377123727678e-06,true,-4.4414505708459355,-4.323895228053563,-3.977949395933341,0.30575164497092666,-1.2405047673766032
numerical-methods-batch-4-v1,standardized-stable,140,standardized,fixed,0.04740838511705145,0.0713378912280709,0.07461572531157692,0.0013203759813166785,0.005365560724873849,4.0,0,7.140915283421201e-06,true,-4.443778408261566,-4.327357614308468,-3.980961797076872,0.3056682767646351,-1.242021601373182
numerical-methods-batch-4-v1,standardized-stable,141,standardized,fixed,0.047364746427904225,0.07129020528213534,0.07460880627491175,0.0012997316822900861,0.00528150392526689,4.0,0,6.9190366651789015e-06,true,-4.446069438085979,-4.330765940981371,-3.9839264790590794,0.3055853720657173,-1.243515777702239
numerical-methods-batch-4-v1,standardized-stable,142,standardized,fixed,0.04732187434179889,0.07124332955337297,0.0746021018048936,0.0012794494785491912,0.005198926729160371,4.0,0,6.7044700181456696e-06,true,-4.448324319499123,-4.334121152851947,-3.9868442978790735,0.3055029486150823,-1.2449876615155389
numerical-methods-batch-4-v1,standardized-stable,143,standardized,fixed,0.0472797527678356,0.07119724780663768,0.07459560485010588,0.0012595217710864078,0.005117797914197021,4.0,0,6.496954787715836e-06,true,-4.450543697410271,-4.3374241750108355,-3.989716090992028,0.3054210230045766,-1.246437611275595
numerical-methods-batch-4-v1,standardized-stable,144,standardized,fixed,0.047238366036762076,0.07115194421207341,0.07458930860946122,0.0012399411606338103,0.0050380870843457345,4.0,0,6.296240644659834e-06,true,-4.452728202846513,-4.340675913372031,-3.992542677813878,0.3053396107291369,-1.247865978902908
numerical-methods-batch-4-v1,standardized-stable,145,standardized,fixed,0.04719769888720128,0.07110740333235704,0.07458320652242376,0.0012207004410949695,0.004959764642535559,4.0,0,6.1020870374683955e-06,true,-4.454878453328082,-4.3438772551686125,-3.9953248602089086,0.30525872623665706,-1.2492731099191903
numerical-methods-batch-4-v1,standardized-stable,146,standardized,fixed,0.047157736452422196,0.0710636101104341,0.07457729225965738,0.0012017925932381898,0.0048828017643800905,4.0,0,5.914262766373857e-06,true,-4.456995053231032,-4.347029069432452,-3.998063422960931,0.3051783829756722,-1.2506593435867128
numerical-methods-batch-4-v1,standardized-stable,147,standardized,fixed,0.047118464247628535,0.07102054985772417,0.0745715597140787,0.0011832107786388618,0.0048071703729529475,4.0,0,5.732545578687742e-06,true,-4.459078594137813,-4.350132207458542,-4.000759134228714,0.3050985934409596,-1.2520250130439017
numerical-methods-batch-4-v1,standardized-stable,148,standardized,fixed,0.04707986815774182,0.07097820824277519,0.07456600299229534,0.001164948333859517,0.004732843114555468,4.0,0,5.5567217833590865e-06,true,-4.4611296551761885,-4.353187503254535,-4.003412745986295,0.3050193692171521,-1.253370445437309
numerical-methods-batch-4-v1,standardized-stable,149,standardized,fixed,0.04704193442565656,0.07093657128034613,0.07456061640641128,0.0011469987648565984,0.004659793335437586,4.0,0,5.386585884059603e-06,true,-4.4631488033469955,-4.356195773976057,-4.006024994448785,0.3049407210204526,-1.2546959620500773
numerical-methods-batch-4-v1,standardized-stable,150,standardized,fixed,0.047004649640945716,0.07089562532089906,0.07455539446618101,0.001129355741603764,0.00458799505942656,4.0,0,5.22194023026834e-06,true,-4.465136593841163,-4.35915782034836,-4.008596600484231,0.3048626587385357,-1.256001878427012
numerical-methods-batch-4-v1,standardized-stable,151,standardized,fixed,0.04696800072899691,0.07085535704048246,0.07455033187149654,0.0011120130929217326,0.004517422966414648,4.0,0,5.062594684468458e-06,true,-4.467093570346429,-4.362074427074808,-4.011128270012096,0.3047851914687184,-1.2572885044963702
numerical-methods-batch-4-v1,standardized-stable,152,standardized,fixed,0.04693197494055956,0.07081575343098837,0.07454542350519103,0.001094964801505558,0.004448052371687119,4.0,0,4.908366305511613e-06,true,-4.469020265344151,-4.3649463632327254,-4.013620694388867,0.3047083275544772,-1.258556144688474
numerical-methods-batch-4-v1,standardized-stable,153,standardized,fixed,0.04689655984168531,0.07077680179076715,0.07454066442614433,0.0010782049991404142,0.004379859206022077,4.0,0,4.759079046692816e-06,true,-4.470917200396594,-4.367774382657045,-4.0160745507813065,0.304632074620385,-1.2598050980512479
numerical-methods-batch-4-v1,standardized-stable,154,standardized,fixed,0.046861743304044044,0.07073848971558429,0.07453604986267647,0.0010617279620975754,0.004312819996561736,4.0,0,4.614563467869592e-06,true,-4.472784886425067,-4.3705592243122515,-4.0184905025278095,0.30455643960553935,-1.2610356583627782
numerical-methods-batch-4-v1,standardized-stable,155,standardized,fixed,0.04682751349559939,0.0707008050899046,0.07453157520621517,0.001045528106702636,0.004246911848390247,4.0,0,4.4746564612924145e-06,true,-4.474623823979259,-4.373301612653014,-4.020869199488333,0.30448142879554774,-1.2622481142409903
numerical-methods-batch-4-v1,standardized-stable,156,standardized,fixed,0.04679385887162793,0.07066373607848947,0.0745272360052254,0.0010295999850684153,0.00418211242681015,4.0,0,4.339200989772474e-06,true,-4.476434503498101,-4.37600225797396,-4.023211278383324,0.304407047853135,-1.263442749250531
numerical-methods-batch-4-v1,standardized-stable,157,standardized,fixed,0.046760768166067376,0.0706272711182942,0.07452302795938825,0.0010139382809854092,0.00411839994027366,4.0,0,4.20804583714518e-06,true,-4.478217405562488,-4.378661856748961,-4.025517363122076,0.30433330184743285,-1.2646198420069454
numerical-methods-batch-4-v1,standardized-stable,158,standardized,fixed,0.04672823038317959,0.07059139891065239,0.07451894691401816,0.0009985378059629846,0.004055753123942025,4.0,0,4.0810453700995675e-06,true,-4.479973001140157,-4.381281091960323,-4.027788065120891,0.30426019528201037,-1.2657796662782324
numerical-methods-batch-4-v1,standardized-stable,159,standardized,fixed,0.046696234789515054,0.0705561084137357,0.07451498885470732,0.0009833934954147816,0.003994151223851637,4.0,0,3.958059310832374e-06,true,-4.481701751823012,-4.38386063341825,-4.030023983611447,0.30418773212169986,-1.2669224910838557
numerical-methods-batch-4-v1,standardized-stable,160,standardized,fixed,0.04666477090616617,0.07052138883527716,0.07451114990218752,0.0009685004049822536,0.003933573981659115,4.0,0,3.83895251980515e-06,true,-4.4834041100571955,-4.386401138070913,-4.032225705939728,0.3041159158182717,-1.2680485807912942
numerical-methods-batch-4-v1,standardized-stable,161,standardized,fixed,0.04663382850129685,0.07048722962554722,0.07450742630739864,0.0009538537069904032,0.003874001619929044,4.0,0,3.7235947888819565e-06,true,-4.485080519366143,-4.388903250305481,-4.034393807855858,0.30404474933500775,-1.269158195210201
numerical-methods-batch-4-v1,standardized-stable,162,standardized,fixed,0.046603397582937474,0.0704536204705723,0.07450381444675577,0.0009394486870302638,0.003815414827961071,4.0,0,3.6118606428631184e-06,true,-4.486731414566902,-4.391367602240416,-4.03652885379518,0.30397423517022226,-1.2702515896842452
numerical-methods-batch-4-v1,standardized-stable,163,standardized,fixed,0.04657346839203352,0.07042055128558547,0.07450031081760504,0.0009252807406626121,0.0037577947481209624,4.0,0,3.503629150733434e-06,true,-4.488357221979958,-4.393794814009344,-4.0386313971509,0.3039043753797747,-1.2713290151807088
numerical-methods-batch-4-v1,standardized-stable,164,standardized,fixed,0.04654403139573809,0.07038801220870045,0.07449691203386051,0.0009113453702381352,0.0037011229626504314,4.0,0,3.398783744529288e-06,true,-4.489958359632784,-4.396185494036807,-4.0407019805385955,0.3038351715986198,-1.2723907183778997
numerical-methods-batch-4-v1,standardized-stable,165,standardized,fixed,0.04651507728093756,0.07035599359479931,0.07449361482181358,0.0008976381818289987,0.0036453814809523943,4.0,0,3.2972120469348942e-06,true,-4.491535237457367,-4.398540239306159,-4.04274113605288,0.3037666250614347,-1.273436941750452
numerical-methods-batch-4-v1,standardized-stable,166,standardized,fixed,0.046486596948001724,0.07032448600962575,0.07449041601610798,0.0008841548822673415,0.0035905527273163373,4.0,0,3.1988057055953867e-06,true,-4.493088257481905,-4.400859635619895,-4.044749385516516,0.30369873662236513,-1.274467923652571
numerical-methods-batch-4-v1,standardized-stable,167,standardized,fixed,0.04645858150474838,0.0702934802240755,0.07448731255587235,0.0008708912762863714,0.003536619529068945,4.0,0,3.103460235631683e-06,true,-4.494617814016887,-4.403144257852662,-4.046727240722225,0.303631506773926,-1.2754838983992862
numerical-methods-batch-4-v1,standardized-stable,168,standardized,fixed,0.046431022260614754,0.07026296720867604,0.0744843014810044,0.0008578432637597692,0.0034835651051454545,4.0,0,3.011074867942387e-06,true,-4.496124293835761,-4.405394670197204,-4.048675203667477,0.3035649356650951,-1.2764850963457683
numerical-methods-batch-4-v1,standardized-stable,169,standardized,fixed,0.04640391072102638,0.07023293812824837,0.07448137992859923,0.0008450068370355609,0.0034313730550394,4.0,0,2.9215524051801056e-06,true,-4.497608076350378,-4.40761142640348,-4.0505937667824785,0.30349902311863336,-1.2774717439647683
numerical-methods-batch-4-v1,standardized-stable,170,standardized,fixed,0.04637723858195672,0.07020338433674349,0.07447854512951649,0.0008323780783605556,0.0033800273481422293,4.0,0,2.834799082737649e-06,true,-4.4990695337813795,-4.409795070011187,-4.052483413151623,0.30343376864766425,-1.2784440639222299
numerical-methods-batch-4-v1,standardized-stable,171,standardized,fixed,0.046350997724668934,0.0701742973722471,0.07447579440507959,0.00081995315739184,0.0033295123134427333,4.0,0,2.750724436895169e-06,true,-4.5005090313237295,-4.411946134575909,-4.054344616728606,0.30336917147154524,-1.2794022751511316
numerical-methods-batch-4-v1,standardized-stable,172,standardized,fixed,0.046325180210633324,0.07014566895214545,0.07447312516390206,0.000807728328791798,0.0032798126295672772,4.0,0,2.669241177533088e-06,true,-4.501926927307536,-4.414065143889096,-4.056177842545445,0.3033052305310604,-1.2803465929236044
numerical-methods-batch-4-v1,standardized-stable,173,standardized,fixed,0.04629977827661331,0.07011749096844691,0.07447053489883505,0.0007956999299033933,0.0032309133151673225,4.0,0,2.5902650670067695e-06,true,-4.503323573354335,-4.41615261219209,-4.057983546915595,0.30324194450296327,-1.2812772289213774
numerical-methods-batch-4-v1,standardized-stable,174,standardized,fixed,0.046274784329913506,0.07008975548325268,0.07446802118403154,0.0007838643785025798,0.0031827997196138694,4.0,0,2.513714803517586e-06,true,-4.504699314528988,-4.4182090443843824,-4.059762177631373,0.30317931181389784,-1.2821943913045966
numerical-methods-batch-4-v1,standardized-stable,175,standardized,fixed,0.04625019094378345,0.07006245472437139,0.0744655816721216,0.0007722181706247997,0.0031354575140105276,4.0,0,2.4395119099379636e-06,true,-4.506054489487346,-4.420234936226295,-4.061514174155877,0.3031173306537236,-1.2830982847790628
numerical-methods-batch-4-v1,standardized-stable,176,standardized,fixed,0.04622599085297117,0.07003558108107184,0.07446321409149462,0.0007607578784627606,0.00308887268249957,4.0,0,2.3675806269801702e-06,true,-4.50738943061981,-4.4222307745362714,-4.063239967809592,0.30305599898826996,-1.2839891106619332
numerical-methods-batch-4-v1,standardized-stable,177,standardized,fixed,0.04620217694942083,0.07000912709996898,0.07446091624368396,0.0007494801483326574,0.003043031513851028,4.0,0,2.2978478106533418e-06,true,-4.50870446419094,-4.42419703738294,-4.064939981951846,0.30299531457154416,-1.2848670669459283
numerical-methods-batch-4-v1,standardized-stable,178,standardized,fixed,0.04617874227810893,0.06998308548103807,0.07445868600084948,0.0007383816987063281,0.0029979205933301075,4.0,0,2.230242834480589e-06,true,-4.509999910475238,-4.426134194272129,-4.066614632157311,0.3029352749574154,-1.285732348362086
numerical-methods-batch-4-v1,standardized-stable,179,standardized,fixed,0.04615568003301383,0.06995744907375231,0.07445652130335431,0.0007274593183067063,0.0029535267948253333,4.0,0,2.1646974951716746e-06,true,-4.511276083889233,-4.428042706328991,-4.068264326387688,0.3028758775107977,-1.2865851464411016
numerical-methods-batch-4-v1,standardized-stable,180,standardized,fixed,0.046132983553213665,0.06993221087333899,0.07445442015743169,0.000716709864264301,0.0029098372732264395,4.0,0,2.101145922625558e-06,true,-4.512533293119979,-4.429923026475382,-4.069889465158749,0.3028171194183518,-1.2874256495732945
numerical-methods-batch-4-v1,standardized-stable,181,standardized,fixed,0.04611064631910782,0.06990736401715078,0.07445238063293853,0.0007061302603323078,0.002866839457057097,4.0,0,2.039524493152589e-06,true,-4.513771841250105,-4.431775599602663,-4.071490441702887,0.30275899769872716,-1.2882540430672365
numerical-methods-batch-4-v1,standardized-stable,182,standardized,fixed,0.04608866194875721,0.069882901781147,0.07445040086119162,0.00069571749515824,0.002824521041329037,4.0,0,1.9797717469155485e-06,true,-4.514992025879506,-4.433600862740048,-4.073067642127316,0.30270150921236205,-1.2890705092070776
numerical-methods-batch-4-v1,standardized-stable,183,standardized,fixed,0.04606702419433928,0.069858817576481,0.07444847903288382,0.000685468620609866,0.0027828699806334233,4.0,0,1.9218283077993004e-06,true,-4.516194139243801,-4.435399245218657,-4.074621445568055,0.30264465067086155,-1.2898752273086072
numerical-methods-batch-4-v1,standardized-stable,184,standardized,fixed,0.046045726938713324,0.06983510494619084,0.07444661339607646,0.0006753807501535644,0.0027418744824394183,4.0,0,1.8656368073605156e-06,true,-4.5173784683296505,-4.437171168831389,-4.076152224339854,0.30258841864596986,-1.2906683737740807
numerical-methods-batch-4-v1,standardized-stable,185,standardized,fixed,0.046024764192092,0.06981175756198815,0.07444480225426511,0.0006654510572831004,0.0027015230006139732,4.0,0,1.8111418113447852e-06,true,-4.518545294987043,-4.438917047988753,-4.077660344082163,0.30253280957815476,-1.2914501221458474
numerical-methods-batch-4-v1,standardized-stable,186,standardized,fixed,0.04600413008881543,0.06978876922114281,0.07444304396451597,0.0006556767739969632,0.0026618042291319498,4.0,0,1.758289749145825e-06,true,-4.519694896038638,-4.440637289870785,-4.079146163901291,0.3024778197848193,-1.2922206431588084
numerical-methods-batch-4-v1,standardized-stable,187,standardized,fixed,0.04598381888422399,0.06976613384345924,0.0744413369356695,0.0006460551893225574,0.00262270709598823,4.0,0,1.7070288464704486e-06,true,-4.520827543386265,-4.442332294575156,-4.08061003650887,0.3024234454681573,-1.2929801047917377
numerical-methods-batch-4-v1,standardized-stable,188,standardized,fixed,0.04596382495162629,0.0697438454683419,0.07443967962660938,0.0006365836478855031,0.0025842207572901975,4.0,0,1.6573090601129659e-06,true,-4.521943504114662,-4.444002455261602,-4.082052308356723,0.3023696827226666,-1.2937286723174959
numerical-methods-batch-4-v1,standardized-stable,189,standardized,fixed,0.045944142779358974,0.06972189825194607,0.07443807054459367,0.0006272595485224149,0.002546334591541745,4.0,0,1.6090820157133034e-06,true,-4.523043040592554,-4.445648158292778,-4.083473319768288,0.30231652754233457,-1.2944665083521623
numerical-methods-batch-4-v1,standardized-stable,190,standardized,fixed,0.04592476696793499,0.06970028646441162,0.07443650824364578,0.0006180803429356549,0.0025090381940892567,4.0,0,1.5623009478882288e-06,true,-4.52412641057113,-4.447269783371645,-4.084873405066654,0.30226397582750913,-1.2951937729031178
numerical-methods-batch-4-v1,standardized-stable,191,standardized,fixed,0.045905692227277264,0.06967900448717629,0.07443499132300319,0.0006090435343885176,0.0024723213717427065,4.0,0,1.5169206425968973e-06,true,-4.525193867280023,-4.448867703675492,-4.0862528926993615,0.30221202339146896,-1.2959106234161022
numerical-methods-batch-4-v1,standardized-stable,192,standardized,fixed,0.0458869133740349,0.06965804681036647,0.07443351842562147,0.0006001466764394143,0.0024361741375540998,4.0,0,1.4728973817129676e-06,true,-4.526245659520853,-4.450442285986695,-4.08761210536003,0.30216066596670454,-1.296617214821275
numerical-methods-batch-4-v1,standardized-stable,193,standardized,fixed,0.04586842532897861,0.0696374080302621,0.0744320882367314,0.0005913873717137247,0.002400586705757829,4.0,0,1.4301888900669635e-06,true,-4.527282031758421,-4.451993890820308,-4.088951360106934,0.3021098992109222,-1.2973136995783003
numerical-methods-batch-4-v1,standardized-stable,194,standardized,fixed,0.045850223114473176,0.06961708284683353,0.07443069948244732,0.0005827632707119505,0.0023655494868549424,4.0,0,1.3887542840845812e-06,true,-4.528303224209609,-4.453522872548582,-4.090270968478608,0.30205971871278264,-1.2980002277204878
numerical-methods-batch-4-v1,standardized-stable,195,standardized,fixed,0.045832301852023714,0.06959706606134827,0.07442935092842448,0.00057427207065293,0.002331053082847492,4.0,0,1.348554022839732e-06,true,-4.529309472930074,-4.4550295795224955,-4.091571236606567,0.3020101199973852,-1.2986769468980057
numerical-methods-batch-4-v1,standardized-stable,196,standardized,fixed,0.04581465675989371,0.06957735257404431,0.07442804137856385,0.0005659115143508532,0.0022970882826117557,4.0,0,1.3095498606341405e-06,true,-4.530301009898789,-4.456514354190383,-4.092852465325252,0.301961098531507,-1.2993440024201959
numerical-methods-batch-4-v1,standardized-stable,197,standardized,fixed,0.04579728315079188,0.06955793738186872,0.07442676967376217,0.0005576793891250325,0.002263646057403369,4.0,0,1.2717048016724908e-06,true,-4.5312780631004985,-4.457977533213756,-4.094114950279246,0.3019126497286091,-1.300001537297008
numerical-methods-batch-4-v1,standardized-stable,198,standardized,fixed,0.045780176429625966,0.06953881557627917,0.07442553469070601,0.0005495735257411221,0.0022307175565003286,4.0,0,1.2349830561669828e-06,true,-4.532240856606156,-4.459419447580385,-4.0953589820278795,0.3018647689536174,-1.3006496922795787
numerical-methods-batch-4-v1,standardized-stable,199,standardized,fixed,0.04576333209132086,0.06951998234110567,0.07442433534070758,0.0005415917973828974,0.0021982941029643145,4.0,0,1.1993499984264133e-06,true,-4.533189610651392,-4.460840422714723,-4.096584846147277,0.30181745152748835,-1.3012886058999746
numerical-methods-batch-4-v1,standardized-stable,200,standardized,fixed,0.045746745718698925,0.06950143295047138,0.07442317056858118,0.0005337321186533845,0.002166367189531664,4.0,0,1.1647721264024247e-06,true,-4.534124541713089,-4.4622407785857545,-4.09779282332993,0.30177069273156815,-1.301918414510121
numerical-methods-batch-4-v1,standardized-stable,201,standardized,fixed,0.04573041298042071,0.06948316276677005,0.07442203935155864,0.0005259924446045198,0.0021349284746137683,4.0,0,1.1312170225402651e-06,true,-4.535045862584095,-4.463620829812329,-4.098983189481871,0.301724487811754,-1.3025392523199346
numerical-methods-batch-4-v1,standardized-stable,202,standardized,fixed,0.045714329628983676,0.06946516723869849,0.07442094069824222,0.0005183707697942266,0.0021039697784180716,4.0,0,1.0986533164197843e-06,true,-4.5359537824461515,-4.46498088576606,-4.100156215817509,0.3016788319824653,-1.3031512514346812
numerical-methods-batch-4-v1,standardized-stable,203,standardized,fixed,0.04569849149877715,0.06944744189934197,0.07441987364759348,0.0005108651273700959,0.0020734830791769776,4.0,0,1.0670506487425735e-06,true,-4.536848506941073,-4.466321250671859,-4.101312168952205,0.30163372043043296,-1.303754541891578
numerical-methods-batch-4-v1,standardized-stable,204,standardized,fixed,0.04568289450419173,0.06942998236431143,0.07441883726795699,0.0005034735881787389,0.002043460509480002,4.0,0,1.036379636484841e-06,true,-4.537730238240237,-4.467642223706153,-4.102451310992648,0.30158914831831324,-1.3043492516956543
numerical-methods-batch-4-v1,standardized-stable,205,standardized,fixed,0.04566753463778123,0.06941278432992994,0.07441783065611761,0.0004961942598999777,0.002013894352715153,4.0,0,1.006611839382554e-06,true,-4.53859917511243,-4.468944099092877,-4.103573899625088,0.30154511078813523,-1.3049355068548951
numerical-methods-batch-4-v1,standardized-stable,206,standardized,fixed,0.045652407968475486,0.06939584357146814,0.0744168529363897,0.0004890252862050382,0.001984777039599531,4.0,0,9.777197279153826e-07,true,-4.539455512990095,-4.470227166197274,-4.1046801882015,0.30150160296458645,-1.305513431414679
numerical-methods-batch-4-v1,standardized-stable,207,standardized,fixed,0.04563751063984236,0.06937915594142548,0.07441590325973756,0.0004819648459379852,0.0019561011448200444,4.0,0,9.49676652137188e-07,true,-4.540299444034029,-4.47149170961759,-4.105770425823728,0.3014586199581451,-1.3060831474915298
numerical-methods-batch-4-v1,standardized-stable,208,standardized,fixed,0.04562283886839736,0.06936271736785743,0.07441498080292576,0.0004750111523196223,0.0019278593837522263,4.0,0,9.224568117971454e-07,true,-4.541131157196571,-4.472738009274694,-4.10684485742567,0.30141615686806406,-1.3066447753061976
numerical-methods-batch-4-v1,standardized-stable,209,standardized,fixed,0.04560838894195936,0.06934652385274603,0.0744140847676982,0.0004681624521731329,0.0019000446092786484,4.0,0,8.960352275572125e-07,true,-4.541950838283326,-4.4739663404997,-4.107903723853554,0.30137420878521326,-1.3071984332160866
numerical-methods-batch-4-v1,standardized-stable,210,standardized,fixed,0.04559415721805079,0.06933057147041308,0.07441321437998485,0.0004614170251707544,0.0018726498086926613,4.0,0,8.703877133475757e-07,true,-4.542758670013463,-4.47517697411964,-4.108947261944373,0.30133277079478604,-1.307744237747042
numerical-methods-batch-4-v1,standardized-stable,211,standardized,fixed,0.04558014012234116,0.06931485636597409,0.07441236888913536,0.0004547731831008526,0.0018456681006831647,4.0,0,8.45490849499253e-07,true,-4.543554832078629,-4.47637017654123,-4.109975704602505,0.3012918379788752,-1.3082823036245135
numerical-methods-batch-4-v1,standardized-stable,212,standardized,fixed,0.045566334147132244,0.06929937475383292,0.07441154756717829,0.000448229269154641,0.0018190927324033483,4.0,0,8.213219570701868e-07,true,-4.544339501200522,-4.477546209832792,-4.11098928087459,0.30125140541892376,-1.3088127438041086
numerical-methods-batch-4-v1,standardized-stable,213,standardized,fixed,0.04555273584988377,0.06928412291621383,0.07441074970810535,0.00044178365723205264,0.0017929170766187786,4.0,0,7.978590729346147e-07,true,-4.54511285118714,-4.478705331804381,-4.111988216022712,0.3012114681980559,-1.3093356695015512
numerical-methods-batch-4-v1,standardized-stable,214,standardized,fixed,0.04553934185177833,0.06926909720173208,0.07440997462717941,0.00043543475126606705,0.0017671346289286427,4.0,0,7.750809259410296e-07,true,-4.545875052987774,-4.4798477960861485,-4.112972731595908,0.30117202140329274,-1.3098511902220575
numerical-methods-batch-4-v1,standardized-stable,215,standardized,fixed,0.04552614883632421,0.06925429402400014,0.07440922166026565,0.00042918098456493477,0.001741739005064653,4.0,0,7.529669137640305e-07,true,-4.5466262747467505,-4.480973852205012,-4.113943045500082,0.3011330601276581,-1.3103594137891441
numerical-methods-batch-4-v1,standardized-stable,216,standardized,fixed,0.04551315354799499,0.06923970986026946,0.07440849016318489,0.00042302081917173313,0.0017167239382596244,4.0,0,7.314970807553722e-07,true,-4.547366681855974,-4.482083745659656,-4.114899372066341,0.301094579472178,-1.31086044637288
numerical-methods-batch-4-v1,standardized-stable,217,standardized,fixed,0.04550035279090488,0.06922534125010599,0.07440777951108858,0.000416952745240761,0.001692083276687389,4.0,0,7.10652096308495e-07,true,-4.5480964370062935,-4.48317771799392,-4.115841922117815,0.30105657454777895,-1.3113543925175963
numerical-methods-batch-4-v1,standardized-stable,218,standardized,fixed,0.04548774342751846,0.06921118479409939,0.0744070890978543,0.0004109752804301603,0.001667810980963259,4.0,0,6.904132342777647e-07,true,-4.548815700237733,-4.484256006868602,-4.116770903034986,0.30101904047708905,-1.311841355169066
numerical-methods-batch-4-v1,standardized-stable,219,standardized,fixed,0.045475322377393976,0.06919723715260394,0.07440641833550118,0.0004050869693103317,0.0016439011217209323,4.0,0,6.707623531193585e-07,true,-4.549524628988605,-4.485318846131738,-4.117686518819578,0.30098197239614555,-1.312321435701163
numerical-methods-batch-4-v1,standardized-stable,220,standardized,fixed,0.04546308661595904,0.0691834950445107,0.0744057666536248,0.00039928638278765883,0.0016203478772413651,4.0,0,6.516818763790955e-07,true,-4.55022337814355,-4.486366465887376,-4.118588970157036,0.3009453654560131,-1.3127947339420176
numerical-methods-batch-4-v1,standardized-stable,221,standardized,fixed,0.04545103317331784,0.06916995524605005,0.07440513349885046,0.0003935721175430377,0.0015971455311506184,4.0,0,6.331547743460009e-07,true,-4.550912100080517,-4.487399092562896,-4.11947845447764,0.3009092148243163,-1.3132613481996738
numerical-methods-batch-4-v1,standardized-stable,222,standardized,fixed,0.04543915913308879,0.06915661458962352,0.07440451833430442,0.0003879427954847595,0.0015742884701722692,4.0,0,6.151645460389377e-07,true,-4.551590944716722,-4.488416948974909,-4.120355166016285,0.30087351568668996,-1.3137213752872632
numerical-methods-batch-4-v1,standardized-stable,223,standardized,fixed,0.0454274616312718,0.06914346996266416,0.0744039206391025,0.00038239706321535903,0.0015517711819389834,4.0,0,5.976952019148829e-07,true,-4.552260059553612,-4.489420254393771,-4.121219295870962,0.3008382632481503,-1.3141749105477059
numerical-methods-batch-4-v1,standardized-stable,224,standardized,fixed,0.04541593785514426,0.06913051830652457,0.07440333990785536,0.00037693359151197046,0.0015295882528614535,4.0,0,5.807312471461934e-07,true,-4.552919589720854,-4.4904092246067435,-4.122071032059979,0.30080345273439096,-1.3146220478779467
numerical-methods-batch-4-v1,standardized-stable,225,standardized,fixed,0.045404585042184815,0.06911775661539189,0.07440277565018977,0.00037155107481977876,0.0015077343660475485,4.0,0,5.642576655917608e-07,true,-4.553569678019372,-4.491384071979843,-4.122910559577944,0.30076907939300657,-1.3150628797527397
numerical-methods-batch-4-v1,standardized-stable,226,standardized,fixed,0.04539340047902417,0.06910518193522876,0.0744022273902856,0.0003662482307582104,0.00148620429927856,4.0,0,5.482599041706226e-07,true,-4.554210464963475,-4.492345005518403,-4.123738060450555,0.30073513849464645,-1.3154974972479894
numerical-methods-batch-4-v1,standardized-stable,227,standardized,fixed,0.04538238150042213,0.06909279136273982,0.07440169466642775,0.0003610237996394268,0.0014649929230325482,4.0,0,5.327238578461957e-07,true,-4.554842088822077,-4.493292230926388,-4.124553713788218,0.30070162533410216,-1.3159259900636577
numerical-methods-batch-4-v1,standardized-stable,228,standardized,fixed,0.04537152548826996,0.06908058204436265,0.07440117703057243,0.00035587654399885213,0.001444095198557945,4.0,0,5.176358553182769e-07,true,-4.555464685659039,-4.49422595066448,-4.125357695838525,0.3006685352313313,-1.3163484465462483
numerical-methods-batch-4-v1,standardized-stable,229,standardized,fixed,0.04536082987061769,0.06906855117528282,0.07440067404792781,0.00035080524813725124,0.0014235061759955304,4.0,0,5.029826446178998e-07,true,-4.556078389372669,-4.495146364006981,-4.126150180037626,0.30063586353241994,-1.3167649537108748
numerical-methods-batch-4-v1,standardized-stable,230,standardized,fixed,0.04535029212072501,0.0690566959984721,0.07440018529654771,0.00034580871767416377,0.00140322099254923,4.0,0,4.887513801038468e-07,true,-4.556683331734382,-4.496053667097551,-4.126931337060515,0.3006036056104867,-1.3171755972629247
numerical-methods-batch-4-v1,standardized-stable,231,standardized,fixed,0.04533990975613576,0.06904501380374936,0.07439971036693871,0.0003408857791122239,0.0013832348706965673,4.0,0,4.7492960900119563e-07,true,-4.557279642426552,-4.496948053003812,-4.127701334870267,0.30057175686653076,-1.317580461619325
numerical-methods-batch-4-v1,standardized-stable,232,standardized,fixed,0.04532968033777488,0.06903350192686342,0.07439924886167967,0.00033603527941214435,0.0013635431164489668,4.0,0,4.615052590362101e-07,true,-4.557867449079574,-4.497829711770846,-4.128460338766237,0.3005403127302259,-1.3179796299294197
numerical-methods-batch-4-v1,standardized-stable,233,standardized,fixed,0.045319601469067286,0.06902215774859709,0.07439880039505357,0.00033125608557803613,0.0013441411176489822,4.0,0,4.484666260989867e-07,true,-4.558446877308156,-4.498698830473617,-4.12920851143127,0.3005092686606634,-1.3183731840954673
numerical-methods-batch-4-v1,standardized-stable,234,standardized,fixed,0.045309670795078055,0.06901097869389233,0.07439836459269092,0.0003265470842527525,0.0013250243423122397,4.0,0,4.358023626555019e-07,true,-4.559018050746856,-4.499555593268334,-4.129946012977922,0.30047862014704535,-1.318761204792765
numerical-methods-batch-4-v1,standardized-stable,235,standardized,fixed,0.045299886001673444,0.0689999622309953,0.0743979410912247,0.0003219071813229361,0.0013061883370109515,4.0,0,4.235014662151704e-07,true,-4.559581091084893,-4.5004001814427905,-4.130673000993735,0.30044836270933095,-1.3191437714894105
numerical-methods-batch-4-v1,standardized-stable,236,standardized,fixed,0.045290244814701834,0.06898910587062118,0.07439752953795625,0.0003173353015335927,0.0012876287252920854,4.0,0,4.1155326845065954e-07,true,-4.560136118100241,-4.501232773465699,-4.131389630585576,0.3004184918988376,-1.3195209624657047
numerical-methods-batch-4-v1,standardized-stable,237,standardized,fixed,0.045280744999194315,0.06897840716513814,0.07439712959053167,0.0003128303881118175,0.0012693412061341857,4.0,0,3.9994742458138166e-07,true,-4.560683249693022,-4.502053545035044,-4.132096054423076,0.3003890032987986,-1.3198928548332078
numerical-methods-batch-4-v1,standardized-stable,238,standardized,fixed,0.04527138435858433,0.0689678637077698,0.0743967409166286,0.00030839140239947375,0.0012513215524472504,4.0,0,3.8867390307617544e-07,true,-4.5612226019182245,-4.502862669125479,-4.1327924227811765,0.30035989252487943,-1.320259524553451
numerical-methods-batch-4-v1,standardized-stable,239,standardized,fixed,0.045262160733945594,0.06895747313181574,0.07439636319365284,0.00030401732349454236,0.001233565609597736,4.0,0,3.7772297575844327e-07,true,-4.561754289017755,-4.503660316034791,-4.133478883581821,0.3003311552256547,-1.3206210464563157
numerical-methods-batch-4-v1,standardized-stable,240,standardized,fixed,0.04525307200324818,0.06894723310988986,0.07439599610844451,0.00029970714790093295,0.0012160692939783893,4.0,0,3.6708520832762215e-07,true,-4.562278423451844,-4.5044466534294525,-4.134155582434795,0.30030278708304664,-1.3209774942580834
numerical-methods-batch-4-v1,standardized-stable,241,standardized,fixed,0.045244116080631884,0.06893714135317558,0.07439563935699364,0.00029545988918647004,0.0011988285916036674,4.0,0,3.5675145086677684e-07,true,-4.562795115929821,-4.505221846389275,-4.13482266267775,0.3002747838127278,-1.3213289405791655
numerical-methods-batch-4-v1,standardized-stable,242,standardized,fixed,0.04523529091569663,0.06892719561069774,0.07439529264416445,0.00029127457764891026,0.0011818395567453407,4.0,0,3.4671282919673807e-07,true,-4.563304475440266,-4.505986057451203,-4.1354802654154215,0.3002471411644887,-1.3216754569615177
numerical-methods-batch-4-v1,standardized-stable,243,standardized,fixed,0.045226594492809295,0.06891739366861101,0.07439495568342851,0.0002871502599896252,0.0011650983105957614,4.0,0,3.3696073593880715e-07,true,-4.563806609280575,-4.506739446652252,-4.136128529558068,0.30021985492257236,-1.3220171138857475
numerical-methods-batch-4-v1,standardized-stable,244,standardized,fixed,0.045218024830426674,0.06890773334950358,0.07439462819660606,0.00028308599899494924,0.00114860103995848,4.0,0,3.274868224517613e-07,true,-4.564301623085915,-4.507482171571611,-4.136767591859139,0.3001929209059772,-1.3223539807879197
numerical-methods-batch-4-v1,standardized-stable,245,standardized,fixed,0.04520957998043405,0.06889821251171682,0.07439430991361573,0.00027908087322475516,0.0011323439959796172,4.0,0,3.182829903247697e-07,true,-4.564789620857628,-4.508214387371941,-4.137397586952202,0.3001663349687297,-1.3226861260760656
numerical-methods-batch-4-v1,standardized-stable,246,standardized,fixed,0.04520125802749879,0.06888882904867946,0.07439400057223171,0.0002751339767082284,0.0011163234928986835,4.0,0,3.0934138402216593e-07,true,-4.56527070499106,-4.5089362468398795,-4.138018647387134,0.3001400930001275,-1.3230136171464046
numerical-methods-batch-4-v1,standardized-stable,247,standardized,fixed,0.04519305708843886,0.06887958088825642,0.07439369991784872,0.00027124441864656584,0.0011005359068327776,4.0,0,3.0065438298698677e-07,true,-4.565744976302848,-4.50964790042576,-4.138630903665608,0.3001141909249554,-1.32333652039928
numerical-methods-batch-4-v1,standardized-stable,248,standardized,fixed,0.045184975311605625,0.06887046599211219,0.07439340770325419,0.0002674113231224433,0.0010849776745860198,4.0,0,2.9221459453554477e-07,true,-4.566212534057673,-4.510349496282585,-4.139234484275879,0.3000886247036746,-1.3236549012548176
numerical-methods-batch-4-v1,standardized-stable,249,standardized,fixed,0.04517701087628074,0.06886148235508768,0.07439312368840767,0.00026363382881602757,0.0010696452924901032,4.0,0,2.8401484651607856e-07,true,-4.566673475994491,-4.511041180304254,-4.139829515726893,0.30006339033258667,-1.3239688241683132
numerical-methods-batch-4-v1,standardized-stable,250,standardized,fixed,0.045169161992086475,0.0688526280045905,0.07439284764022686,0.0002599110887274312,0.0010545353152638251,4.0,0,2.760481808139481e-07,true,-4.567127898352252,-4.51172309616306,-4.14041612258173,0.30003848384397325,-1.3242783526453512
numerical-methods-batch-4-v1,standardized-stable,251,standardized,fixed,0.045161426898409476,0.06884390099999875,0.07439257933238048,0.00025624226990534916,0.0010396443549098651,4.0,0,2.683078463711075e-07,true,-4.567575895895126,-4.512395385346492,-4.140994427490403,0.30001390130621314,-1.3245835492566633
numerical-methods-batch-4-v1,standardized-stable,252,standardized,fixed,0.045153803863837196,0.06883529943207727,0.07439231854508735,0.0002526265531817788,0.0010249690796208567,4.0,0,2.607872931353894e-07,true,-4.568017561937235,-4.513058187193335,-4.141564551222018,0.29998963882387686,-1.3248844756527294
numerical-methods-batch-4-v1,standardized-stable,253,standardized,fixed,0.045146291185607104,0.06882682142240652,0.07439206506492177,0.0002490631329126629,0.0010105062127268448,4.0,0,2.534801655795782e-07,true,-4.568452988366918,-4.513711638929092,-4.14212661269632,0.29996569253780064,-1.3251811925781283
numerical-methods-batch-4-v1,standardized-stable,254,standardized,fixed,0.04513888718906802,0.06881846512282366,0.07439181868462502,0.00024555121672422575,0.0009962525316505348,4.0,0,2.46380296747839e-07,true,-4.568882265670524,-4.514355875700751,-4.1426807290146295,0.29994205862514006,-1.3254737598856414
numerical-methods-batch-4-v1,standardized-stable,255,standardized,fixed,0.04513159022715332,0.06881022871487517,0.07439157920292239,0.0002420900252649542,0.0009822048668969108,4.0,0,2.394817026352136e-07,true,-4.569305482955757,-4.5149910306109,-4.143227015490193,0.299918733299405,-1.3257622365501156
numerical-methods-batch-4-v1,standardized-stable,256,standardized,fixed,0.045124398679865715,0.06880211040928147,0.07439134642434596,0.0002386787919630135,0.0009683601010596516,4.0,0,2.3277857642833855e-07,true,-4.569722727974571,-4.515617234751205,-4.143765585677949,0.299895712810476,-1.3260466806820883
numerical-methods-batch-4-v1,standardized-stable,257,standardized,fixed,0.045117310953773464,0.06879410844541255,0.074391120159063,0.00023531676278894955,0.0009547151678522629,4.0,0,2.262652829543299e-07,true,-4.570134087145636,-4.516234617235277,-4.1442965514037375,0.2998729934446038,-1.3263271495411815
numerical-methods-batch-4-v1,standardized-stable,258,standardized,fixed,0.04511032548151742,0.06878622109077445,0.07439090022270928,0.00023200319602359896,0.0009412670511561021,4.0,0,2.1993635372641318e-07,true,-4.570539645576378,-4.516843305230926,-4.144820022792947,0.29985057152439176,-1.326603699549267
numerical-methods-batch-4-v1,standardized-stable,259,standardized,fixed,0.04510344072132891,0.06877844664050686,0.0743906864362277,0.00022873736203100998,0.0009280127840947763,4.0,0,2.1378648157321933e-07,true,-4.570939487084605,-4.51744342399182,-4.145336108298633,0.2998284434087633,-1.3268763863034094
numerical-methods-batch-4-v1,standardized-stable,260,standardized,fixed,0.04509665515655797,0.06877078341689075,0.07439047862571185,0.0002255185430362619,0.0009149494481235441,4.0,0,2.07810515850948e-07,true,-4.571333694219723,-4.518035096888575,-4.1458449147290946,0.2998066054929138,-1.3271452645885906
numerical-methods-batch-4-v1,standardized-stable,261,standardized,fixed,0.04508996729521177,0.06876322976886634,0.07439027662225421,0.00022234603290811265,0.0009020741721451136,4.0,0,2.0200345764165295e-07,true,-4.571722348283565,-4.518618445439261,-4.146346547274952,0.29978505420824886,-1.327410388390217
numerical-methods-batch-4-v1,standardized-stable,262,standardized,fixed,0.045083375669503045,0.0687557840715612,0.0743900802617991,0.00021921913694625982,0.0008893841316327168,4.0,0,1.9636045511806088e-07,true,-4.572105529350823,-4.519193589339364,-4.146841109535701,0.2997637860223084,-1.3276718109064203
numerical-methods-batch-4-v1,standardized-stable,263,standardized,fixed,0.04507687883540807,0.06874844472582779,0.07438988938500002,0.00021613717167316611,0.0008768765477849852,4.0,0,1.9087679907492383e-07,true,-4.572483316289103,-4.519760646491202,-4.147328703545787,0.29974279743867877,-1.3279295845601473
numerical-methods-batch-4-v1,standardized-stable,264,standardized,fixed,0.045070475372234096,0.06874121015779047,0.0743897038370814,0.00021309946463031574,0.000864548686693067,4.0,0,1.855479186130271e-07,true,-4.5728557867786135,-4.5203197330328,-4.147809429800189,0.299722084996892,-1.3281837610110507
numerical-methods-batch-4-v1,standardized-stable,265,standardized,fixed,0.04506416388219602,0.06873407881840196,0.07438952346770449,0.00021010535417876835,0.0008523978585216018,4.0,0,1.8036937692034183e-07,true,-4.573223017331482,-4.520870963366258,-4.148283387279533,0.29970164527231385,-1.3284343911671797
numerical-methods-batch-4-v1,standardized-stable,266,standardized,fixed,0.045057942990001945,0.06872704918300858,0.0743893481308372,0.00020715418930396096,0.000840421416715239,4.0,0,1.753368672890998e-07,true,-4.573585083310726,-4.521414450185594,-4.148750673474743,0.2996814748760209,-1.3286815251964745
numerical-methods-batch-4-v1,standardized-stable,267,standardized,fixed,0.045051811342447415,0.06872011975092444,0.07438917768462808,0.0002042453294245582,0.0008286167572163873,4.0,0,1.7044620911899067e-07,true,-4.573942058948872,-4.521950304504097,-4.149211384411239,0.2996615704546673,-1.3289252125380724
numerical-methods-batch-4-v1,standardized-stable,268,standardized,fixed,0.04504576760801837,0.06871328904501411,0.0743890119912841,0.00020137814420535512,0.000816981317698627,4.0,0,1.656933439758701e-07,true,-4.574294017366233,-4.522478635681188,-4.149665614672691,0.29964192869034145,-1.3291655019134228
numerical-methods-batch-4-v1,standardized-stable,269,standardized,fixed,0.045039810476502226,0.06870655561128387,0.07438885091695187,0.0001985520133740666,0.0008055125768218073,4.0,0,1.6107433223333523e-07,true,-4.574641030588854,-4.522999551448801,-4.150113457424344,0.29962254630041385,-1.3294024413372205
numerical-methods-batch-4-v1,standardized-stable,270,standardized,fixed,0.045033938658607026,0.06869991801848073,0.07438869433160268,0.00019576632654189264,0.00079420805349634,4.0,0,1.56585349186944e-07,true,-4.574983169566134,-4.523513157937293,-4.150555004435913,0.2996034200373757,-1.3296360781281584
numerical-methods-batch-4-v1,standardized-stable,271,standardized,fixed,0.04502815088558867,0.06869337485769994,0.0743885421089209,0.00019302048302787203,0.0007830653061674594,4.0,0,1.522226817790573e-07,true,-4.575320504188129,-4.5240195597009,-4.150990346104067,0.29958454668866963,-1.3298664589195004
numerical-methods-batch-4-v1,standardized-stable,272,standardized,fixed,0.04502244590888568,0.06868692474199992,0.07438839412619576,0.00019031389168676236,0.0007720819321116478,4.0,0,1.479827251432697e-07,true,-4.575653103302539,-4.524518859742738,-4.151419571474508,0.2995659230765123,-1.3300936296694827
numerical-methods-batch-4-v1,standardized-stable,273,standardized,fixed,0.04501682249976159,0.06868056630602512,0.07438825026421633,0.00018764597074054967,0.0007612555667466005,4.0,0,1.4386197942639622e-07,true,-4.575981034731393,-4.525011159539364,-4.151842768263644,0.2995475460577097,-1.3303176356715434
numerical-methods-batch-4-v1,standardized-stable,274,standardized,fixed,0.0450112794489546,0.06867429820563595,0.07438811040716974,0.00018501614761333167,0.0007505838829624757,4.0,0,1.3985704659658094e-07,true,-4.576304365287438,-4.525496559064907,-4.152260022879884,0.2995294125234658,-1.3305385215643846
numerical-methods-batch-4-v1,standardized-stable,275,standardized,fixed,0.04500581556633449,0.06866811911754632,0.07438797444254233,0.00018242385876963326,0.0007400645904534022,4.0,0,1.3596462740406157e-07,true,-4.576623160790224,-4.525975156814771,-4.152671420444542,0.2995115193991843,-1.3307563313418693
numerical-methods-batch-4-v1,standardized-stable,276,standardized,fixed,0.045000429680566376,0.06866202773896825,0.07438784226102385,0.00017986854955593322,0.0007296954350785502,4.0,0,1.321815184807118e-07,true,-4.576937486081917,-4.526447049828931,-4.153077044812375,0.2994938636442643,-1.330971108362758
numerical-methods-batch-4-v1,standardized-stable,277,standardized,fixed,0.044995120638781444,0.06865602278726304,0.07438771375641447,0.00017734967404547637,0.0007194741982236943,4.0,0,1.285046093840725e-07,true,-4.577247405042817,-4.526912333714818,-4.153476978591749,0.29947644225189046,-1.3311828953602853
numerical-methods-batch-4-v1,standardized-stable,278,standardized,fixed,0.04498988730625421,0.06865010299959977,0.07438758882553453,0.00017486669488615396,0.000709398696182211,4.0,0,1.2493087993281637e-07,true,-4.5775529806066135,-4.527371102669802,-4.153871303164454,0.2994592522488178,-1.3313917344515822
numerical-methods-batch-4-v1,standardized-stable,279,standardized,fixed,0.04498472856608638,0.06864426713262006,0.07438746736813714,0.0001724190831515019,0.0006994667795447305,4.0,0,1.214573973895572e-07,true,-4.577854274775363,-4.527823449503296,-4.154260098705158,0.299442290695151,-1.3315976671469438
numerical-methods-batch-4-v1,standardized-stable,280,standardized,fixed,0.044979643318897033,0.06863851396210939,0.07438734928682318,0.0001700063181945824,0.0006896763326059516,4.0,0,1.1808131396284782e-07,true,-4.578151348634205,-4.528269465658464,-4.154643444200529,0.29942555468411947,-1.3318007343589495
numerical-methods-batch-4-v1,standardized-stable,281,standardized,fixed,0.04497463048251891,0.0686328422826747,0.0743872344869589,0.0001676278875049178,0.0006800252727783493,4.0,0,1.1479986428142297e-07,true,-4.5784442623658235,-4.5287092412335666,-4.1550214174680145,0.2994090413418479,-1.3320009764114333
numerical-methods-batch-4-v1,standardized-stable,282,standardized,fixed,0.0449696889917009,0.06862725090742841,0.07438712287659603,0.00016528328656814094,0.0006705115500197404,4.0,0,1.1161036286844173e-07,true,-4.578733075264647,-4.5291428650029335,-4.155394095174289,0.2993927478271229,-1.3321984330483108
numerical-methods-batch-4-v1,standardized-stable,283,standardized,fixed,0.04496481779781632,0.06862173866767818,0.07438701436639414,0.00016297201872851478,0.0006611331462725331,4.0,0,1.0851020189328597e-07,true,-4.579017845750808,-4.529570424437572,-4.155761552853386,0.2993766713311551,-1.3323931434422633
numerical-methods-batch-4-v1,standardized-stable,284,standardized,fixed,0.04496001586857705,0.06861630441262265,0.07438690886954546,0.00016069359505411544,0.0006518880749138532,4.0,0,1.0549684867355857e-07,true,-4.5792986313838595,-4.52999200572543,-4.156123864924506,0.29936080907733914,-1.3325851462032838
numerical-methods-batch-4-v1,standardized-stable,285,standardized,fixed,0.04495528218775324,0.06861094700905328,0.07438680630170179,0.00015844753420468278,0.0006427743802164249,4.0,0,1.0256784367668192e-07,true,-4.579575488876244,-4.530407693791311,-4.156481104709519,0.2993451583210094,-1.3327744793870844
numerical-methods-batch-4-v1,standardized-stable,286,standardized,fixed,0.044950615754898594,0.06860566534106126,0.07438670658090353,0.0001562333623020748,0.0006337901368184682,4.0,0,9.972079825781854e-08,true,-4.579848474106541,-4.530817572316445,-4.156833344450159,0.2993297163491927,-1.3329611805033699
numerical-methods-batch-4-v1,standardized-stable,287,standardized,fixed,0.044946015585080934,0.0686004583097505,0.07438660962751104,0.00015405061280322638,0.0006249334492078042,4.0,0,9.695339249493617e-08,true,-4.580117642132479,-4.531221723757732,-4.157180655324928,0.29931448048035914,-1.3331452865239786
numerical-methods-batch-4-v1,standardized-stable,288,standardized,fixed,0.04494148070861808,0.06859532483295572,0.07438651536413768,0.000151898826375597,0.0006162024512129682,4.0,0,9.42633733569398e-08,true,-4.580383047203725,-4.531620229366661,-4.157523107465701,0.2992994480641697,-1.3333268338908946
numerical-methods-batch-4-v1,standardized-stable,289,standardized,fixed,0.04493701017081902,0.0685902638449658,0.07438642371558526,0.00014977755077504824,0.0006075953055025744,4.0,0,9.164855241383663e-08,true,-4.580644742774451,-4.532013169207897,-4.157860769974047,0.2992846164812219,-1.3335058585241308
numerical-methods-batch-4-v1,standardized-stable,290,standardized,fixed,0.04493260303172975,0.0685852742962527,0.07438633460878095,0.00014768634072605415,0.0005991102031004483,4.0,0,8.910680431017948e-08,true,-4.580902781515694,-4.53240062217757,-4.15819371093727,0.29926998314279346,-1.333682395829488
numerical-methods-batch-4-v1,standardized-stable,291,standardized,fixed,0.04492825836588437,0.06858035515320468,0.07438624797271627,0.0001456247578042227,0.0005907453629043294,4.0,0,8.663606468339857e-08,true,-4.581157215327493,-4.532782666021246,-4.158521997444177,0.299255545490584,-1.3338564807061906
numerical-methods-batch-4-v1,standardized-stable,292,standardized,fixed,0.04492397526206075,0.06857550539786535,0.07438616373838793,0.0001435923703211192,0.0005824990312165654,4.0,0,8.423432834581135e-08,true,-4.581408095350827,-4.533159377351601,-4.158845695600575,0.2992413009964553,-1.3340281475544
numerical-methods-batch-4-v1,standardized-stable,293,standardized,fixed,0.04491975282304104,0.06857072402767685,0.07438608183874022,0.00014158875321122508,0.0005743694812840859,4.0,0,8.189964770255465e-08,true,-4.581655471979351,-4.533530831665795,-4.159164870544498,0.29922724716217003,-1.334197430282612
numerical-methods-batch-4-v1,standardized-stable,294,standardized,fixed,0.044915590165376544,0.06856601005522818,0.07438600220860925,0.00013961348792109336,0.0005663550128448854,4.0,0,7.963013097522786e-08,true,-4.581899394870925,-4.533897103362557,-4.15947958646119,0.2992133815191292,-1.3343643623149348
numerical-methods-batch-4-v1,standardized-stable,295,standardized,fixed,0.04491148641915745,0.06856136250800797,0.07438592478466877,0.0001376661623006401,0.0005584539516843515,4.0,0,7.742394048104728e-08,true,-4.582139912958955,-4.534258265758989,-4.159789906597815,0.29919970162810866,-1.3345289765982538
numerical-methods-batch-4-v1,standardized-stable,296,standardized,fixed,0.04490744072778653,0.06855678042816195,0.07438584950537752,0.00013574637049641532,0.0005506646492023385,4.0,0,7.527929124506727e-08,true,-4.582377074463541,-4.534614391107083,-4.160095893277932,0.2991862050789947,-1.3346913056092828
numerical-methods-batch-4-v1,standardized-stable,297,standardized,fixed,0.04490345224775732,0.06855226287225467,0.07438577631092819,0.00013385371284697545,0.0005429854819854615,4.0,0,7.319444933484576e-08,true,-4.5826109269024355,-4.53496555060997,-4.160397607915721,0.2991728894905187,-1.334851381361506
numerical-methods-batch-4-v1,standardized-stable,298,standardized,fixed,0.044899520148436574,0.06854780891103561,0.07438570514319787,0.00013198779578016723,0.0005354148513879785,4.0,0,7.116773032000978e-08,true,-4.582841517101818,-4.535311814437897,-4.160695111029969,0.29915975250999144,-1.3350092354120089
numerical-methods-batch-4-v1,standardized-stable,299,standardized,fixed,0.04489564361185065,0.06854341762920967,0.0743856359456999,0.0001301482317123802,0.0005279511831206224,4.0,0,6.919749796774344e-08,true,-4.583068891206893,-4.53565325174394,-4.160988462257819,0.29914679181303694,-1.3351648988682046
numerical-methods-batch-4-v1,standardized-stable,300,standardized,fixed,0.04489182183247597,0.06853908812521174,0.07438556866353713,0.0001283346389496548,0.0005205929268492735,4.0,0,6.728216277174237e-08,true,-4.583293094692305,-4.5359899306794595,-4.161277720368296,0.2991340051033258,-1.3353184023944527
numerical-methods-batch-4-v1,standardized-stable,301,standardized,fixed,0.044888054017033406,0.06853481951098522,0.07438550324335663,0.0001265466415906451,0.0005133385557984045,4.0,0,6.542018049504605e-08,true,-4.583514172372382,-4.536321918409299,-4.161562943275595,0.2991213901123084,-1.3354697762185774
numerical-methods-batch-4-v1,standardized-stable,302,standardized,fixed,0.044884339384286535,0.06853061091176489,0.0743854396333056,0.00012478386943140968,0.0005061865663622578,4.0,0,6.361005103205919e-08,true,-4.583732168411214,-4.536649281126735,-4.161844188052161,0.2991089445989486,-1.3356190501382819
numerical-methods-batch-4-v1,standardized-stable,303,standardized,fixed,0.044880677164843556,0.06852646146586319,0.07438537778298861,0.0001230459578719093,0.0004991354777255949,4.0,0,6.185031699301735e-08,true,-4.583947126332554,-4.536972084068184,-4.162121510941537,0.2990966663494564,-1.3357662535274641
numerical-methods-batch-4-v1,standardized-stable,304,standardized,fixed,0.04487706660096293,0.06852237032446075,0.07438531764342605,0.00012133254782431416,0.0004921838314877032,4.0,0,6.01395625521306e-08,true,-4.584159089029562,-4.537290391527665,-4.162394967371013,0.299084553177022,-1.3359114153424345
numerical-methods-batch-4-v1,standardized-stable,305,standardized,fixed,0.044873506946362704,0.06851833665140043,0.07438525916701398,0.00011964328562292609,0.0004853301912968816,4.0,0,5.847641207368248e-08,true,-4.5843680987743864,-4.537604266871029,-4.162664611964053,0.29907260292154936,-1.3360545641280364
numerical-methods-batch-4-v1,standardized-stable,306,standardized,fixed,0.04486999746603312,0.06851435962298512,0.07438520230748479,0.00011797782293580259,0.00047857314249148995,4.0,0,5.685952919609605e-08,true,-4.584574197227588,-4.537913772549957,-4.162930498552524,0.29906081344939045,-1.3361957280236725
numerical-methods-batch-4-v1,standardized-stable,307,standardized,fixed,0.04486653743605286,0.06851043842777911,0.07438514701986926,0.00011633581667796994,0.00047191129174279414,4.0,0,5.5287615527421785e-08,true,-4.584777425447407,-4.538218970115726,-4.16319268018872,0.29904918265308006,-1.336334934769238
numerical-methods-batch-4-v1,standardized-stable,308,standardized,fixed,0.04486312614340866,0.06850657226641302,0.07438509326045978,0.00011471692892625015,0.0004653432667121504,4.0,0,5.375940947960345e-08,true,-4.58497782389888,-4.538519920232759,-4.1634512091571905,0.29903770845107097,-1.3364722117109618
numerical-methods-batch-4-v1,standardized-stable,309,standardized,fixed,0.044859762885818055,0.06850276035139215,0.07438504098677429,0.0001131208268356119,0.0004588677157050802,4.0,0,5.227368549132194e-08,true,-4.585175432462805,-4.53881668269195,-4.16370613698637,0.2990263887874701,-1.336607585807158
numerical-methods-batch-4-v1,standardized-stable,310,standardized,fixed,0.04485644697155554,0.06849900190690808,0.0743849901575217,0.0001115471825570565,0.0004524833073423294,4.0,0,5.0829252584705387e-08,true,-4.585370290444563,-4.5391093164237715,-4.163957514460024,0.2990152216317752,-1.336741083633889
numerical-methods-batch-4-v1,standardized-stable,311,standardized,fixed,0.0448531777192817,0.06849529616865391,0.07438494073256795,0.00010999567315699281,0.00044618873022799534,4.0,0,4.942495375470646e-08,true,-4.585562436582795,-4.5393978795111805,-4.164205391628499,0.29900420497861235,-1.336872731390541
numerical-methods-batch-4-v1,standardized-stable,312,standardized,fixed,0.044849954457875645,0.06849164238364229,0.07438489267290326,0.00010846598053804083,0.00043998269262833923,4.0,0,4.8059664692345905e-08,true,-4.585751909057935,-4.5396824292023075,-4.164449817819801,0.2989933368474747,-1.337002554905314
numerical-methods-batch-4-v1,standardized-stable,313,standardized,fixed,0.044846776526270296,0.06848803981002718,0.07438484594061022,0.00010695779136131343,0.0004338639221521979,4.0,0,4.673229303531201e-08,true,-4.585938745500606,-4.539963021922943,-4.164690841650476,0.29898261528246195,-1.3371305796406279
numerical-methods-batch-4-v1,standardized-stable,314,standardized,fixed,0.04484364327329069,0.0684844877169281,0.0743848004988329,0.0001054707969700189,0.00042783116544506633,4.0,0,4.544177731324872e-08,true,-4.586122982999881,-4.5402397132888295,-4.164928511036331,0.298972038352021,-1.3372568306984458
numerical-methods-batch-4-v1,standardized-stable,315,standardized,fixed,0.044840554057495166,0.06848098538425795,0.0743847563117467,0.00010400469331449164,0.0004218831878803373,4.0,0,4.4187086212232884e-08,true,-4.586304658111413,-4.540512558117749,-4.165162873202974,0.2989616041486876,-1.3373813328255162
numerical-methods-batch-4-v1,standardized-stable,316,standardized,fixed,0.04483750824701953,0.0684775321025536,0.07438471334452919,0.00010255918087856825,0.00041601877325830096,4.0,0,4.2967217506184596e-08,true,-4.586483806865423,-4.540781610441423,-4.165393974696179,0.2989513107888294,-1.3375041104185341
numerical-methods-batch-4-v1,standardized-stable,317,standardized,fixed,0.04483450521942379,0.06847412717280932,0.07438467156333187,0.0001011339646071885,0.0004102367235145161,4.0,0,4.178119732134444e-08,true,-4.586660464774572,-4.54104692351722,-4.165621861392087,0.2989411564123901,-1.3376251875292247
numerical-methods-batch-4-v1,standardized-stable,318,standardized,fixed,0.044831544361541784,0.06847076990631334,0.07438463093525245,9.972875383539014e-05,0.0004045358584285234,4.0,0,4.062807941462854e-08,true,-4.5868346668417,-4.541308549839678,-4.1658465785072485,0.2989311391826349,-1.3377445878693484
numerical-methods-batch-4-v1,standardized-stable,319,standardized,fixed,0.044828625069333314,0.06846745962448701,0.0743845914283082,9.83432622184771e-05,0.00039891501534123757,4.0,0,3.950694425769452e-08,true,-4.58700644756744,-4.541566541151842,-4.1660681706084945,0.2989212572858975,-1.337862334815631
numerical-methods-batch-4-v1,standardized-stable,320,standardized,fixed,0.04482574674773916,0.06846419565872675,0.07438455301140999,9.697720766346416e-05,0.0003933730488737623,4.0,0,3.84168982042743e-08,true,-4.587175840957713,-4.541820948456426,-4.166286681622655,0.29891150893132834,-1.3379784514146185
numerical-methods-batch-4-v1,standardized-stable,321,standardized,fixed,0.044822908810538326,0.06846097735024889,0.07438451565433697,9.563031226172301e-05,0.0003879088306540416,4.0,0,3.7357073018329245e-08,true,-4.587342880531101,-4.542071822026791,-4.166502154846118,0.2989018923506443,-1.3380929603874567
numerical-methods-batch-4-v1,standardized-stable,322,standardized,fixed,0.044820110680208074,0.06845780404993689,0.07438447932771217,9.43023022228085e-05,0.00038252124904665437,4.0,0,3.632662480546056e-08,true,-4.587507599326104,-4.542319211417755,-4.166714632954238,0.29889240579787996,-1.3382058841346018
numerical-methods-batch-4-v1,standardized-stable,323,standardized,fixed,0.044817351787786223,0.06845467511819135,0.07438444400297857,9.299290780940806e-05,0.00037720920889157124,4.0,0,3.532473359657562e-08,true,-4.5876700299082795,-4.542563165476236,-4.1669241580105965,0.29888304754914036,-1.3383172447404559
numerical-methods-batch-4-v1,standardized-stable,324,standardized,fixed,0.04481463157273608,0.0684515899247825,0.07438440965237614,9.170186327349694e-05,0.00037197163123765467,4.0,0,3.435060243195398e-08,true,-4.58783020437727,-4.542803732351712,-4.167130771476106,0.29887381590235534,-1.338427063977935
numerical-methods-batch-4-v1,standardized-stable,325,standardized,fixed,0.044811949482813404,0.06844854784870526,0.07438437624891917,9.042890679355619e-05,0.00036680745309411835,4.0,0,3.340345697266933e-08,true,-4.587988154373718,-4.543040959506537,-4.1673345142179805,0.29886470917703556,-1.3385353633129677
numerical-methods-batch-4-v1,standardized-stable,326,standardized,fixed,0.044809304973936044,0.06844554827803674,0.07438434376637462,8.917378041288191e-05,0.00036171562717400146,4.0,0,3.248254454302213e-08,true,-4.588143911086073,-4.543274893726078,-4.167535426518554,0.2988557257140299,-1.3386421639089245
numerical-methods-batch-4-v1,standardized-stable,327,standardized,fixed,0.04480669751005555,0.06844259060979592,0.07438431217924084,8.793622997897584e-05,0.0003566951216514917,4.0,0,3.15871337835949e-08,true,-4.5882975052572865,-4.543505581128705,-4.167733548083965,0.29884686387528514,-1.3387474866309823
numerical-methods-batch-4-v1,standardized-stable,328,standardized,fixed,0.04480412656303126,0.06843967424980617,0.07438428146272702,8.671600508399956e-05,0.0003517449199160133,4.0,0,3.071651381858498e-08,true,-4.588448967191409,-4.543733067175614,-4.1679289180527,0.2988381220436066,-1.3388513520504222
numerical-methods-batch-4-v1,standardized-stable,329,standardized,fixed,0.044801591612506304,0.06843679861255952,0.07438425159273312,8.551285900622312e-05,0.0003468640203361155,4.0,0,2.9869993894982017e-08,true,-4.588598326760075,-4.543957396680506,-4.168121575004006,0.298829498622421,-1.3389537804488627
numerical-methods-batch-4-v1,standardized-stable,330,standardized,fixed,0.044799092145785986,0.06843396312108377,0.07438422254583053,8.432654865250436e-05,0.00034205143602507397,4.0,0,2.9046902591534085e-08,true,-4.58874561340889,-4.544178613819111,-4.168311556966163,0.29882099203554097,-1.33905479182243
numerical-methods-batch-4-v1,standardized-stable,331,standardized,fixed,0.044796627657718094,0.06843116720681125,0.07438419429924309,8.315683450173666e-05,0.00033730619460988935,4.0,0,2.82465874440474e-08,true,-4.588890856163717,-4.544396762138559,-4.168498901424635,0.2988126007269313,-1.3391544058858649
numerical-methods-batch-4-v1,standardized-stable,332,standardized,fixed,0.04479419765057537,0.06842841030945036,0.07438416683082882,8.2003480549282e-05,0.00033262733800684994,4.0,0,2.746841426537472e-08,true,-4.5890340836368635,-4.544611884566618,-4.168683645330086,0.2988043231604769,-1.339252642076569
numerical-methods-batch-4-v1,standardized-stable,333,standardized,fixed,0.044791801633939914,0.06842569187685862,0.07438414011906212,8.086625425234245e-05,0.0003280139221973103,4.0,0,2.6711766701326134e-08,true,-4.589175324033173,-4.544824023420772,-4.168865825106274,0.2987961578197529,-1.3393495195585894
numerical-methods-batch-4-v1,standardized-stable,334,standardized,fixed,0.04478943912458959,0.0684230113649185,0.07438411414301638,7.97449264762749e-05,0.00032346501700932477,4.0,0,2.5976045744946497e-08,true,-4.589314605156018,-4.545033220417173,-4.1690454766578195,0.2987881032077961,-1.3394450572265457
numerical-methods-batch-4-v1,standardized-stable,335,standardized,fixed,0.04478710964638641,0.06842036823741474,0.07438408888234721,7.863927144179153e-05,0.0003189797059050524,4.0,0,2.5260669167526117e-08,true,-4.589451954413205,-4.545239516679441,-4.169222635377853,0.29878015784687867,-1.3395392737094958
numerical-methods-batch-4-v1,standardized-stable,336,standardized,fixed,0.04478481273016672,0.068417761965914,0.07438406431727611,7.75490666730785e-05,0.00031455708576737674,4.0,0,2.4565071102267133e-08,true,-4.5895873988227835,-4.545442952747343,-4.1693973361555425,0.2987723202782837,-1.3396321873747459
numerical-methods-batch-4-v1,standardized-stable,337,standardized,fixed,0.04478254791363338,0.06841519202964655,0.07438404042857458,7.647409294679573e-05,0.0003101962666923773,4.0,0,2.3888701530805356e-08,true,-4.5897209650187625,-4.545643568585323,-4.169569613383505,0.29876458906208236,-1.3397238163316032
numerical-methods-batch-4-v1,standardized-stable,338,standardized,fixed,0.04478031474124961,0.06841265791538959,0.07438401719754864,7.541413424191287e-05,0.00030589637178688416,4.0,0,2.323102593626558e-08,true,-4.589852679256745,-4.545841403590912,-4.169739500965099,0.2987569627769133,-1.339814178435073
numerical-methods-batch-4-v1,standardized-stable,339,standardized,fixed,0.04477811276413478,0.06841015911735276,0.07438399460602399,7.436897769041183e-05,0.00030165653696731705,4.0,0,2.2591524651005557e-08,true,-4.589982567419468,-4.546036496603002,-4.169907032321608,0.29874944001976356,-1.3399032912895
numerical-methods-batch-4-v1,standardized-stable,340,standardized,fixed,0.044775941539961825,0.0684076951370656,0.07438397263633127,7.333841352880416e-05,0.00029747591076158535,4.0,0,2.1969692717838107e-08,true,-4.590110655022262,-4.546228885909995,-4.170072240399312,0.2987420194057516,-1.3399911722521565
numerical-methods-batch-4-v1,standardized-stable,341,standardized,fixed,0.04477380063285651,0.06840526548326654,0.07438395127129205,7.232223505046838e-05,0.00029335365411498266,4.0,0,2.136503922389732e-08,true,-4.5902369672184244,-4.5464186092578265,-4.170235157676445,0.2987346995679126,-1.3400778384367769
numerical-methods-batch-4-v1,standardized-stable,342,standardized,fixed,0.04477168961329829,0.06840286967179393,0.07438393049420503,7.132023855878089e-05,0.00028928894020184933,4.0,0,2.0777087023082785e-08,true,-4.590361528804507,-4.546605703857865,-4.170395816170049,0.29872747915698483,-1.3401633067170395
numerical-methods-batch-4-v1,standardized-stable,343,standardized,fixed,0.044769608058022804,0.06840050722547887,0.07438391028883261,7.033222332103776e-05,0.0002852809542349894,4.0,0,2.0205372416870482e-08,true,-4.590484364225529,-4.546790206394693,-4.17055424744272,0.2987203568411988,-1.340247593729998
numerical-methods-batch-4-v1,standardized-stable,344,standardized,fixed,0.044767555549926154,0.06839817767403965,0.07438389063938808,6.935799152312434e-05,0.00028132889328467606,4.0,0,1.964944452981232e-08,true,-4.5906054975801,-4.546972153033769,-4.170710482609251,0.29871333130606803,-1.3403307158794602
numerical-methods-batch-4-v1,standardized-stable,345,standardized,fixed,0.04476553167797057,0.06839588055397787,0.07438387153052284,6.83973482249541e-05,0.00027743196609258085,4.0,0,1.910886524014721e-08,true,-4.5907249526254725,-4.547151579428967,-4.170864552343173,0.2987064012541815,-1.3404126893393187
numerical-methods-batch-4-v1,standardized-stable,346,standardized,fixed,0.04476353603709184,0.06839361540847656,0.07438385294731428,6.745010131663595e-05,0.00027358939289963256,4.0,0,1.85832085553006e-08,true,-4.590842752782515,-4.547328520730011,-4.171016486883192,0.29869956540499853,-1.340493530056831
numerical-methods-batch-4-v1,standardized-stable,347,standardized,fixed,0.044761568228108096,0.06839138178729962,0.07438383487525375,6.651606147538674e-05,0.00026980040526645684,4.0,0,1.807206052861776e-08,true,-4.590958921140604,-4.547503011589786,-4.1711663160395345,0.29869282249464496,-1.3405732537558523
numerical-methods-batch-4-v1,standardized-stable,348,standardized,fixed,0.04475962785763022,0.06838917924669291,0.07438381730023505,6.559504212311672e-05,0.0002660642459011429,4.0,0,1.7575018704252265e-08,true,-4.59107348046245,-4.547675086171542,-4.171314069200185,0.298686171275712,-1.3406518759400197
numerical-methods-batch-4-v1,standardized-stable,349,standardized,fixed,0.04475771453797375,0.0683870073492872,0.07438380020854325,6.468685938475093e-05,0.00026238016849250526,4.0,0,1.709169179797687e-08,true,-4.591186453188841,-4.5478447781559925,-4.171459775337037,0.2986796105170567,-1.3407294118958901
numerical-methods-batch-4-v1,standardized-stable,350,standardized,fixed,0.04475582788707211,0.06838486566400229,0.07438378358684358,6.37913320472276e-05,0.00025874743753914785,4.0,0,1.6621699669427947e-08,true,-4.591297861443317,-4.548012120748299,-4.171603463011945,0.2986731390036041,-1.340805876696032
numerical-methods-batch-4-v1,standardized-stable,351,standardized,fixed,0.04475396752839143,0.06838275376595318,0.07438376742217101,6.29082815191467e-05,0.00025516532818905586,4.0,0,1.616467257270493e-08,true,-4.591407727036776,-4.548177146684954,-4.171745160382687,0.29866675553615174,-1.3408812852020715
numerical-methods-batch-4-v1,standardized-stable,352,standardized,fixed,0.044752133090846614,0.06838067123635705,0.07438375170191983,6.203753179109944e-05,0.00025163312607666134,4.0,0,1.57202511841259e-08,true,-4.591516071472006,-4.548339888240555,-4.171884895208832,0.29866045893117577,-1.3409556520676933
numerical-methods-batch-4-v1,standardized-stable,353,standardized,fixed,0.04475032420871887,0.0683786176624426,0.07438373641383357,6.117890939664341e-05,0.00024815012716430625,4.0,0,1.5288086255282884e-08,true,-4.591622915948148,-4.548500377234483,-4.172022694857523,0.2986542480206393,-1.3410289917415983
numerical-methods-batch-4-v1,standardized-stable,354,standardized,fixed,0.044748540521574606,0.06837659263735998,0.07438372154599544,6.033224337391915e-05,0.00024471563758673883,4.0,0,1.4867838127319288e-08,true,-4.591728281365096,-4.548658645037475,-4.172158586309168,0.29864812165180243,-1.3411013184704175
numerical-methods-batch-4-v1,standardized-stable,355,standardized,fixed,0.044746781674185526,0.06837459576009264,0.07438370708681864,5.949736522786564e-05,0.00024132897349570542,4.0,0,1.445917680031883e-08,true,-4.5918321883278255,-4.548814722578097,-4.172292596163045,0.29864207868703446,-1.3411726463015836
numerical-methods-batch-4-v1,standardized-stable,356,standardized,fixed,0.04474504731645019,0.06837262663537064,0.07438369302503729,5.867410889308812e-05,0.00023798946091171721,4.0,0,1.4061781350438451e-08,true,-4.591934657150655,-4.548968640349125,-4.172424750642826,0.2986361180036275,-1.3412429890861597
numerical-methods-batch-4-v1,standardized-stable,357,standardized,fixed,0.044743337103316724,0.06837068487358498,0.07438367934969743,5.7862310697283666e-05,0.00023469643557234613,4.0,0,1.3675339860519387e-08,true,-4.5920357078614495,-4.549120428413824,-4.172555075602009,0.29863023849361275,-1.3413123604816273
numerical-methods-batch-4-v1,standardized-stable,358,standardized,fixed,0.04474165069470685,0.06836877009070369,0.07438366605014839,5.706180932530804e-05,0.0002314492427891492,4.0,0,1.3299549045386883e-08,true,-4.592135360205757,-4.549270116412133,-4.1726835965292794,0.29862443906357794,-1.3413807739546333
numerical-methods-batch-4-v1,standardized-stable,359,standardized,fixed,0.04473998775544113,0.06836688190818888,0.07438365311603429,5.6272445783776516e-05,0.00022824723730110628,4.0,0,1.2934114099194538e-08,true,-4.59223363365088,-4.549417733566765,-4.172810338553775,0.2986187186344873,-1.3414482427836973
numerical-methods-batch-4-v1,standardized-stable,360,standardized,fixed,0.044738347955165354,0.06836501995291533,0.07438364053728579,5.549406336624788e-05,0.00022508978313551186,4.0,0,1.2578748501135273e-08,true,-4.592330547389891,-4.549563308689203,-4.17293532645029,0.2986130761415029,-1.341514780061879
numerical-methods-batch-4-v1,standardized-stable,361,standardized,fixed,0.04473673096827821,0.0683631838570904,0.07438362830411217,5.472650761901179e-05,0.00022197625346449996,4.0,0,1.2233173612985482e-08,true,-4.592426120345581,-4.549706870185617,-4.173058584644379,0.29860751053380824,-1.341580398699406
numerical-methods-batch-4-v1,standardized-stable,362,standardized,fixed,0.04473513647386013,0.06836137325817503,0.07438361640699363,5.3969626307351655e-05,0.00021890603047589825,4.0,0,1.1897118540327156e-08,true,-4.5925203711743565,-4.549848446062689,-4.1731801372174075,0.29860202077443343,-1.3416451114262649
numerical-methods-batch-4-v1,standardized-stable,363,standardized,fixed,0.044733564155603124,0.06835958779880599,0.07438360483667358,5.322326938240092e-05,0.00021587850522935675,4.0,0,1.1570320049281158e-08,true,-4.592613318270071,-4.549988063933344,-4.173300007911506,0.2985966058400826,-1.341708930794754
numerical-methods-batch-4-v1,standardized-stable,364,standardized,fixed,0.04473201370174193,0.06835782712671959,0.07438359358415152,5.248728894851227e-05,0.00021289307752961765,4.0,0,1.1252522066906856e-08,true,-4.592704979767802,-4.55012575102241,-4.173418220134461,0.2985912647209627,-1.341771869181998
numerical-methods-batch-4-v1,standardized-stable,365,standardized,fixed,0.044730484804986106,0.06835609089467637,0.07438358264067571,5.176153923115018e-05,0.00020994915579418953,4.0,0,1.094347580610222e-08,true,-4.592795373547573,-4.550261534172181,-4.173534796964527,0.29858599642061456,-1.3418339387924267
numerical-methods-batch-4-v1,standardized-stable,366,standardized,fixed,0.04472897716245337,0.06835437876038686,0.07438357199773643,5.1045876545290436e-05,0.0002070461569250994,4.0,0,1.0642939279881247e-08,true,-4.592884517238016,-4.5503954398479,-4.1736497611551755,0.29858079995574555,-1.341895151660219
numerical-methods-batch-4-v1,standardized-stable,367,standardized,fixed,0.04472749047560382,0.06835269038643899,0.07438356164705916,5.034015926434358e-05,0.0002041835061815693,4.0,0,1.035067727361838e-08,true,-4.592972428219981,-4.550527494143165,-4.173763135139757,0.2985756743560641,-1.3419555196517092
numerical-methods-batch-4-v1,standardized-stable,368,standardized,fixed,0.04472602445017534,0.06835102544022599,0.074383551580598,4.9644247789525295e-05,0.00020136063705748956,4.0,0,1.0066461150759487e-08,true,-4.593059123630095,-4.55065772278525,-4.173874941036109,0.29857061866411605,-1.3420150544677594
numerical-methods-batch-4-v1,standardized-stable,369,standardized,fixed,0.04472457879612,0.0683493835938759,0.0743835417905295,4.895800451977325e-05,0.00019857699115804892,4.0,0,9.790068505877159e-09,true,-4.593144620364261,-4.550786151140346,-4.173985200651086,0.29856563193512303,-1.342073767646098
numerical-methods-batch-4-v1,standardized-stable,370,standardized,fixed,0.04472315322754139,0.06834776452418195,0.07438353226924624,4.8281293822077814e-05,0.00019583201807907752,4.0,0,9.521283261815228e-09,true,-4.59322893508111,-4.550912804218734,-4.174093935485024,0.2985607132368221,-1.3421316705636244
numerical-methods-batch-4-v1,standardized-stable,371,standardized,fixed,0.04472174746263309,0.06834616791253408,0.07438352300935099,4.761398200234638e-05,0.00019312517528874312,4.0,0,9.259895253355133e-09,true,-4.593312084205403,-4.551037706679864,-4.174201166736139,0.29855586164930764,-1.3421887744386785
numerical-methods-batch-4-v1,standardized-stable,372,standardized,fixed,0.044720361223617965,0.06834459344485161,0.07438351400365081,4.695593727666874e-05,0.0001904559280094642,4.0,0,9.005700171704767e-09,true,-4.593394083931372,-4.551160882837377,-4.174306915304859,0.2985510762648749,-1.3422450903332792
numerical-methods-batch-4-v1,standardized-stable,373,standardized,fixed,0.04471899423668851,0.06834304081151674,0.07438350524515143,4.630702974307007e-05,0.0001878237491064459,4.0,0,8.758499384087237e-09,true,-4.593474950226029,-4.551282356664038,-4.174411201798094,0.2985463561878652,-1.3423006291553308
numerical-methods-batch-4-v1,standardized-stable,374,standardized,fixed,0.04471764623194808,0.06834150970730919,0.07438349672705163,4.566713135369621e-05,0.00018522811897257263,4.0,0,8.518099794962986e-09,true,-4.593554698832408,-4.55140215179661,-4.174514046533437,0.29854170053451284,-1.3423554016607953
numerical-methods-batch-4-v1,standardized-stable,375,standardized,fixed,0.04471631694335312,0.06833999983134208,0.07438348844273801,4.503611588744165e-05,0.00018266852541471318,4.0,0,8.284313623985184e-09,true,-4.593633345272769,-4.55152029154064,-4.17461546954331,0.2985371084327941,-1.342409418455836
numerical-methods-batch-4-v1,standardized-stable,376,standardized,fixed,0.04471500610865626,0.0683385108869983,0.07438348038577976,4.4413858922989126e-05,0.00018014446354967662,4.0,0,8.056958253344071e-09,true,-4.593710904851754,-4.5516367988751885,-4.1747154905790405,0.2985325790222774,-1.342462689998928
numerical-methods-batch-4-v1,standardized-stable,377,standardized,fixed,0.0447137134693502,0.06833704258186829,0.07438347254992342,4.3800237812308746e-05,0.0001776554356920745,4.0,0,7.835856338789249e-09,true,-4.593787392659494,-4.551751696457482,-4.174814129114885,0.2985281114539757,-1.34251522660294
numerical-methods-batch-4-v1,standardized-stable,378,standardized,fixed,0.0447124387706127,0.06833559462768869,0.07438346492908822,4.31951316545169e-05,0.00017520095124961982,4.0,0,7.620835199007026e-09,true,-4.593862823574669,-4.5518650066275,-4.174911404351986,0.2985237048902001,-1.3425670384371848
numerical-methods-batch-4-v1,standardized-stable,379,standardized,fixed,0.0447111817612522,0.06833416674028171,0.07438345751736111,4.259842127019974e-05,0.00017278052661756443,4.0,0,7.411727107053956e-09,true,-4.593937212267524,-4.5519767514124885,-4.175007335222278,0.2985193585044157,-1.3426181355294404
numerical-methods-batch-4-v1,standardized-stable,380,standardized,fixed,0.044709942193654435,0.06833275863949574,0.07438345030899217,4.2009989176094825e-05,0.00017039368508061267,4.0,0,7.208368943412147e-09,true,-4.594010573202846,-4.55208695253142,-4.175101940392327,0.29851507148109857,-1.3426685277679433
numerical-methods-batch-4-v1,standardized-stable,381,standardized,fixed,0.04470871982372986,0.0683313700491466,0.07438344329839014,4.1429719560173564e-05,0.00016803995670442026,4.0,0,7.0106020294558036e-09,true,-4.5940829206428875,-4.552195631399371,-4.175195238267122,0.2985108430155946,-1.3427182249033516
numerical-methods-batch-4-v1,standardized-stable,382,standardized,fixed,0.04470751441086182,0.06833000069695992,0.07438343648011789,4.0857498257150415e-05,0.0001657188782410553,4.0,0,6.818272252351321e-09,true,-4.594154268650251,-4.552302809131851,-4.175287246993802,0.2985066723139802,-1.3427672365506802
numerical-methods-batch-4-v1,standardized-stable,383,standardized,fixed,0.04470632571785557,0.06832865031451418,0.07438342984888824,4.029321272430681e-05,0.00016342999302825062,4.0,0,6.631229648723647e-09,true,-4.594224631090734,-4.552408506549057,-4.175377984465336,0.2985025585929241,-1.3428155721912092
numerical-methods-batch-4-v1,standardized-stable,384,standardized,fixed,0.044705153510888156,0.06832731863718482,0.07438342339955986,3.9736752017737464e-05,0.00016117285089705467,4.0,0,6.449328376900709e-09,true,-4.59429402163613,-4.552512744180069,-4.175467468324144,0.2984985010795514,-1.3428632411743635
numerical-methods-batch-4-v1,standardized-stable,385,standardized,fixed,0.044703997559458974,0.0683260054040892,0.07438341712713313,3.9188006768945455e-05,0.00015894700807117407,4.0,0,6.272426730791203e-09,true,-4.594362453766987,-4.55261554226699,-4.175555715965665,0.29849449901130864,-1.3429102527195664
numerical-methods-batch-4-v1,standardized-stable,386,standardized,fixed,0.04470285763634108,0.06832471035803193,0.07438341102674623,3.8646869161802435e-05,0.00015675202707562892,4.0,0,6.100386903962196e-09,true,-4.594429940775325,-4.552716920769014,-4.175642744541873,0.2984905516358309,-1.3429566159180661
numerical-methods-batch-4-v1,standardized-stable,387,standardized,fixed,0.044701733517533364,0.06832343324545194,0.07438340509367136,3.8113232909872574e-05,0.0001545874766469799,4.0,0,5.933074864739041e-09,true,-4.594496495767319,-4.552816899366446,-4.175728570964745,0.2984866582108102,-1.3430023397347366
numerical-methods-batch-4-v1,standardized-stable,388,standardized,fixed,0.044700624982213354,0.0683221738163694,0.07438339932331102,3.7586993234062544e-05,0.0001524529316390127,4.0,0,5.770360342327585e-09,true,-4.594562131665936,-4.552915497464654,-4.175813211909671,0.29848281800386567,-1.3430474330098519
numerical-methods-batch-4-v1,standardized-stable,389,standardized,fixed,0.04469953181269081,0.06832093182433407,0.07438339371119439,3.706804684063174e-05,0.0001503479729362038,4.0,0,5.612116632525144e-09,true,-4.594626861213537,-4.55301273419797,-4.175896683818819,0.2984790302924149,-1.3430919044608352
numerical-methods-batch-4-v1,standardized-stable,390,standardized,fixed,0.04469845379436204,0.06831970702637426,0.07438338825297383,3.655629189955631e-05,0.00014827218736209979,4.0,0,5.458220556087134e-09,true,-4.594690696974442,-4.553108628433529,-4.17597900290445,0.2984752943635473,-1.3431357626839837
numerical-methods-batch-4-v1,standardized-stable,391,standardized,fixed,0.04469739071566483,0.06831849918294625,0.07438338294442152,3.6051628023177195e-05,0.0001462251675982193,4.0,0,5.308552306071412e-09,true,-4.594753651337453,-4.5532031987750585,-4.176060185152183,0.2984716095138986,-1.3431790161561683
numerical-methods-batch-4-v1,standardized-stable,392,standardized,fixed,0.04469634236803414,0.06831730805788526,0.07438337778142604,3.555395624523585e-05,0.00014420651209271594,4.0,0,5.1629954894716334e-09,true,-4.5948157365183455,-4.553296463566605,-4.176140246324214,0.2984679750495271,-1.3432216732365079
numerical-methods-batch-4-v1,standardized-stable,393,standardized,fixed,0.04469530854585851,0.0683161334183562,0.07438337275998927,3.506317900016973e-05,0.00014221582498079947,4.0,0,5.021436766394771e-09,true,-4.594876964562319,-4.553388440896213,-4.176219201962484,0.29846439028579114,-1.3432637421680214
numerical-methods-batch-4-v1,standardized-stable,394,standardized,fixed,0.044694289046437005,0.0683149750348058,0.07438336787622313,3.457920010276946e-05,0.00014025271600057808,4.0,0,4.883766141494661e-09,true,-4.594937347346416,-4.553479148599544,-4.176297067391809,0.29846085454722815,-1.3433052310792557
numerical-methods-batch-4-v1,standardized-stable,395,standardized,fixed,0.044693283669936995,0.0683138326809153,0.07438336312634666,3.410192472813248e-05,0.00013831680041093418,4.0,0,4.7498764643716385e-09,true,-4.594996896581902,-4.55356860426345,-4.1763738577229566,0.2984573671674355,-1.3433461479858897
numerical-methods-batch-4-v1,standardized-stable,396,standardized,fixed,0.04469229221935242,0.06831270613355375,0.07438335850668305,3.363125939190958e-05,0.00013640769891221604,4.0,0,4.619663609983782e-09,true,-4.595055623816613,-4.553656825229492,-4.176449587855677,0.2984539274889523,-1.3433865007923163
numerical-methods-batch-4-v1,standardized-stable,397,standardized,fixed,0.04469131450046271,0.06831159517273226,0.07438335401365657,3.316711193086065e-05,0.00013452503756729775,4.0,0,4.493026478646911e-09,true,-4.595113540437268,-4.553743828597405,-4.176524272481696,0.2984505348631428,-1.343426297293201
numerical-methods-batch-4-v1,standardized-stable,398,standardized,fixed,0.044690350321792506,0.0683104995815585,0.07438334964379009,3.2709391483727944e-05,0.000132668447723791,4.0,0,4.369866482556439e-09,true,-4.5951706576717495,-4.553829631228515,-4.1765979260876644,0.2984471886500814,-1.343465545175019
numerical-methods-batch-4-v1,standardized-stable,399,standardized,fixed,0.04468939949457174,0.06830941914619248,0.07438334539370207,3.225800847235083e-05,0.00013083756593496357,4.0,0,4.250088017632159e-09,true,-4.595226986591348,-4.553914249749108,-4.176670562958053,0.2984438882184387,-1.3435042520175708
numerical-methods-batch-4-v1,standardized-stable,400,standardized,fixed,0.0446884618326965,0.06830835365580239,0.07438334126010411,3.1812874583112874e-05,0.00012903203388958434,4.0,0,4.133597963917879e-09,true,-4.595282538112978,-4.553997700553748,-4.176742197178022,0.29844063294536927,-1.3435424252954744
numerical-methods-batch-4-v1,standardized-stable,401,standardized,fixed,0.04468753715269044,0.06830730290252143,0.07438333723979827,3.1373902748650836e-05,0.00012725149833229133,4.0,0,4.020305838237093e-09,true,-4.595337323001355,-4.554079999808547,-4.176812842636237,0.2984374222164006,-1.343580072379638
numerical-methods-batch-4-v1,standardized-stable,402,standardized,fixed,0.044686625273666715,0.06830626668140549,0.07438333332967462,3.094100712982165e-05,0.00012549561099446744,4.0,0,3.910123655415099e-09,true,-4.595391351871149,-4.554161163454389,-4.176882513027648,0.29843425542532365,-1.3436172005387113
numerical-methods-batch-4-v1,standardized-stable,403,standardized,fixed,0.04468572601729058,0.06830524479039073,0.07438332952670881,3.0514103097995767e-05,0.0001237640285190894,4.0,0,3.8029658033789104e-09,true,-4.595444635189104,-4.554241207210107,-4.176951221856228,0.29843113197408416,-1.3436538169405157
numerical-methods-batch-4-v1,standardized-stable,404,standardized,fixed,0.04468483920774249,0.06830423703025273,0.07438332582795966,3.009310721755e-05,0.00012205641239173042,4.0,0,3.698749154179559e-09,true,-4.5954971832761204,-4.554320146575614,-4.177018982437673,0.2984280512726763,-1.3436899286534545
numerical-methods-batch-4-v1,standardized-stable,405,standardized,fixed,0.04468396467168182,0.06830324320456546,0.07438332223056693,2.9677937228669098e-05,0.0001203724288701792,4.0,0,3.5973927309251863e-09,true,-4.59554900630932,-4.554397996834987,-4.177085807902058,0.2984250127390365,-1.3437255426479036
numerical-methods-batch-4-v1,standardized-stable,406,standardized,fixed,0.044683102238211106,0.06830226311966135,0.07438331873174907,2.9268512030408167e-05,0.00011871174891465357,4.0,0,3.4988178604367093e-09,true,-4.595600114324069,-4.554474773059511,-4.177151711196463,0.29842201579893946,-1.343760665797581
numerical-methods-batch-4-v1,standardized-stable,407,standardized,fixed,0.04468225173884068,0.0683012965845917,0.07438331532880096,2.8864751663962122e-05,0.0001170740481218127,4.0,0,3.4029481038588827e-09,true,-4.595650517215978,-4.5545504901106755,-4.1772167050875515,0.29841905988589496,-1.3437953048808986
numerical-methods-batch-4-v1,standardized-stable,408,standardized,fixed,0.04468141300745418,0.0683003434110879,0.07438331201909197,2.8466577296259165e-05,0.00011545900665615174,4.0,0,3.3097089929823298e-09,true,-4.595700224742872,-4.554625162643126,-4.17728080216412,0.29841614444104636,-1.3438294665822934
numerical-methods-batch-4-v1,standardized-stable,409,standardized,fixed,0.04468058588027421,0.06829940341352289,0.07438330880006376,2.807391120374068e-05,0.00011386630918474588,4.0,0,3.219028210654784e-09,true,-4.595749246526734,-4.55469880510758,-4.177344014839603,0.29841326891306974,-1.3438631574935407
numerical-methods-batch-4-v1,standardized-stable,410,standardized,fixed,0.044679770195828694,0.06829847640887352,0.07438330566922831,2.768667675638911e-05,0.00011229564481503774,4.0,0,3.130835452003211e-09,true,-4.595797592055614,-4.554771431753694,-4.1774063553545515,0.29841043275807505,-1.3438963841150482
numerical-methods-batch-4-v1,standardized-stable,411,standardized,fixed,0.044678965794917785,0.06829756221668333,0.07438330262416605,2.7304798402044037e-05,0.00011074670702547813,4.0,0,3.045062257900355e-09,true,-4.595845270685519,-4.554843056632893,-4.177467835779063,0.2984076354395079,-1.343929152857132
numerical-methods-batch-4-v1,standardized-stable,412,standardized,fixed,0.04467817252058112,0.06829666065902587,0.07438329966252391,2.6928201650889194e-05,0.00010921919360813644,4.0,0,2.9616421398648285e-09,true,-4.595892291642271,-4.554913693601159,-4.177528468015189,0.2984048764280527,-1.3439614700412743
numerical-methods-batch-4-v1,standardized-stable,413,standardized,fixed,0.044677390218065716,0.06829577156046855,0.07438329678201351,2.655681306021504e-05,0.00010771280660380887,4.0,0,2.8805103996498715e-09,true,-4.595938664023337,-4.554983356321777,-4.1775882637993,0.2984021552015375,-1.343993341901364
numerical-methods-batch-4-v1,standardized-stable,414,standardized,fixed,0.044676618734794185,0.06829489474803714,0.07438329398040935,2.6190560219406026e-05,0.00010622725224077937,4.0,0,2.801604156998927e-09,true,-4.595984396799635,-4.555052058268046,-4.177647234704419,0.29839947124483923,-1.3440247745849183
numerical-methods-batch-4-v1,standardized-stable,415,standardized,fixed,0.04467585792033359,0.06829403005118068,0.07438329125554716,2.5829371735113594e-05,0.00010476224087725904,4.0,0,2.7248621969899744e-09,true,-4.596029498817317,-4.5551198127259465,-4.177705392142521,0.2983968240497908,-1.3440557741542887
numerical-methods-batch-4-v1,standardized-stable,416,standardized,fixed,0.04467510762636464,0.06829317730173674,0.07438328860532203,2.547317721668166e-05,0.00010331748694047405,4.0,0,2.6502251226911966e-09,true,-4.596073978799519,-4.555186632796773,-4.177762747366798,0.2983942131150889,-1.344086346587848
numerical-methods-batch-4-v1,standardized-stable,417,standardized,fixed,0.04467436770665142,0.06829233633389775,0.07438328602768705,2.5121907261812212e-05,0.00010189270886717071,4.0,0,2.577634980460708e-09,true,-4.596117845348093,-4.555252531399727,-4.177819311473899,0.2983916379462032,-1.3441164977811635
numerical-methods-batch-4-v1,standardized-stable,418,standardized,fixed,0.04467363801701145,0.06829150698417721,0.0743832835206514,2.4775493442370795e-05,0.00010048762904757126,4.0,0,2.5070356485246137e-09,true,-4.59616110694531,-4.555317521274474,-4.177875095406121,0.29838909805528696,-1.34414623354815
numerical-methods-batch-4-v1,standardized-stable,419,standardized,fixed,0.044672918415286464,0.06829068909137669,0.07438328108227907,2.4433868290493137e-05,9.910197376970873e-05,4.0,0,2.4383723373766486e-09,true,-4.596203771955538,-4.555381614983662,-4.177930109953589,0.298386592961088,-1.3441755596222087
numerical-methods-batch-4-v1,standardized-stable,420,standardized,fixed,0.044672208761313247,0.0682898824965533,0.07438327871068717,2.4096965284810042e-05,9.773547316185456e-05,4.0,0,2.3715918950895087e-09,true,-4.596245848626901,-4.555444824915408,-4.177984365756392,0.2983841221888617,-1.3442044816573504
numerical-methods-batch-4-v1,standardized-stable,421,standardized,fixed,0.0446715089168952,0.06828908704298763,0.07438327640404457,2.3764718836946674e-05,9.638786113978533e-05,4.0,0,2.3066425991480344e-09,true,-4.596287345092909,-4.555507163285744,-4.178037873306689,0.29838168527028425,-1.344233005229301
numerical-methods-batch-4-v1,standardized-stable,422,standardized,fixed,0.0446708187457742,0.06828830257615207,0.07438327416057045,2.3437064278176216e-05,9.505887534771278e-05,4.0,0,2.2434741286936344e-09,true,-4.596328269374067,-4.55556864214103,-4.17809064295079,0.29837928174336786,-1.3442611358365928
numerical-methods-batch-4-v1,standardized-stable,423,standardized,fixed,0.04467013811360291,0.06828752894367979,0.07438327197853288,2.3113937846302697e-05,9.374825711271316e-05,4.0,0,2.1820375645242862e-09,true,-4.59636862937946,-4.555629273360338,-4.178142684891201,0.2983769111523764,-1.3442888789016403
numerical-methods-batch-4-v1,standardized-stable,424,standardized,fixed,0.044669466887917446,0.0682867659953339,0.07438326985624749,2.279527667270014e-05,9.245575138528535e-05,4.0,0,2.122285389094536e-09,true,-4.596408432908317,-4.555689068657788,-4.178194009188648,0.2983745730477422,-1.3443162397718
numerical-methods-batch-4-v1,standardized-stable,425,standardized,fixed,0.04466880493811058,0.06828601358297734,0.07438326779207621,2.2481018769605137e-05,9.118110669061943e-05,4.0,0,2.064171278348681e-09,true,-4.596447687651549,-4.555748039584867,-4.178244625764062,0.2983722669859841,-1.3443432237204163
numerical-methods-batch-4-v1,standardized-stable,426,standardized,fixed,0.044668152135405106,0.06828527156054294,0.0743832657844259,2.2171103017500497e-05,8.99240750783229e-05,4.0,0,2.0076503098875875e-09,true,-4.596486401193274,-4.555806197532705,-4.178294544400545,0.2983699925296268,-1.3443698359478515
numerical-methods-batch-4-v1,standardized-stable,427,standardized,fixed,0.044667508352827894,0.0682845397840043,0.07438326383174722,2.1865469152794503e-05,8.868441206975555e-05,4.0,0,1.952678685412934e-09,true,-4.596524581012304,-4.55586355373432,-4.1783437747453,0.29836774924712045,-1.3443960815825031
numerical-methods-batch-4-v1,standardized-stable,428,standardized,fixed,0.04466687346518409,0.06828381811134648,0.07438326193253333,2.1564057755597866e-05,8.746187661115017e-05,4.0,0,1.8992138833828776e-09,true,-4.5965622344836286,-4.555920119266833,-4.1783923263115375,0.2983655367127621,-1.3444219656818042
numerical-methods-batch-4-v1,standardized-stable,429,standardized,fixed,0.044666247349031754,0.06828310640253794,0.07438326008531876,2.126681023771095e-05,8.625623102185576e-05,4.0,0,1.8472145757453262e-09,true,-4.5965993688798665,-4.555975905053651,-4.178440208480356,0.2983633545066176,-1.344447493233212
numerical-methods-batch-4-v1,standardized-stable,430,standardized,fixed,0.044665629882656994,0.06828240451950207,0.07438325828867833,2.0973668830825874e-05,8.506724095053969e-05,4.0,0,1.7966404336489106e-09,true,-4.5966359913726995,-4.556030921866616,-4.178487430502593,0.2983612022144448,-1.3444726691551818
numerical-methods-batch-4-v1,standardized-stable,431,standardized,fixed,0.04466502094604928,0.06828171232608961,0.0743832565412259,2.06845765747919e-05,8.389467532338286e-05,4.0,0,1.7474524188765272e-09,true,-4.5966721090342855,-4.55608518032813,-4.17853400150065,0.2983590794276175,-1.3444974982981266
numerical-methods-batch-4-v1,standardized-stable,432,standardized,fixed,0.04466442042087723,0.06828102968805146,0.07438325484161343,2.0399477306201262e-05,8.273830629889501e-05,4.0,0,1.6996124785340072e-09,true,-4.596707728838652,-4.55613869091324,-4.178579930470292,0.29835698574305075,-1.3445219854453638
numerical-methods-batch-4-v1,standardized-stable,433,standardized,fixed,0.044663828190464785,0.06828035647301177,0.0743832531885299,2.0118315647005078e-05,8.159790922488082e-05,4.0,0,1.653083531172328e-09,true,-4.596742857663069,-4.556191463951706,-4.1786252262824215,0.2983549207631266,-1.3445461353140487
numerical-methods-batch-4-v1,standardized-stable,434,standardized,fixed,0.04466324413976759,0.06827969255044126,0.07438325158070021,1.9841036993400736e-05,8.047326258817448e-05,4.0,0,1.6078296888322186e-09,true,-4.596777502289403,-4.556243509630025,-4.178669897684827,0.29835288409562133,-1.3445699525560943
numerical-methods-batch-4-v1,standardized-stable,435,standardized,fixed,0.04466266815534988,0.06827903779163141,0.0743832500168843,1.956758750480641e-05,7.93641479734174e-05,4.0,0,1.5638159100994642e-09,true,-4.596811669405453,-4.5562948379934385,-4.178713953303906,0.2983508753536333,-1.3445934417590792
numerical-methods-batch-4-v1,standardized-stable,436,standardized,fixed,0.0446621001253616,0.06827839206966847,0.07438324849587613,1.929791409305087e-05,7.827035001867588e-05,4.0,0,1.5210081666383601e-09,true,-4.596845365606262,-4.556345458947907,-4.178757401646365,0.2983488941555117,-1.344616607447141
numerical-methods-batch-4-v1,standardized-stable,437,standardized,fixed,0.0446615399395159,0.06827775525940813,0.07438324701650278,1.9031964411674697e-05,7.7191656371919e-05,4.0,0,1.479373346047197e-09,true,-4.59687859739542,-4.556395382262053,-4.178800251100894,0.2983469401247864,-1.3446394540818594
numerical-methods-batch-4-v1,standardized-stable,438,standardized,fixed,0.04466098748906696,0.06827712723745068,0.07438324557762346,1.876968684543576e-05,7.612785764636298e-05,4.0,0,1.4388793212471995e-09,true,-4.596911371186335,-4.556444617569085,-4.178842509939816,0.29834501289009874,-1.3446619860631248
numerical-methods-batch-4-v1,standardized-stable,439,standardized,fixed,0.044660442666788105,0.06827650788211632,0.07438324417812872,1.8511030499924817e-05,7.507874738201792e-05,4.0,0,1.39949474231571e-09,true,-4.596943693303503,-4.556493174368682,-4.178884186320718,0.29834311208513287,-1.344684207729996
numerical-methods-batch-4-v1,standardized-stable,440,standardized,fixed,0.04465990536695032,0.06827589707342069,0.07438324281693956,1.8255945191362363e-05,7.404412199957978e-05,4.0,0,1.361189161386278e-09,true,-4.596975569983739,-4.556541062028864,-4.178925288288051,0.2983412373485484,-1.3447061233615458
numerical-methods-batch-4-v1,standardized-stable,441,standardized,fixed,0.044659375485300946,0.06827529469305124,0.07438324149300651,1.800438143652536e-05,7.302378076547646e-05,4.0,0,1.3239330465264487e-09,true,-4.59700700737741,-4.556588289787828,-4.178965823774715,0.29833938832391366,-1.3447277371776936
numerical-methods-batch-4-v1,standardized-stable,442,standardized,fixed,0.044658852919042855,0.06827470062434345,0.074383240205309,1.7756290442830892e-05,7.201752574600089e-05,4.0,0,1.2876975180597938e-09,true,-4.597038011549641,-4.5566348667557595,-4.179005800603618,0.29833756465964006,-1.3447490533400277
numerical-methods-batch-4-v1,standardized-stable,443,standardized,fixed,0.04465833756681376,0.06827411475225766,0.07438323895285437,1.751162409856925e-05,7.102516177139027e-05,4.0,0,1.2524546261216685e-09,true,-4.597068588481502,-4.556680801916621,-4.179045226489211,0.29833576600891704,-1.3447700759526158
numerical-methods-batch-4-v1,standardized-stable,444,standardized,fixed,0.04465782932866597,0.0682735369633562,0.07438323773467723,1.727033496325559e-05,7.004649639421473e-05,4.0,0,1.2181771424923937e-09,true,-4.597098744071185,-4.556726104129913,-4.179084109039003,0.2983339920296479,-1.344790809062803
numerical-methods-batch-4-v1,standardized-stable,445,standardized,fixed,0.044657328106046265,0.06827296714578072,0.07438323654983862,1.7032376258139326e-05,6.9081339852695e-05,4.0,0,1.18483860223062e-09,true,-4.597128484135159,-4.556770782132407,-4.17912245575506,0.2983322423843866,-1.3448112566619999
numerical-methods-batch-4-v1,standardized-stable,446,standardized,fixed,0.04465683380177632,0.06827240518923,0.07438323539742542,1.679770185686747e-05,6.812950503202253e-05,4.0,0,1.1524132065288129e-09,true,-4.597157814409312,-4.556814844539862,-4.17916027403547,0.29833051674027555,-1.3448314226864595
numerical-methods-batch-4-v1,standardized-stable,447,standardized,fixed,0.044656346320033145,0.06827185098493811,0.07438323427654947,1.656626627623936e-05,6.719080742706894e-05,4.0,0,1.1208759476133423e-09,true,-4.597186740550073,-4.55685829984871,-4.179197571175801,0.2983288147689837,-1.3448513110180425
numerical-methods-batch-4-v1,standardized-stable,448,standardized,fixed,0.04465586556632996,0.06827130442565262,0.07438323318634701,1.633802466713602e-05,6.626506510523756e-05,4.0,0,1.090202456088818e-09,true,-4.597215268135522,-4.55690115643772,-4.179234354370529,0.2983271361466459,-1.3448709254849722
numerical-methods-batch-4-v1,standardized-stable,449,standardized,fixed,0.044655391447497375,0.06827076540561339,0.07438323212597796,1.6112932805559602e-05,6.535209866846192e-05,4.0,0,1.0603690564492396e-09,true,-4.597243402666483,-4.5569434225696375,-4.179270630714447,0.29832548055380287,-1.3448902698625798
numerical-methods-batch-4-v1,standardized-stable,450,standardized,fixed,0.04465492387166467,0.06827023382053166,0.07438323109462525,1.5890947083821106e-05,6.445173122225582e-05,4.0,0,1.0313527115668464e-09,true,-4.597271149567599,-4.556985106392802,-4.179306407204061,0.29832384767534187,-1.344909347874037
numerical-methods-batch-4-v1,standardized-stable,451,standardized,fixed,0.04465446274824158,0.06826970956756916,0.07438323009149425,1.56720245018187e-05,6.356378833518125e-05,4.0,0,1.0031309949365408e-09,true,-4.597298514188399,-4.557026215942742,-4.1793416907389584,0.2983222372004383,-1.344928163191081
numerical-methods-batch-4-v1,standardized-stable,452,standardized,fixed,0.04465400798790012,0.0682691925453179,0.07438322911581209,1.5456122658490084e-05,6.268809800749106e-05,4.0,0,9.75682160064828e-10,true,-4.597325501804338,-4.557066759143748,-4.179376488123159,0.2983206488224982,-1.344946719434727
numerical-methods-batch-4-v1,standardized-stable,453,standardized,fixed,0.04465355950255686,0.06826868265377999,0.07438322816682715,1.5243199743350044e-05,6.182449063409142e-05,4.0,0,9.489849461807864e-10,true,-4.597352117617835,-4.557106743810416,-4.179410806066451,0.298319082239101,-1.3449650201759735
numerical-methods-batch-4-v1,standardized-stable,454,standardized,fixed,0.04465311720535529,0.06826817979434781,0.0743832272438083,1.5033214528176268e-05,6.097279897333797e-05,4.0,0,9.230188419140362e-10,true,-4.59737836675929,-4.557146177649185,-4.179444651185698,0.29831753715194353,-1.3449830689364939
numerical-methods-batch-4-v1,standardized-stable,455,standardized,fixed,0.04465268101064857,0.06826768386978445,0.07438322634604456,1.4826126358783124e-05,6.013285811296961e-05,4.0,0,8.977637383500436e-10,true,-4.597404254288082,-4.557185068259834,-4.179478030006146,0.29831601326678464,-1.3450008691893223
numerical-methods-batch-4-v1,standardized-stable,456,standardized,fixed,0.04465225083398252,0.06826719478420464,0.07438322547284441,1.4621895146963968e-05,5.9304505434946073e-05,4.0,0,8.732001510747267e-10,true,-4.597429785193567,-4.557223423136973,-4.179510948962686,0.29831451029339023,-1.3450184243595271
numerical-methods-batch-4-v1,standardized-stable,457,standardized,fixed,0.04465182659207869,0.06826671244305553,0.07438322462353528,1.442048136249669e-05,5.848758058808058e-05,4.0,0,8.493091369077277e-10,true,-4.5974549643960465,-4.557261249671504,-4.1795434144011265,0.29831302794547954,-1.345035737824877
numerical-methods-batch-4-v1,standardized-stable,458,standardized,fixed,0.04465140820281791,0.06826623675309809,0.07438322379746298,1.4221846025291508e-05,5.768192545019226e-05,4.0,0,8.260722939024134e-10,true,-4.597479796747731,-4.557298555152068,-4.179575432579425,0.29831156594067176,-1.3450528129164951
numerical-methods-batch-4-v1,standardized-stable,459,standardized,fixed,0.044650995585223945,0.06826576762238881,0.07438322299399136,1.4025950697654051e-05,5.688738410126303e-05,4.0,0,8.034716225679972e-10,true,-4.597504287033687,-4.557335346766461,-4.179607009668919,0.29831012400043333,-1.3450696529195076
numerical-methods-batch-4-v1,standardized-stable,460,standardized,fixed,0.044650588659447404,0.06826530496026124,0.07438322221250165,1.3832757476665597e-05,5.6103802790758947e-05,4.0,0,7.814897062807802e-10,true,-4.597528439972775,-4.557371631603046,-4.179638151755525,0.29830870185002617,-1.34508626107368
numerical-methods-batch-4-v1,standardized-stable,461,standardized,fixed,0.04465018734674981,0.06826484867730837,0.07438322145239203,1.364222898662602e-05,5.533102990678202e-05,4.0,0,7.601096280174247e-10,true,-4.597552260218567,-4.55740741665213,-4.179668864840936,0.2983072992184565,-1.345102640574046
numerical-methods-batch-4-v1,standardized-stable,462,standardized,fixed,0.04464979156948808,0.06826439868536474,0.07438322071307717,1.3454328371659806e-05,5.456891594697189e-05,4.0,0,7.393148593326515e-10,true,-4.597575752360257,-4.557442708807332,-4.179699154843787,0.2983059158384243,-1.3451187945715282
numerical-methods-batch-4-v1,standardized-stable,463,standardized,fixed,0.04464940125109907,0.06826395489748918,0.0743832199939878,1.3269019288431202e-05,5.381731348660593e-05,4.0,0,7.190893713815427e-10,true,-4.597598920923555,-4.557477514866923,-4.179729027600816,0.2983045514462733,-1.345134726173548
numerical-methods-batch-4-v1,standardized-stable,464,standardized,fixed,0.04464901631608438,0.06826351722794767,0.07438321929457024,1.3086265898891687e-05,5.3076077154157105e-05,4.0,0,6.994175516528145e-10,true,-4.597621770371573,-4.557511841535157,-4.179758488868003,0.2983032057819421,-1.3451504384446298
numerical-methods-batch-4-v1,standardized-stable,465,standardized,fixed,0.04464863668999538,0.06826308559219628,0.07438321861428598,1.2906032863237225e-05,5.234506359592036e-05,4.0,0,6.802842594799685e-10,true,-4.597644305105693,-4.557545695423575,-4.179787544321691,0.29830187858891516,-1.3451659344069942
numerical-methods-batch-4-v1,standardized-stable,466,standardized,fixed,0.04464826229941855,0.06826265990686461,0.07438321795261128,1.2728285332861036e-05,5.1624131452707266e-05,4.0,0,6.616747011412016e-10,true,-4.597666529466427,-4.557579083052294,-4.179816199559698,0.29830056961417534,-1.3451812170411446
numerical-methods-batch-4-v1,standardized-stable,467,standardized,fixed,0.0446478930719608,0.06826224008973937,0.07438321730903674,1.2552988943479526e-05,5.0913141331616514e-05,4.0,0,6.435745408817084e-10,true,-4.597688447734263,-4.557612010851281,-4.179844460102409,0.2982992786081563,-1.3451962892864449
numerical-methods-batch-4-v1,standardized-stable,468,standardized,fixed,0.04464752893623527,0.06826182605974815,0.07438321668306694,1.2380109808333264e-05,5.021195577369337e-05,4.0,0,6.259698037691663e-10,true,-4.597710064130497,-4.5576444851616005,-4.179872331393849,0.29829800532469614,-1.3452111540416891
numerical-methods-batch-4-v1,standardized-stable,469,standardized,fixed,0.04464716982184709,0.0682614177369434,0.07438321607421998,1.2209614511487478e-05,4.952043923320594e-05,4.0,0,6.088469589604628e-10,true,-4.59773138281806,-4.557676512236654,-4.179899818802749,0.2982967495209911,-1.3452258141656637
numerical-methods-batch-4-v1,standardized-stable,470,standardized,fixed,0.04464681565937954,0.06826101504248676,0.0743832154820272,1.2041470101209811e-05,4.883845804607418e-05,4.0,0,5.92192780923817e-10,true,-4.597752407902328,-4.557708098243396,-4.179926927623593,0.29829551095755036,-1.345240272477701
numerical-methods-batch-4-v1,standardized-stable,471,standardized,fixed,0.04464646638038029,0.06826061789863348,0.07438321490603278,1.1875644083490832e-05,4.816588040474811e-05,4.0,0,5.759944188277188e-10,true,-4.597773143431918,-4.557739249263538,-4.179953663077647,0.298294289398151,-1.345254531758226
numerical-methods-batch-4-v1,standardized-stable,472,standardized,fixed,0.04464612191734792,0.06826022622871727,0.0743832143457934,1.1712104415588611e-05,4.750257633403005e-05,4.0,0,5.602393826631413e-10,true,-4.597793593399482,-4.557769971294726,-4.179980030313981,0.298293084609794,-1.3452685947492948
numerical-methods-batch-4-v1,standardized-stable,473,standardized,fixed,0.04464578220371844,0.06825983995713508,0.0743832138008778,1.1550819499729339e-05,4.684841766259472e-05,4.0,0,5.449155987546916e-10,true,-4.59781376174248,-4.5578002702517155,-4.18000603441047,0.2982918963626604,-1.3452824641551255
numerical-methods-batch-4-v1,standardized-stable,474,standardized,fixed,0.04464544717385236,0.06825945900933217,0.07438321327086667,1.13917581768596e-05,4.620327799912992e-05,4.0,0,5.300111322048551e-10,true,-4.597833652343951,-4.557830151967518,-4.180031680374782,0.2982907244300685,-1.3452961426426226
numerical-methods-batch-4-v1,standardized-stable,475,standardized,fixed,0.04464511676302158,0.06825908331178768,0.07438321275535209,1.1234889720508906e-05,4.556703270746721e-05,4.0,0,5.155145754720536e-10,true,-4.597853269033265,-4.5578596221945356,-4.180056973145358,0.29828956858843114,-1.3453096328418932
numerical-methods-batch-4-v1,standardized-stable,476,standardized,fixed,0.04464479090739662,0.06825871279199998,0.07438321225393729,1.1080183830706168e-05,4.493955888200454e-05,4.0,0,5.014147985704653e-10,true,-4.597872615586869,-4.5578886866056845,-4.180081917592369,0.29828842861721405,-1.345322937346756
numerical-methods-batch-4-v1,standardized-stable,477,standardized,fixed,0.044644469544034136,0.06825834737847254,0.0743832117662365,1.0927610628043767e-05,4.43207353231567e-05,4.0,0,4.877007964143587e-10,true,-4.597891695729025,-4.557917350795493,-4.180106518518669,0.2982873042988941,-1.3453360587152436
numerical-methods-batch-4-v1,standardized-stable,478,standardized,fixed,0.04464415261086441,0.06825798700069989,0.07438321129187436,1.0777140647754237e-05,4.3710442512191915e-05,4.0,0,4.743621329073022e-10,true,-4.59791051313253,-4.557945620281193,-4.180130780660726,0.29828619541891893,-1.3453489994700985
numerical-methods-batch-4-v1,standardized-stable,479,standardized,fixed,0.044643840046679144,0.06825763158915367,0.0743832108304859,1.0628744833926262e-05,4.310856259110136e-05,4.0,0,4.6138846909737907e-10,true,-4.597929071419433,-4.557973500503791,-4.180154708689547,0.2982851017656663,-1.3453617620992597
numerical-methods-batch-4-v1,standardized-stable,480,standardized,fixed,0.04464353179111941,0.06825728107526916,0.07438321038171605,1.0482394533780223e-05,4.251497933591482e-05,4.0,0,4.4876984073294324e-10,true,-4.5979473741617385,-4.558000996829127,-4.180178307211584,0.2982840231304047,-1.3453743490563463
numerical-methods-batch-4-v1,standardized-stable,481,standardized,fixed,0.0446432277846638,0.06825693539143168,0.0743832099452196,1.0338061492018925e-05,4.192957813459001e-05,4.0,0,4.364964500958024e-10,true,-4.597965424882101,-4.558028114548915,-4.180201580769632,0.29828295930725396,-1.345386762761131
numerical-methods-batch-4-v1,standardized-stable,482,standardized,fixed,0.0446429279686166,0.06825659447096334,0.07438320952066066,1.0195717845279794e-05,4.135224596815263e-05,4.0,0,4.245589435569741e-10,true,-4.597983227054513,-4.558054858881777,-4.180224533843714,0.2982819100931466,-1.345399005600008
numerical-methods-batch-4-v1,standardized-stable,483,standardized,fixed,0.04464263228509635,0.06825625824811012,0.07438320910771261,1.0055336116641126e-05,4.0782871381596426e-05,4.0,0,4.129480507542027e-10,true,-4.598000784104974,-4.558081234974248,-4.180247170851951,0.2982808752877897,-1.345411079926456
numerical-methods-batch-4-v1,standardized-stable,484,standardized,fixed,0.04464234067702441,0.06825592665802883,0.07438320870605775,9.916889210240679e-06,4.022134446660331e-05,4.0,0,4.016548621477156e-10,true,-4.598018099412159,-4.558107247901782,-4.1802694961514195,0.2982798546936273,-1.3454229880614923
numerical-methods-batch-4-v1,standardized-too-large,0,standardized,fixed,0.6931471805599453,0.6931471805599453,0.6931471805599453,0.44123397955093496,0.0,0.0,0,,true,0.0,0.0,0.0,0.0,0.0
numerical-methods-batch-4-v1,standardized-too-large,1,standardized,fixed,0.903576571052853,1.2739945809741844,1.0016959769489993,0.1795588853676694,14.119487345629919,32.0,0,0.30854879638905397,false,-11.577494316094791,-7.424600685616743,2.6553515372991727,-0.15763890886272222,-1.7666666666666666
numerical-methods-batch-4-v1,standardized-too-large,2,standardized,fixed,0.2891320814762218,0.24755393373864934,0.37168175680332133,0.11300793363959702,5.74588433176542,32.0,0,0.6289475396163589,true,-11.067838103388137,-5.768315500815071,-2.5568982266199214,-1.6706639737401192,-1.0214390255653414
numerical-methods-batch-4-v1,standardized-too-large,3,standardized,fixed,0.11523276142658873,0.17065387992602735,0.19063368757349836,0.06673213652940987,3.616253876467105,32.0,0,0.18104806922982297,true,-9.331708685814178,-6.811834677893867,-4.104459078800267,0.6880329123058788,-2.029317430990427
numerical-methods-batch-4-v1,standardized-too-large,4,standardized,fixed,0.05451367484649784,0.08470870321037849,0.12602332331686583,0.031668770916913516,2.1354283689411155,32.0,0,0.06461036425663252,true,-8.561848414775419,-6.079432934156494,-5.720511065580101,-0.17406036542703673,-1.753403813642954
numerical-methods-batch-4-v1,standardized-too-large,5,standardized,fixed,0.038054300442483924,0.07565162181966469,0.10455564342650116,0.01883181747506634,1.0134006693412325,32.0,0,0.021467679890364674,true,-7.9024155909407705,-6.154052616352057,-5.697539827378195,0.4692441866452126,-2.168364951580408
numerical-methods-batch-4-v1,standardized-too-large,6,standardized,fixed,0.032881273332867174,0.06621784643308014,0.09563179726284568,0.012325563087355251,0.6026181592021226,32.0,0,0.008923846163655477,true,-7.396687221673622,-5.943232740037084,-5.935883353010819,0.4830521937508038,-2.245463231703037
numerical-methods-batch-4-v1,standardized-too-large,7,standardized,fixed,0.03193877140898508,0.06379313590426437,0.09147437724528137,0.009532665646340694,0.39441801879536764,32.0,0,0.004157420017564306,true,-7.023945446501068,-5.913796255810065,-5.867491611848958,0.5787556192543302,-2.2893501326618493
numerical-methods-batch-4-v1,standardized-too-large,8,standardized,fixed,0.031879151802639914,0.06202960702744921,0.08872408024183778,0.008595172510832786,0.305045300682902,32.0,0,0.0027502970034435914,true,-6.739087951235149,-5.8838321788871175,-5.7740475530856745,0.5616442017067326,-2.2447810377073787
numerical-methods-batch-4-v1,standardized-too-large,9,standardized,fixed,0.03203839453653885,0.06074472361580483,0.08646309517626737,0.007869623007058235,0.2750455203466492,32.0,0,0.0022609850655704172,true,-6.499562103080409,-5.852821016117978,-5.663395601595421,0.5249096691578026,-2.183769285871952
numerical-methods-batch-4-v1,standardized-too-large,10,standardized,fixed,0.03236853475570431,0.059803232992650515,0.08456441871307302,0.007225413149097136,0.2518279362258635,32.0,0,0.001898676463194346,true,-6.285195829685303,-5.804369362714399,-5.564537454294356,0.48301192343628274,-2.123865252680624
numerical-methods-batch-4-v1,standardized-too-large,11,standardized,fixed,0.03281273793658855,0.05924629592978064,0.08296270123618835,0.006642456414677839,0.23121322077110817,32.0,0,0.0016017174768846731,true,-6.097169608292115,-5.755153881682133,-5.459103158791026,0.4481583054630414,-2.0659656447320076
numerical-methods-batch-4-v1,standardized-too-large,12,standardized,fixed,0.03334328201162181,0.05892138379651489,0.08160846691895227,0.006110607541774949,0.21255860526969078,32.0,0,0.0013542343172360805,true,-5.927488931277934,-5.694602898501606,-5.366051281933108,0.4150135567419911,-2.0115048257562145
numerical-methods-batch-4-v1,standardized-too-large,13,standardized,fixed,0.0339214339967299,0.05885315617651155,0.08046222282469467,0.005623129724587155,0.1955394413367987,32.0,0,0.0011462440942575924,true,-5.778759191678211,-5.6360405165665854,-5.269822754754,0.38927533908658235,-1.9589386787805683
numerical-methods-batch-4-v1,standardized-too-large,14,standardized,fixed,0.03453426768320318,0.0589185071160334,0.07949152233403567,0.005174967212325149,0.17994015118678866,32.0,0,0.0009707004906590044,false,-5.644778117586581,-5.570221079182447,-5.185573846779989,0.3653085182466962,-1.9097142492680954
numerical-methods-batch-4-v1,standardized-too-large,15,standardized,fixed,0.03515614102936843,0.05915108844529751,0.07866946233342385,0.004762167307735963,0.16559895079440506,32.0,0,0.0008220600006118156,false,-5.527884661353148,-5.50841617542178,-5.099562208657733,0.3477790926277582,-1.8624511176522056
numerical-methods-batch-4-v1,standardized-too-large,16,standardized,fixed,0.035782763171083996,0.05944572244052513,0.07797345172841891,0.004381261417010097,0.1523893538475511,32.0,0,0.0006960106050049458,false,-5.4226601515560855,-5.441882452436718,-5.0251663418443915,0.33128930868825734,-1.8186684334436127
numerical-methods-batch-4-v1,standardized-too-large,17,standardized,fixed,0.036395970128755416,0.05984887461636929,0.07738453861119945,0.004029264218380409,0.14020036534432279,32.0,0,0.0005889131172194528,false,-5.331366057706556,-5.381040149579657,-4.949287646388813,0.32036171047324313,-1.7769221015432497
numerical-methods-batch-4-v1,standardized-too-large,18,standardized,fixed,0.03699710754365982,0.06026187617436561,0.07688670881040838,0.0037034424904166105,0.12893645498817285,32.0,0,0.0004978298007910775,false,-5.248944485349669,-5.316878545421168,-4.884956676849867,0.3094917151628165,-1.7387389645967468
numerical-methods-batch-4-v1,standardized-too-large,19,standardized,fixed,0.037572225220284174,0.06074794452431773,0.07646646405135207,0.003401493759225768,0.11851015969333144,32.0,0,0.0004202447590563041,false,-5.177905014908907,-5.259932004471668,-4.818581083311834,0.3035934297724683,-1.7024810844070568
numerical-methods-batch-4-v1,standardized-too-large,20,standardized,fixed,0.038126888954073755,0.061204101440981165,0.07611233660322672,0.0031214348106116843,0.10884780029522449,32.0,0,0.000354127448125352,false,-5.113226338064601,-5.2000858835702495,-4.764130957822892,0.2966053509890879,-1.6697808582153708
numerical-methods-batch-4-v1,standardized-too-large,21,standardized,fixed,0.03864893744834766,0.061716667231550004,0.07581459428887982,0.00286175074085516,0.09988591393957373,32.0,0,0.00029774231434689935,false,-5.05802226109431,-5.1489965454741595,-4.706260619494827,0.2943977639624386,-1.6387045694469125
numerical-methods-batch-4-v1,standardized-too-large,22,standardized,fixed,0.03914759591181996,0.062165791392166755,0.07556490028340154,0.002621347707475241,0.09157602370736535,32.0,0,0.00024969400547827925,false,-5.006931079482587,-5.09441036863591,-4.661359695852578,0.28975626014041966,-1.6111623822408028
numerical-methods-batch-4-v1,standardized-too-large,23,standardized,fixed,0.03961038798414453,0.06267173420725508,0.07535613001626193,0.0023996439429778992,0.08388312663920718,32.0,0,0.000208770267139613,false,-4.964089794231842,-5.050417494770582,-4.6106755961814505,0.2902589435834038,-1.5847711031549725
numerical-methods-batch-4-v1,standardized-too-large,24,standardized,fixed,0.040050484738159337,0.06308042224870117,0.075182135591551,0.0021967716780796702,0.07678860617529307,32.0,0,0.00017399442471092985,false,-4.923263308943737,-5.0011437771291885,-4.575060514613828,0.28663967920567757,-1.561961987050741
numerical-methods-batch-4-v1,standardized-too-large,25,standardized,fixed,0.040452960227129534,0.06356472143723249,0.07503766597029393,0.0020136439492960223,0.07029669369854964,32.0,0,0.00014446962125706786,false,-4.890200591232426,-4.965058031742201,-4.529883347315145,0.2893186219171336,-1.5396427656671223
numerical-methods-batch-4-v1,standardized-too-large,26,standardized,fixed,0.04083623712112945,0.06390946411058816,0.07491817554643326,0.0018530503455182904,0.06443660637747262,32.0,0,0.00011949042386066866,false,-4.856982139228776,-4.92032215735668,-4.503610448753805,0.28552433087342527,-1.5211319475449903
numerical-methods-batch-4-v1,standardized-too-large,27,standardized,fixed,0.0411802656164156,0.06437251048161495,0.07481986798898409,0.001719456988000961,0.05929761105658567,32.0,0,9.830755744917596e-05,false,-4.831909462613661,-4.892891166883565,-4.461743758443037,0.2903693394091931,-1.502189549049911
numerical-methods-batch-4-v1,standardized-too-large,28,standardized,fixed,0.0415114263878596,0.0646331166691413,0.07473944394246487,0.0016230054661775905,0.05502262361603138,32.0,0,8.042404651921464e-05,false,-4.804082006832347,-4.85104905362881,-4.445542717543604,0.2851389251264951,-1.487611194790498
numerical-methods-batch-4-v1,standardized-too-large,29,standardized,fixed,0.04180060131547883,0.06509095862257813,0.07467442639720599,0.0015760796285858743,0.05193617491768268,32.0,0,6.501754525888026e-05,false,-4.785947466514096,-4.833437192411967,-4.40392032627337,0.29279289278702475,-1.4712612595917365
numerical-methods-batch-4-v1,standardized-too-large,30,standardized,fixed,0.042087053311009606,0.06524316379469897,0.07462255163945292,0.0016054976857083467,0.05043454811474805,32.0,0,5.187475775307593e-05,false,-4.761463338538715,-4.791725793404068,-4.399761397734967,0.28447688212886113,-1.4604041147656956
numerical-methods-batch-4-v1,standardized-too-large,31,standardized,fixed,0.042326391439817715,0.0657322368436445,0.07458306646866245,0.0017284585689847439,0.051375925942667336,32.0,0,3.948517079047087e-05,false,-4.7499935952080525,-4.786213064047824,-4.35375186745818,0.2965132127145243,-1.4457143074428627
numerical-methods-batch-4-v1,standardized-too-large,32,standardized,fixed,0.042579417884321166,0.06573806675647921,0.0745545651395259,0.0019952703755101407,0.05531067420751183,32.0,0,2.8501329136551568e-05,false,-4.726639234008083,-4.740140780966455,-4.365823505106098,0.28253594607902405,-1.438636115032467
numerical-methods-batch-4-v1,standardized-too-large,33,standardized,fixed,0.042777022396698,0.06632832750992212,0.07454024294920958,0.0023987086576900104,0.0638486520163244,32.0,0,1.432219031631543e-05,false,-4.722564994619796,-4.751259633809558,-4.30791506483683,0.3020275863205821,-1.4243844289765544
numerical-methods-batch-4-v1,standardized-too-large,34,standardized,fixed,0.043016046642776425,0.06612238480469147,0.07453858909725747,0.0030461250460848883,0.07675867704608025,32.0,0,1.653851952110319e-06,false,-4.697502211535002,-4.693389979866983,-4.344351309909843,0.2779569652926271,-1.4215808942820092
numerical-methods-batch-4-v1,standardized-too-large,35,standardized,fixed,0.04319143588256315,0.0669489305822515,0.0745663915582818,0.003859899843569561,0.09747600147471674,32.0,0,2.7802461024337144e-05,false,-4.703102603996181,-4.729913492972146,-4.261713617540699,0.31056825141966343,-1.405968230342758
numerical-methods-batch-4-v1,standardized-too-large,36,standardized,fixed,0.043455488878117524,0.06641821838571199,0.07461418531204872,0.005131439757906013,0.12351679499422584,32.0,0,4.7793753766914304e-05,false,-4.672219403516879,-4.647678808066081,-4.337600413410959,0.26844564420626144,-1.4086070456625508
numerical-methods-batch-4-v1,standardized-too-large,37,standardized,fixed,0.04367214124231447,0.06775958944221812,0.07475480251299094,0.006558438893021377,0.16420607225299236,32.0,0,0.00014061720094221686,false,-4.692409101611502,-4.726152186528707,-4.2077145571812204,0.3244118979347597,-1.3887228327455308
numerical-methods-batch-4-v1,standardized-too-large,38,standardized,fixed,0.0440419634762481,0.06670828126722328,0.07491594878892509,0.008930763829390346,0.2098700445766839,32.0,0,0.00016114627593415143,false,-4.649569256492325,-4.598418300100905,-4.3499025019388515,0.2497473030056619,-1.3988235341324677
numerical-methods-batch-4-v1,standardized-too-large,39,standardized,fixed,0.044522862744808,0.06919110274664907,0.07541790561343042,0.01120876249105833,0.28578444254049135,32.0,0,0.0005019568245053369,false,-4.693671867865219,-4.74887865167203,-4.1336613429108064,0.3471679534086243,-1.3698689508918844
numerical-methods-batch-4-v1,standardized-too-large,40,standardized,fixed,0.04510683340584538,0.06722111460662428,0.0757887770414671,0.015413546679399922,0.3586803997138669,32.0,0,0.0003708714280366704,false,-4.630795841587382,-4.542341935507361,-4.386452443281719,0.21396693328529157,-1.3897427312491746
numerical-methods-batch-4-v1,standardized-too-large,41,standardized,fixed,0.046557489054507885,0.07229994216849908,0.07741535155156205,0.018523341446560947,0.49323349374079734,32.0,0,0.001626574510094958,false,-4.7134302554917875,-4.813556689150321,-4.022710268157147,0.3831113669968757,-1.3452997231056008
numerical-methods-batch-4-v1,standardized-too-large,42,standardized,fixed,0.04711336480241825,0.06826137011535853,0.0777651565814168,0.02482089994653747,0.5927469262899501,32.0,0,0.00034980502985475226,false,-4.624594712467712,-4.485403586774748,-4.4469908462318015,0.14877627731463397,-1.37438173017768
numerical-methods-batch-4-v1,standardized-too-large,43,standardized,fixed,0.05102529002972421,0.07861110199274728,0.0820875489005473,0.028150631045478294,0.794268798289199,32.0,0,0.004322392319130494,false,-4.756506514966836,-4.931335312341339,-3.872299503937376,0.43288809614715684,-1.3142366395890897
numerical-methods-batch-4-v1,standardized-too-large,44,standardized,fixed,0.049950993622498024,0.06959359873015457,0.08087128371437076,0.03462461695863198,0.9008201934553054,32.0,0,0.0012162651861765406,false,-4.647560975463862,-4.45061930924098,-4.520003806994627,0.04806778605564843,-1.3444439146179936
numerical-methods-batch-4-v1,standardized-too-large,45,standardized,fixed,0.05722110734151033,0.08705966601739262,0.08877876251815052,0.037404455112133354,1.1079877426762235,32.0,0,0.00790747880377976,false,-4.811029895854863,-5.076953589547289,-3.7360776811759058,0.4853529687488271,-1.290949825636349
numerical-methods-batch-4-v1,standardized-too-large,46,standardized,fixed,0.0526225100721925,0.0705480948844383,0.08415459376277415,0.041639211524016354,1.1969425635882676,32.0,0,0.0046241687553763705,false,-4.6983827439242996,-4.456836474126543,-4.595929942707615,-0.05834018663417412,-1.313056928158417
numerical-methods-batch-4-v1,standardized-too-large,47,standardized,fixed,0.06183947680830244,0.09330954832100126,0.09410795211361542,0.043213431561904915,1.3324547687685233,32.0,0,0.009953358350841268,false,-4.862636195111422,-5.207353915148911,-3.6747078074349604,0.5212557692516253,-1.2885949022232552
numerical-methods-batch-4-v1,standardized-too-large,48,standardized,fixed,0.053881655379093486,0.07067347132209785,0.08619177763290409,0.044637251147045344,1.3828298099809573,32.0,0,0.00791617448071133,false,-4.754057064211772,-4.499505839264131,-4.664510426412459,-0.12639470778786466,-1.3034135467991936
numerical-methods-batch-4-v1,standardized-too-large,49,standardized,fixed,0.06297619034719629,0.09489074060831394,0.09598362112453729,0.044734818860936235,1.428392036705451,32.0,0,0.009791843491633201,false,-4.905647050111706,-5.296754012837583,-3.689544423589512,0.5302333903676831,-1.304099465360373
numerical-methods-batch-4-v1,standardized-too-large,50,standardized,fixed,0.05321659952129189,0.06983986460650343,0.08622479455164689,0.04366678161235904,1.4315142035499593,32.0,0,0.0097588265728904,false,-4.796900364687616,-4.560992420744981,-4.709849978717874,-0.14421604573654156,-1.3166088733721613
numerical-methods-batch-4-v1,standardized-too-large,51,standardized,fixed,0.0608584022151295,0.0920800377440881,0.09441078079161197,0.042684335786380055,1.3973370115954895,32.0,0,0.008185986239965082,false,-4.929609655197609,-5.330578135678483,-3.7579337061709284,0.5163107589411606,-1.3319889227814412
numerical-methods-batch-4-v1,standardized-too-large,52,standardized,fixed,0.05141062769122699,0.06859796810730727,0.08484999047026125,0.04045159854963249,1.3658987451641618,32.0,0,0.009560790321350723,false,-4.815931289866264,-4.618076866591581,-4.7269763247367615,-0.12079838155120015,-1.3441091270015753
numerical-methods-batch-4-v1,standardized-too-large,53,standardized,fixed,0.057633460902789764,0.08774963410991533,0.091452173852868,0.03921095536324426,1.2944511535882397,32.0,0,0.006602183382606749,false,-4.934482652227689,-5.321392457913458,-3.8377907396788107,0.4923935441471625,-1.3596397449936979
numerical-methods-batch-4-v1,standardized-too-large,54,standardized,fixed,0.049698573781487974,0.06760678309741516,0.08329107619721376,0.03716366865173063,1.2547505716238163,32.0,0,0.008161097655654231,false,-4.8157554246838385,-4.6547773892027795,-4.724390010999602,-0.08179854530186592,-1.3727686865162942
numerical-methods-batch-4-v1,standardized-too-large,55,standardized,fixed,0.0551005582504444,0.08432958994235698,0.08897148797970314,0.03622638260090078,1.18923739685538,32.0,0,0.005680411782489375,false,-4.9293515446560106,-5.295170032793553,-3.896472414969068,0.471200436019655,-1.377600920143781
numerical-methods-batch-4-v1,standardized-too-large,56,standardized,fixed,0.04863243137136263,0.06707154939962112,0.08220532332671059,0.03489566870158795,1.1592442432288252,32.0,0,0.006766164652992554,false,-4.8077790203077795,-4.670157042416635,-4.713628205869405,-0.048858352233381974,-1.3924793878639676
numerical-methods-batch-4-v1,standardized-too-large,57,standardized,fixed,0.05365438198509097,0.08236773470841378,0.08746531102946663,0.03436597589628167,1.1166613984508142,32.0,0,0.0052599877027560415,false,-4.921578334924412,-5.269280567860469,-3.9274475989228375,0.4579982934872846,-1.3854231854443877
numerical-methods-batch-4-v1,standardized-too-large,58,standardized,fixed,0.04814035820256814,0.06688201645861333,0.08162131401360379,0.03370345108466532,1.0997112286810133,32.0,0,0.005843997015862842,false,-4.798943768232358,-4.671408314415322,-4.702040663081296,-0.028430514531083473,-1.4017608042187941
numerical-methods-batch-4-v1,standardized-too-large,59,standardized,fixed,0.05303116350041216,0.08151839251651576,0.08674359311065608,0.03348493943645217,1.0785104347092902,32.0,0,0.00512227909705229,false,-4.914447162961183,-5.249972111199532,-3.9378308773261237,0.45204990449584437,-1.3866073583624907
numerical-methods-batch-4-v1,standardized-too-large,60,standardized,fixed,0.04800916536332747,0.06688709832630946,0.08138474670682991,0.03328564594887218,1.07151806196647,32.0,0,0.005358846403826167,false,-4.791642086807216,-4.665728637999562,-4.692755981550237,-0.018611102006377056,-1.403804404183284
numerical-methods-batch-4-v1,standardized-too-large,61,standardized,fixed,0.05291236269016372,0.08135366916772746,0.08652861567100262,0.033260656091038406,1.0651406703639097,32.0,0,0.00514386896417271,false,-4.9090918464038795,-5.2380146887880406,-3.9361484537436615,0.4508444026278485,-1.3844277238190075
numerical-methods-batch-4-v1,standardized-too-large,62,standardized,fixed,0.0480710615690556,0.06698024337469005,0.08135629284049717,0.033330504973705766,1.064340994913229,32.0,0,0.005172322830505449,false,-4.786458866427012,-4.657925339084069,-4.686550137601802,-0.01591873576888575,-1.4019986524170243
numerical-methods-batch-4-v1,standardized-too-large,63,standardized,fixed,0.053060864464401204,0.08155223591001245,0.08660167668685403,0.03340660747001306,1.0665761591585847,32.0,0,0.005245383846356866,false,-4.905665738218616,-5.232168584747697,-3.928870781431553,0.4521663337383074,-1.3810826119044584
numerical-methods-batch-4-v1,standardized-too-large,64,standardized,fixed,0.04821616945000631,0.067097721317247,0.08143671869299862,0.03359997105705623,1.069011439040418,32.0,0,0.005164957993855412,false,-4.783313256396588,-4.650673188399198,-4.683156151806807,-0.01732425075411831,-1.3987065197453277
numerical-methods-batch-4-v1,standardized-too-large,65,standardized,fixed,0.05331740664151216,0.08189779396303491,0.08680858724851019,0.03371324605095449,1.0751990738257993,32.0,0,0.005371868555511569,false,-4.903893266240635,-5.230648305149714,-3.9201984016629634,0.454483054413899,-1.3778328085844338
numerical-methods-batch-4-v1,standardized-too-large,66,standardized,fixed,0.04837651462421803,0.06720465368400982,0.08155863117437348,0.033932957442643054,1.0788238736305438,32.0,0,0.005249956074136711,false,-4.781834430408924,-4.645175379375043,-4.681902900808236,-0.02057918166532141,-1.3953305778344447
numerical-methods-batch-4-v1,standardized-too-large,67,standardized,fixed,0.05358144946598086,0.08225395921913134,0.08704648333080262,0.034043500373379734,1.0858546381645777,32.0,0,0.005487852156429135,false,-4.903333446004421,-5.231715457095912,-3.9125220485673458,0.4568516634488741,-1.3752827849714968
numerical-methods-batch-4-v1,standardized-too-large,68,standardized,fixed,0.04851378433269997,0.06728500655252312,0.08167902935861787,0.034233298597947895,1.089392011948152,32.0,0,0.005367453972184744,false,-4.781532221998757,-4.641706514673987,-4.682031176149335,-0.024173519027387902,-1.3925842814677742
numerical-methods-batch-4-v1,standardized-too-large,69,standardized,fixed,0.05379742360439525,0.08254547852268508,0.08725399844976359,0.03432026517551054,1.0954655551343324,32.0,0,0.005574969091145715,false,-4.903525031353386,-5.233946116432593,-3.9069075451409327,0.45877384584178416,-1.3736108664189035
numerical-methods-batch-4-v1,standardized-too-large,70,standardized,fixed,0.04861135027962534,0.06733510902616961,0.08177455997472005,0.034455684482506105,1.098248485616337,32.0,0,0.005479438475043535,false,-4.781917186270154,-4.64001280061483,-4.6828652614427835,-0.027231730508594176,-1.3907189581436141
numerical-methods-batch-4-v1,standardized-too-large,71,standardized,fixed,0.05394392972216806,0.08274336994071567,0.08740310983659252,0.03451236624453539,1.1025819034401954,32.0,0,0.005628549861872473,false,-4.904073027404202,-5.23634049502915,-3.9035243235013732,0.46006961069661184,-1.372741459614932
numerical-methods-batch-4-v1,standardized-too-large,72,standardized,fixed,0.048667742426867465,0.06735881982804715,0.08183715736981684,0.03459105160222824,1.1043957198251326,32.0,0,0.0055659524667756866,false,-4.78258529358152,-4.639604244137602,-4.683899757193311,-0.02938227120766973,-1.3896979085674177
numerical-methods-batch-4-v1,standardized-too-large,73,standardized,fixed,0.05402307262735628,0.08285039867735675,0.08749012473097549,0.03461992201859952,1.1069136512713031,32.0,0,0.005652967361158653,false,-4.904692803649119,-5.238324591384105,-3.9020177787063184,0.4607661435384911,-1.3724747733133982
numerical-methods-batch-4-v1,standardized-armijo,0,standardized,armijo,0.6931471805599453,0.6931471805599453,0.6931471805599453,0.44123397955093496,0.0,0.0,0,,true,0.0,0.0,0.0,0.0,0.0
numerical-methods-batch-4-v1,standardized-armijo,1,standardized,armijo,0.5000886180367202,0.6887655259477389,0.5246184695107567,0.17298461905862944,7.059743672814959,16.0,1,0.16852871104918854,true,-5.7887471580473955,-3.7123003428083714,1.3276757686495864,-0.07881945443136111,-0.8833333333333333
numerical-methods-batch-4-v1,standardized-armijo,2,standardized,armijo,0.28013138953563926,0.169243585922091,0.3068723725630893,0.20029150165538775,5.535507809876142,32.0,0,0.21774609694766744,true,-5.5641663022341685,-2.4024361852528293,-3.852223848981685,-1.3822775441662898,-0.2957084523750363
numerical-methods-batch-4-v1,standardized-armijo,3,standardized,armijo,0.08720860650151893,0.1290486652165215,0.11602650780848323,0.06168439146105626,3.204664026486204,16.0,1,0.19084586475460608,true,-5.314862390283721,-4.4957817435105,-2.935830083636193,0.7462497041946545,-0.9704066631958083
numerical-methods-batch-4-v1,standardized-armijo,4,standardized,armijo,0.07646435138451117,0.0883908697900589,0.10586800218764987,0.07431066103641762,1.9739005267538006,32.0,0,0.010158505620833355,true,-4.955075383665354,-3.768184926529113,-4.474430446167144,-0.18650493388194211,-0.9812316746185793
numerical-methods-batch-4-v1,standardized-armijo,5,standardized,armijo,0.051515616330256496,0.08160495056266685,0.08134161803619587,0.022116113378703395,1.1889705765826821,16.0,1,0.024526384151454,true,-5.0228513457355985,-4.502790390908822,-3.7415025057641866,0.38601226071242156,-1.0479621677889397
numerical-methods-batch-4-v1,standardized-armijo,6,standardized,armijo,0.048328110199210426,0.07175056353954776,0.07763545357218866,0.021877289636114267,0.7077156281185085,32.0,0,0.0037061644640072056,true,-4.763040779962332,-4.202977603688894,-4.267455612576248,0.227884031808578,-1.252512810598104
numerical-methods-batch-4-v1,standardized-armijo,7,standardized,armijo,0.04565013951619397,0.07181902799517326,0.0750250314637101,0.0068603467837380526,0.3500366341778282,16.0,1,0.0026104221084785606,false,-4.770926522995016,-4.41976058689132,-4.0385544230822985,0.3792605088582893,-1.2650828607768103
numerical-methods-batch-4-v1,standardized-armijo,8,standardized,armijo,0.04575366129701499,0.0701421766189653,0.07497728290683477,0.008827559591313854,0.21953109707961743,32.0,0,4.7748556875337744e-05,true,-4.6627745356985315,-4.351146201450763,-4.202710865960057,0.332452943471345,-1.3165690766377973
numerical-methods-batch-4-v1,standardized-armijo,9,standardized,armijo,0.045238449449241026,0.07040841416247999,0.0745309371059969,0.002757368225069852,0.1412409534610218,16.0,1,0.000446345800837869,false,-4.6722873780193614,-4.445354535153937,-4.105620052157682,0.37069261500571965,-1.3068529033908607
numerical-methods-batch-4-v1,standardized-armijo,10,standardized,armijo,0.04523918480882234,0.06953542934176542,0.07451899821923448,0.003603706876611343,0.08823578320223514,32.0,0,1.19388867624165e-05,true,-4.630343490463814,-4.430045029452463,-4.169511572190838,0.3307873448817112,-1.3176846093229262
numerical-methods-batch-4-v1,standardized-armijo,11,standardized,armijo,0.04511796305155002,0.06967208395187668,0.07443326033648612,0.0011694622017521881,0.05765931002578168,16.0,1,8.573788274836291e-05,false,-4.6313228303415706,-4.471419153079679,-4.131553043391608,0.3436911668095501,-1.315572669175668
numerical-methods-batch-4-v1,standardized-armijo,12,standardized,armijo,0.04508654385032023,0.0692280830897334,0.07441861081262302,0.0013211419575156601,0.03742279045606989,32.0,0,1.4649523863097258e-05,true,-4.611772575038168,-4.474733868755147,-4.155434436282168,0.3237423208468318,-1.3218167096499083
numerical-methods-batch-4-v1,standardized-armijo,13,standardized,armijo,0.04503932240263868,0.06927840824475935,0.07441738540934978,0.0016997384530668166,0.042276542640500896,32.0,0,1.2254032732417208e-06,false,-4.608532249622092,-4.509486066629561,-4.132085070704875,0.32858012865520486,-1.3225194432243839
numerical-methods-batch-4-v1,standardized-armijo,14,standardized,armijo,0.04501287672840646,0.06900350149031789,0.07439670375460844,0.0005060219063213529,0.027195815249069437,16.0,1,2.0681654741339095e-05,true,-4.60098174871313,-4.500272309395282,-4.15285800312531,0.3161337495123585,-1.325878298029461
numerical-methods-batch-4-v1,standardized-armijo,15,standardized,armijo,0.044973877223234475,0.06892972636374146,0.07439278604582776,0.0005300968102595077,0.016192701002283292,32.0,0,3.917708780679097e-06,true,-4.5973770398509854,-4.515355427161196,-4.149041154647733,0.3145868116798633,-1.3280572540339979
numerical-methods-batch-4-v1,standardized-armijo,16,standardized,armijo,0.044946734239085705,0.06872705594322996,0.07439127898904485,0.000652115839386096,0.016963097928303972,32.0,0,1.5070567829095216e-06,true,-4.591876205543807,-4.515244006457792,-4.1620678657641434,0.30581866489703036,-1.3313586928356937
numerical-methods-batch-4-v1,standardized-armijo,17,standardized,armijo,0.044924912746232,0.06874612193962733,0.07438806889749268,0.0002494101739770244,0.010433853430177576,16.0,1,3.210091552172112e-06,false,-4.5926021643034245,-4.5237136247659055,-4.156385667807507,0.3078812831409482,-1.3316078501315576
numerical-methods-batch-4-v1,standardized-armijo,18,standardized,armijo,0.04489665975411978,0.06864104939052594,0.0743868119235524,0.00024633208742448333,0.007981125567264836,32.0,0,1.2569739402806812e-06,true,-4.590537232083858,-4.527017936114564,-4.161838008560962,0.3041138870743399,-1.333751364522853
numerical-methods-batch-4-v1,standardized-armijo,19,standardized,armijo,0.04486701514407231,0.06861514860361184,0.0743861041752685,0.0002812899636730828,0.007882626797583852,32.0,0,7.077482838957483e-07,true,-4.5908603388301605,-4.534621471049554,-4.160139366622223,0.3043484455768154,-1.3348815245229209
numerical-methods-batch-4-v1,standardized-armijo,20,standardized,armijo,0.04484514823456491,0.06851201235817958,0.07438584606491841,0.0003576114175523955,0.009001278837538927,32.0,0,2.5811035009315475e-07,true,-4.5894487965239295,-4.534034313673976,-4.167815121730376,0.30034206880594916,-1.3368096178647175
numerical-methods-batch-4-v1,standardized-armijo,21,standardized,armijo,0.04483076016010091,0.06852612127550106,0.07438489256020939,0.00013180774887451555,0.005721782680838424,16.0,1,9.535047090225568e-07,false,-4.5904654219562175,-4.5385936274771925,-4.164850713788867,0.3017920252708284,-1.336976468777918
numerical-methods-batch-4-v1,standardized-armijo,22,standardized,armijo,0.04480972083753912,0.06847283698395505,0.07438453633466732,0.00013496849949311127,0.004217847963984689,32.0,0,3.5622554206415913e-07,true,-4.590411992249672,-4.540256646123306,-4.168173742060209,0.30024319975602465,-1.3382335997690948
numerical-methods-batch-4-v1,standardized-armijo,23,standardized,armijo,0.044788726899965006,0.06846022389530224,0.07438430374399839,0.00015460464416025264,0.004318991983779915,32.0,0,2.3259066893321911e-07,true,-4.591385052419471,-4.544336689678555,-4.167602680262491,0.30071404821868325,-1.3389493374288426
numerical-methods-batch-4-v1,standardized-armijo,24,standardized,armijo,0.04477257065404124,0.06840502930814124,0.07438418916648248,0.000194195821235562,0.0049473486131277195,32.0,0,1.1457751590560061e-07,true,-4.591242454004037,-4.544087762320895,-4.172014737895468,0.29881296581968764,-1.3400954579800326
numerical-methods-batch-4-v1,standardized-armijo,25,standardized,armijo,0.044763160460754285,0.06841232531050556,0.07438389604494156,7.845536579313175e-05,0.003107133139769081,16.0,1,2.931215409285315e-07,false,-4.592023778673285,-4.546576141858423,-4.170567265870668,0.2996712392030457,-1.3402367623448868
numerical-methods-batch-4-v1,standardized-armijo,26,standardized,armijo,0.04474834638651356,0.06838301820965986,0.07438375536444158,7.874117603049392e-05,0.0025105717053798783,32.0,0,1.4068049997151277e-07,true,-4.592426521575107,-4.547595078585388,-4.172579308995716,0.29899416575647153,-1.3410086369462422
numerical-methods-batch-4-v1,standardized-armijo,27,standardized,armijo,0.04473403789339874,0.06837471904042225,0.07438365444095812,8.687400966485007e-05,0.0025197176329755217,32.0,0,1.0092348345924762e-07,true,-4.593278734428533,-4.5498909660329225,-4.172518857077543,0.2993361780836209,-1.3414892450655094
numerical-methods-batch-4-v1,standardized-armijo,28,standardized,armijo,0.04472266696458,0.06834406238076093,0.07438359192991624,0.00010534426803421005,0.002779968309275381,32.0,0,6.25110418844832e-08,true,-4.593480611575787,-4.549923490823253,-4.175036971006262,0.2984096515453483,-1.3421871436053256
numerical-methods-batch-4-v1,standardized-armijo,29,standardized,armijo,0.04471055420220043,0.06835005814983658,0.07438357476825594,0.00013642775993479055,0.003371016577094835,32.0,0,1.7161660301190373e-08,false,-4.594522409531954,-4.552679175911553,-4.173716202464566,0.2993498670882603,-1.3424241555624656
numerical-methods-batch-4-v1,standardized-armijo,30,standardized,armijo,0.04470637894826425,0.06832991627695352,0.07438343743409367,4.762846801043514e-05,0.002182844158956817,16.0,1,1.3733416226457962e-07,true,-4.594421247577147,-4.551994916404019,-4.175597034064311,0.2985666786762914,-1.3427921938923952
numerical-methods-batch-4-v1,standardized-armijo,31,standardized,armijo,0.04469680121448514,0.0683236967038409,0.07438339122953248,4.982927357303131e-05,0.00152411097633407,32.0,0,4.620456119097671e-08,true,-4.595033515014461,-4.553328814239171,-4.175737407964588,0.2987655186480143,-1.3431231278020057
numerical-methods-batch-4-v1,standardized-armijo,32,standardized,armijo,0.04468898124596258,0.06830623400685651,0.07438335899460427,5.7344212417286314e-05,0.0015945367543373178,32.0,0,3.223492821280427e-08,true,-4.5952873028807115,-4.5534980019878715,-4.177170980871266,0.2983096440381048,-1.3435550557437328
numerical-methods-batch-4-v1,standardized-armijo,33,standardized,armijo,0.04468101224789476,0.06830752010466348,0.0743833416854776,7.166203242830998e-05,0.0018350147973532078,32.0,0,1.7309126673636932e-08,false,-4.595945679010352,-4.555038706147745,-4.17663560270652,0.29879695187862476,-1.34374466629052
numerical-methods-batch-4-v1,standardized-armijo,34,standardized,armijo,0.04467812089415053,0.06829653360241113,0.07438330103885613,2.9767987292853173e-05,0.0011465925188529982,16.0,1,4.064662147140741e-08,true,-4.595949465067754,-4.554755338340869,-4.177651079819928,0.29840252527310085,-1.343962832834899
numerical-methods-batch-4-v1,standardized-armijo,35,standardized,armijo,0.04467174865219551,0.06829184603341922,0.0743832800018052,2.9640623660131165e-05,0.0009525755933714978,32.0,0,2.1037050920713618e-08,true,-4.596363591793424,-4.555554722880856,-4.1778366182392155,0.2985076035759981,-1.3441895875892718
numerical-methods-batch-4-v1,standardized-armijo,36,standardized,armijo,0.04466643963321313,0.06828160358799326,0.07438326444578156,3.2170867811550104e-05,0.0009484999571242461,32.0,0,1.5556023649776485e-08,true,-4.596581601066559,-4.555751482824819,-4.1786654979858895,0.2982788838571268,-1.3444617186343528
numerical-methods-batch-4-v1,standardized-armijo,37,standardized,armijo,0.04466120441142386,0.06828098726555387,0.0743832542197949,3.83193000432994e-05,0.0010294677699693707,32.0,0,1.0225986654677222e-08,true,-4.596993092327431,-4.556632384970552,-4.178485053176439,0.2985265389452589,-1.3446052347287085
numerical-methods-batch-4-v1,standardized-armijo,38,standardized,armijo,0.044657249495418924,0.0682687657043093,0.07438325009495889,4.90367033885889e-05,0.0012262176013857998,32.0,0,4.124836014418598e-09,true,-4.597064875508051,-4.556435676535488,-4.179594462399294,0.29812712879881026,-1.344868759459352
numerical-methods-batch-4-v1,standardized-armijo,39,standardized,armijo,0.04465498561436527,0.06827140977499109,0.07438323195502286,1.8243637162172115e-05,0.0007845872542179237,16.0,1,1.8139936025507453e-08,false,-4.597302757921325,-4.557024693101489,-4.179209936563853,0.29837943279217904,-1.3448918067741864
numerical-methods-batch-4-v1,standardized-armijo,40,standardized,armijo,0.0446514065710959,0.06826525079219613,0.07438322472558712,1.87298512604371e-05,0.0005837963891893806,32.0,0,7.229435744493529e-09,true,-4.597468919341395,-4.557200737053346,-4.179698152976388,0.2982626977657606,-1.3450656883478624
numerical-methods-batch-4-v1,standardized-armijo,41,standardized,armijo,0.044647962465084665,0.06826407094963892,0.07438321953665934,2.1083883465863605e-05,0.0005993552403339334,32.0,0,5.188927773569496e-09,true,-4.597726689780564,-4.557715897187879,-4.179666777014896,0.298387102381474,-1.3451702358548854
numerical-methods-batch-4-v1,standardized-armijo,42,standardized,armijo,0.04464525456757753,0.06825709938046624,0.07438321644751084,2.589890736635753e-05,0.0006746842709076919,32.0,0,3.0891485064410418e-09,true,-4.597806300103502,-4.557677327038673,-4.1802828936532554,0.2981833298874042,-1.3453322558045195
numerical-methods-batch-4-v1,standardized-armijo,43,standardized,armijo,0.044642352667097325,0.06825910038009972,0.0743832159530386,3.375899974177876e-05,0.000828765035723474,32.0,0,4.944722409305768e-10,false,-4.59808567960265,-4.558329069530438,-4.179940874156376,0.2984376607369951,-1.3453809259906904
numerical-methods-batch-4-v1,standardized-armijo,44,standardized,armijo,0.04464139404375886,0.06825431944270581,0.07438320766404508,1.1281068904870229e-05,0.000540143995868518,16.0,1,8.288993519345311e-09,true,-4.5980664037217265,-4.558144571513843,-4.180403993585294,0.2982500681190206,-1.3454685265774458
numerical-methods-batch-4-v1,standardized-armijo,45,standardized,armijo,0.04463912439345322,0.06825312678942422,0.07438320519140972,1.1961561410863617e-05,0.0003609942049558638,32.0,0,2.4726353603510276e-09,true,-4.598228688659421,-4.558451228309965,-4.180429069115083,0.29831144785179875,-1.3455429965083645
numerical-methods-batch-4-v1,standardized-armijo,46,standardized,armijo,0.04463728430460245,0.06824908104236826,0.07438320349184215,1.3932240776715717e-05,0.00038276996514773065,32.0,0,1.6995675700126611e-09,true,-4.598297549651315,-4.558473822008269,-4.180775852028313,0.29820749238131383,-1.3456439688117898
numerical-methods-batch-4-v1,standardized-armijo,47,standardized,armijo,0.04463539860861988,0.06824961049851623,0.07438320263997887,1.754872417217297e-05,0.00044583170485503745,32.0,0,8.518632743648169e-10,false,-4.5984637811972435,-4.55883953981453,-4.180636027167256,0.2983343331062649,-1.3456857289255344
numerical-methods-batch-4-v1,standardized-armijo,48,standardized,armijo,0.04463472915927902,0.06824699289297452,0.07438320024275125,7.017173360150992e-06,0.00028077958675454994,16.0,1,2.397227624739706e-09,true,-4.598465395266233,-4.558763355705237,-4.180883656385103,0.2982393232531427,-1.3457375309610977
