iteration,objective,gradient_norm,parameter_step_norm,accepted_step,backtracks,parameter_0,parameter_1,parameter_2,parameter_3,parameter_4
0,0.6931471805599453,0.44123397955093446,0.0,0.0,0,0.0,0.0,0.0,0.0,0.0
114,0.021049523778040577,0.0011378271338159233,0.036623587290040276,32.0,0,-8.71176459895815,-9.26277036235591,-8.519870660398867,0.2340466424647959,-3.6563825553037703
228,0.018123983831825667,0.0007141721280634916,0.022922122939603124,32.0,0,-10.468953332243608,-11.113666168868768,-10.26066535727011,0.1683221477308791,-4.633622417915893
342,0.01672213254477521,0.000539992543874918,0.017315099843624743,32.0,0,-11.709170340574445,-12.392158518449556,-11.473836736419601,0.12162602783994014,-5.297232447475626
456,0.015854727322510233,0.00044088805127783214,0.014130501409340471,32.0,0,-12.689894608432182,-13.398219915523189,-12.430957540442417,0.0828109473567556,-5.811738608202873
570,0.015251048013196202,0.00037550302430031443,0.012031438504947424,32.0,0,-13.509221271542476,-14.238553967103226,-13.230966343808506,0.048733273903787254,-6.2364907007603065
684,0.014801087903636833,0.0003285018137382867,0.010523452851772922,32.0,0,-14.216674042744794,-14.96503803384052,-13.922630647070834,0.018078851736722818,-6.6003098867918455
798,0.014450210505009036,0.00029276319996727286,0.009377284600886346,32.0,0,-14.84119219765409,-15.607379638896727,-14.5340904496499,-0.009864873307728445,-6.919595071587793
912,0.014167680592861439,0.00026448769244623934,0.008470734509910222,32.0,0,-15.401325387359988,-16.184419596506974,-15.083267108399513,-0.035556402454199484,-7.204661646578933
1026,0.013934662413327744,0.00024144566771347695,0.007732144020526619,32.0,0,-15.909758222327392,-16.708973833470928,-15.582378620263645,-0.059324339214732576,-7.462466496870632
1140,0.013738864687222822,0.00022223436891463384,0.007116453394819803,32.0,0,-16.375592072586695,-17.190217359047473,-16.04018209957989,-0.08142041231213491,-7.697948801679771
1254,0.013571871395419688,0.000205922913476258,0.006593772940278861,32.0,0,-16.805605358851125,-17.634980013423434,-16.46319977843379,-0.10204569857617328,-7.914756562916479
1368,0.01342769622913768,0.00019186690857275122,0.006143418736134783,32.0,0,-17.20499910331214,-18.04850486164741,-16.856439415387776,-0.1213652730986707,-8.115669976886602
1482,0.01330194740784465,0.00017960470401730738,0.005750576639180001,32.0,0,-17.577862427634155,-18.434918418829383,-17.223842151365933,-0.1395172433633477,-8.302862605963307
1596,0.01319131938448434,0.00016879601837616612,0.005404329670043914,32.0,0,-17.927476174185962,-18.79753599880417,-17.56857384190681,-0.15661876613750528,-8.47807006160195
1710,0.013093269972325036,0.0001591839378795489,0.005096437068367012,32.0,0,-18.25651823999061,-19.139067667042,-17.8932217791935,-0.1727702948449126,-8.642703155857648
1824,0.01300580776590001,0.0001505704712036666,0.0048205491293262116,32.0,0,-18.56720674251618,-19.461761632696817,-18.199931754070953,-0.18805871018214168,-8.797926254773389
1938,0.012927347844042876,0.00014280030521425375,0.004571685587064415,32.0,0,-18.86140247932814,-19.767506811761226,-18.49050613171807,-0.20255970276546,-8.944713025762415
2052,0.012856611214117804,0.00013574970393293183,0.004345879232784532,32.0,0,-19.140683931419222,-20.05790790849617,-18.766475662536525,-0.21633963071316983,-9.083887039640947
2166,0.012792553116198594,0.00012931873498676225,0.004139926406705201,32.0,0,-19.406403263647846,-20.334341499249238,-19.029153126066458,-0.22945699490134908,-9.216151951264898
2280,0.012734310866170991,0.00012342570812041902,0.003951208522237311,32.0,0,-19.65972887223313,-20.59799867448181,-19.279674116164767,-0.24196362779855338,-9.342114339892534
2394,0.012681165231301039,0.00011800311990727113,0.003777561946665873,32.0,0,-19.901678215890286,-20.849917973193495,-19.51902853779708,-0.2539056628974367,-9.46230127181119
2508,0.012632511369387285,0.00011299464610039028,0.0036171815103686394,32.0,0,-20.133143503083318,-21.091011177914922,-19.748085272152647,-0.2653243330806291,-9.577173998031409
2622,0.012587836649743795,0.00010835287668470038,0.0034685478524515974,32.0,0,-20.354912042088564,-21.322083772991146,-19.967611735124063,-0.2762566336830123,-9.6871387748334
2736,0.012546703507330803,0.00010403758655804522,0.0033303719545069287,32.0,0,-20.567682545679308,-21.54385135495312,-20.178289562653237,-0.28673587725851835,-9.792555510609034
2850,0.012508736032422755,0.00010001439854651822,0.003201552262637549,32.0,0,-20.772078329178257,-21.756952931685444,-20.380727319548114,-0.2967921607934781,-9.893744748333503
2964,0.012473609369991106,9.625373788125104e-05,0.003081141160022645,32.0,0,-20.968658094170607,-21.961961801449,-20.57547089325427,-0.30645276151965267,-9.99099335804891
3078,0.012441041258335846,9.273000601123033e-05,0.002968318475412501,32.0,0,-21.157924815325384,-22.159394528569795,-20.763012067257737,-0.31574247405422856,-10.084559218348144
3192,0.012410785214767215,8.942092143965963e-05,0.0028623703488908974,32.0,0,-21.340333121876135,-22.349718407132052,-20.943795648665315,-0.32468389899639766,-10.174675097388258
3306,0.012382625002467913,8.630698914165259e-05,0.002762672221523096,32.0,0,-21.51629547342135,-22.533357712404467,-21.118225436798397,-0.33329769111334084,-10.261551894145358
3420,0.012356370103420602,8.337106996972181e-05,0.0026686750315219354,32.0,0,-21.686187361788633,-22.710698971991043,-21.28666925478235,-0.3416027736958844,-10.345381363906291
3534,0.012331851988317573,8.059802854038478e-05,0.0025798939270829644,32.0,0,-21.850351719924753,-22.882095438022862,-21.449463217598097,-0.349616524445305,-10.426338424610028
3648,0.01230892102297867,7.797444325682836e-05,0.0024958989715573167,32.0,0,-22.00910268039481,-23.047870903382638,-21.606915373374793,-0.35735493728701667,-10.50458312000581
3762,0.012287443886978087,7.548836592499445e-05,0.002416307438718235,32.0,0,-22.162728796776957,-23.208322975679067,-21.759308826680677,-0.3648327637361692,-10.58026229987102
3876,0.012267301407376313,7.312912125160875e-05,0.0023407773866306898,32.0,0,-22.31149581866642,-23.363725900114428,-21.906904430964563,-0.3720636368205163,-10.65351106544129
3990,0.012248386731090554,7.088713864086282e-05,0.0022690022669870687,32.0,0,-22.455649093459574,-23.51433300483089,-22.04994312049879,-0.3790601800645544,-10.724454018827316
4104,0.012230603775237351,6.875381032205847e-05,0.002200706378509029,32.0,0,-22.595415654342283,-23.660378828552236,-22.18864793900017,-0.3858341036309974,-10.793206347858167
4218,0.01221386590698137,6.672137107642298e-05,0.0021356410126962396,32.0,0,-22.731006043053988,-23.802080979457454,-22.323225811697252,-0.3923962893818804,-10.859874772009842
4332,0.012198094813909101,6.478279578564382e-05,0.002073581170841885,32.0,0,-22.862615907368316,-23.939641765563024,-22.453869099329186,-0.3987568663469203,-10.924558370488143
4446,0.012183219533388941,6.293171176644335e-05,0.002014322754948944,32.0,0,-22.990427406320876,-24.073249629952123,-22.580756965925865,-0.4049252778601451,-10.987349309866048
4560,0.01216917561524297,6.116232343646809e-05,0.001957680153870933,32.0,0,-23.114610450647604,-24.203080418593032,-22.704056586868365,-0.41091034143736543,-11.048333485724037
4674,0.012155904396718282,5.946934731505813e-05,0.0019034841606907678,32.0,0,-23.235323801383988,-24.32929850395002,-22.823924219389184,-0.4167203023102459,-11.107591090352436
4788,0.012143352372471746,5.78479557261718e-05,0.0018515801689488322,32.0,0,-23.35271604589655,-24.452057783885913,-22.94050615413141,-0.42236288140140466,-11.165197116629768
4902,0.01213147064527342,5.629372786096957e-05,0.0018018266047678331,32.0,0,-23.466926467602157,-24.57150257231734,-23.05393956348215,-0.42784531841464846,-11.221221806598539
5016,0.012120214445555787,5.480260709104445e-05,0.0017540935592305282,32.0,0,-23.578085823146875,-24.68776839557924,-23.164353260002464,-0.4331744106214841,-11.275731051949972
5130,0.012109542709900627,5.3370863611427446e-05,0.0017082615916053717,32.0,0,-23.686317038759075,-24.80098270637905,-23.271868376292588,-0.43835654784636524,-11.328786752545536
5244,0.012099417710161375,5.199506164562474e-05,0.0016642206786976407,32.0,0,-23.791735835781445,-24.911265525494443,-23.376598975981867,-0.44339774408631877,-11.380447138203282
5358,0.012089804726235739,5.06720305695464e-05,0.0016218692897957841,32.0,0,-23.894451293957122,-25.01873001992377,-23.478652604152934,-0.44830366614377803,-11.430767058225754
5472,0.012080671756588468,4.939883941366926e-05,0.0015811135698761641,32.0,0,-23.994566359847063,-25.123483024986637,-23.578130784352584,-0.4530796596028765,-11.479798242517086
5586,0.012071989261522564,4.8172774286815896e-05,0.001541866616387134,32.0,0,-24.092178306746,-25.225625516849774,-23.675129468365725,-0.4577307724377263,-11.5275895376071
5700,0.01206372993494428,4.69913183348194e-05,0.001504047837258423,32.0,0,-24.18737915161048,-25.32525304108934,-23.769739444103816,-0.46226177650567707,-11.574187120453075
5814,0.012055868500989664,4.585213390497814e-05,0.0014675823796018615,32.0,0,-24.28025603378863,-25.422456102166294,-23.862046706258237,-0.46667718714747847,-11.619634692510502
5928,0.012048381532402747,4.475304663572457e-05,0.0014324006200634575,32.0,0,-24.37089155972419,-25.517320518066388,-23.95213279377224,-0.4709812810899259,-11.663973656241602
6042,0.012041247287992917,4.369203123106147e-05,0.0013984377091677664,32.0,0,-24.4593641172802,-25.609927743821107,-24.04007509767458,-0.47517811282337646,-11.707243275954884
6156,0.012034445566870923,4.266719871345996e-05,0.0013656331630211352,32.0,0,-24.545748162876485,-25.700355167167366,-24.125947142380355,-0.47927152960651215,-11.749480824633068
6270,0.012027957577473625,4.1676784977366175e-05,0.00133393049666913,32.0,0,-24.63011448424593,-25.788676379209285,-24.209818843188014,-0.48326518523348966,-11.790721718204185
6384,0.012021765819654947,4.0719140489741674e-05,0.0013032768942355523,32.0,0,-24.712530441280276,-25.87496142260427,-24.291756742376613,-0.48716255268320885,-11.830999638535804
6498,0.01201585397834675,3.9792721004616547e-05,0.0012736229115058782,32.0,0,-24.793060187145702,-25.959277019501638,-24.37182422602633,-0.49096693575742,-11.87034664628155
6612,0.01201020682748567,3.8896079175972136e-05,0.0012449222072883617,32.0,0,-24.871764871597936,-26.041686781205687,-24.450081723441354,-0.49468147980251254,-11.908793284578312
6726,0.012004810143068523,3.8027856968396785e-05,0.001217131300373355,32.0,0,-24.948702828207562,-26.122251401312955,-24.52658689084213,-0.4983091815998546,-11.946368674478665
6840,0.011999650624340113,3.7186778777531286e-05,0.0011902093491828823,32.0,0,-25.023929747016055,-26.201028833879306,-24.601394780808878,-0.5018528985004269,-11.983100602904369
6954,0.011994715822241587,3.637164518346906e-05,0.0011641179517068187,32.0,0,-25.097498833976584,-26.27807445800292,-24.674557998796708,-0.5053153568716904,-12.019015603820039
7068,0.011989994074349938,3.558132726956426e-05,0.0011388209635652148,32.0,0,-25.169460958387663,-26.353441230060056,-24.746126847900452,-0.5086991599175492,-12.054139033250504
7182,0.011985474445634617,3.481476144739841e-05,0.0011142843322681313,32.0,0,-25.239864789400052,-26.42717982470086,-24.816149462923676,-0.512006794926183,-12.08849513869913
7296,0.011981146674433275,3.407094473557229e-05,0.0010904759460156153,32.0,0,-25.308756922564264,-26.49933876559631,-24.8846719346957,-0.51524063999501,-12.122107123465696
7410,0.011977001123120166,3.334893044624565e-05,0.001067365495560207,32.0,0,-25.376181997287027,-26.569964546826927,-24.951738425484702,-0.5184029702771875,-12.15499720631115
7524,0.011973028732998417,3.264782423853918e-05,0.001044924347820129,32.0,0,-25.4421828059773,-26.63910174571367,-25.01739127626904,-0.5214959637896981,-12.187186676871113
7638,0.011969220983002904,3.196678050267793e-05,0.0010231254300747217,32.0,0,-25.506800395584406,-26.706793127812183,-25.081671106553316,-0.5245217068193277,-12.218695947179729
7752,0.011965569851843034,3.130499904265084e-05,0.0010019431237410536,32.0,0,-25.570074162162356,-26.773079744721123,-25.144616907348688,-0.52748219895928,-12.249544599629884
7866,0.011962067783258323,3.066172202888529e-05,0.0009813531667855235,32.0,0,-25.632041939032828,-26.838001025292506,-25.206266127877132,-0.5303793578062024,-12.279751431664023
7980,0.011958707654092186,3.003623119538121e-05,0.0009613325639546504,32.0,0,-25.69274007906504,-26.901594860776296,-25.266654756506227,-0.5332150233445859,-12.309334497461851
8094,0.011955482744922778,2.9427845258568956e-05,0.0009418595041343504,32.0,0,-25.752203531541845,-26.963897684381703,-25.325817396373587,-0.5359909620431037,-12.33831114686586
8208,0.011952386713015744,2.8835917537571557e-05,0.000922913284136641,32.0,0,-25.81046591403794,-27.024944545692804,-25.38378733611759,-0.5387088706851743,-12.366698061763254
8322,0.011949413567388585,2.825983375758566e-05,0.0009044742383617098,32.0,0,-25.867559579697563,-27.08476918033688,-25.440596616093334,-0.5413703799541103,-12.394511290122955
8436,0.011946557645797924,2.7699010020030714e-05,0.0008865236737980213,32.0,0,-25.923515680263456,-27.14340407526738,-25.496276090418377,-0.5439770577914245,-12.421766277868096
8550,0.011943813593479865,2.715289092485591e-05,0.0008690438098916362,32.0,0,-25.97836422517849,-27.200880529991956,-25.550855485162586,-0.5465304125451677,-12.44847789874857
8664,0.011941176343490293,2.662094783162766e-05,0.0008520177228677838,32.0,0,-26.03213413705238,-27.257228714046953,-25.604363452968844,-0.5490318959238892,-12.474660482363587
8778,0.011938641098507357,2.6102677247609876e-05,0.000835429294109625,32.0,0,-26.084853303761157,-27.31247772099335,-25.65682762436639,-0.5514829057702944,-12.500327840471046
8892,0.011936203313971654,2.5597599332010147e-05,0.0008192631622741274,32.0,0,-26.136548627423874,-27.3666556191865,-25.708274656016645,-0.5538847886676579,-12.525493291709054
9006,0.01193385868245194,2.5105256506682706e-05,0.0008035046787934442,32.0,0,-26.187246070480477,-27.419789499549914,-25.758730276110775,-0.5562388423908988,-12.550169684843956
9120,0.01193160311913346,2.4625212164483524e-05,0.0007881398665269558,32.0,0,-26.236970699076462,-27.471905520565173,-25.80821932712054,-0.5585463182132248,-12.574369420650031
9234,0.011929432748337883,2.415704946735424e-05,0.0007731553812612044,32.0,0,-26.285746723942246,-27.523028950671605,-25.85676580608681,-0.5608084230784431,-12.598104472517006
9348,0.011927343890989992,2.3700370226809974e-05,0.0007585384758858773,32.0,0,-26.333597538941028,-27.573184208254656,-25.904392902615772,-0.5630263216481373,-12.62138640587387
9462,0.011925333052955936,2.325479386034301e-05,0.0007442769669515034,32.0,0,-26.380545757443606,-27.622394899386936,-25.951123034738877,-0.5652011382323111,-12.644226396510314
9576,0.011923396914182672,2.281995641774429e-05,0.0007303592035141053,32.0,0,-26.426613246677423,-27.67068385347305,-25.99697788278026,-0.5673339586112316,-12.666635247870481
9690,0.011921532318576948,2.2395509671870316e-05,0.0007167740380124224,32.0,0,-26.471821160184614,-27.71807315693793,-26.04197842136439,-0.5694258317558378,-12.688623407388194
9804,0.011919736264565307,2.1981120268954804e-05,0.0007035107990626336,32.0,0,-26.51618996851364,-27.764584185086882,-26.08614494968607,-0.5714777714533374,-12.710200981926913
9918,0.011918005896283269,2.15764689338696e-05,0.000690559266016674,32.0,0,-26.55973948825993,-27.810237632256463,-26.12949712015585,-0.573490757844146,-12.731377752383352
10032,0.011916338495345532,2.1181249726279246e-05,0.0006779096451388827,32.0,0,-26.602488909561462,-27.855053540365795,-26.17205396552523,-0.5754657388759671,-12.752163187508787
10146,0.01191473147315343,2.0795169343845977e-05,0.0006655525472993095,32.0,0,-26.644456822148214,-27.899051325970184,-26.213833924588435,-0.577403631680253,-12.772566456998296
10260,0.011913182363700259,2.0417946469017432e-05,0.0006534789670603175,32.0,0,-26.685661240036108,-27.942249805910855,-26.254854866549987,-0.5793053238759571,-12.792596443894237
10374,0.011911688816836392,2.004931115633899e-05,0.0006416802630562695,32.0,0,-26.726119624950332,-27.98466722164837,-26.295134114141337,-0.5811716748051354,-12.81226175634699
10488,0.011910248591962177,1.9689004257184704e-05,0.0006301481395776867,32.0,0,-26.765848908556112,-28.026321262360355,-26.3346884655632,-0.5830035167046027,-12.83157073877279
10602,0.01190885955211614,1.9336776879437397e-05,0.0006188746292670621,32.0,0,-26.80486551356982,-28.067229086879095,-26.37353421532541,-0.5848016558175885,-12.850531482445733
10716,0.011907519658431715,1.8992389879513887e-05,0.0006078520768649897,32.0,0,-26.843185373817843,-28.107407344538405,-26.411687174050332,-0.5865668734490145,-12.869151835558112
10830,0.01190622696493516,1.8655613384581002e-05,0.0005970731239009689,32.0,0,-26.88082395330627,-28.14687219499509,-26.449162687301854,-0.5882999269677806,-12.887439412781234
10944,0.011904979613660856,1.8326226342793216e-05,0.000586530694298567,32.0,0,-26.9177962643596,-28.18563932708532,-26.48597565349734,-0.5900015507592494,-12.905401604356246
11058,0.01190377583006297,1.8004016099701303e-05,0.0005762179808149867,32.0,0,-26.954116884883177,-28.22372397677212,-26.522140540956016,-0.5916724571307894,-12.923045584742695
11172,0.011902613918701578,1.7688777999058163e-05,0.0005661284322617594,32.0,0,-26.98979997479996,-28.261140944236754,-26.557671404133853,-0.5933133371732082,-12.940378320850602
11286,0.011901492259185317,1.7380315006329214e-05,0.0005562557414410336,32.0,0,-27.02485929170893,-28.297904610162714,-26.592581899091282,-0.5949248615805685,-12.957406579880015
11400,0.011900409302353532,1.7078437353495516e-05,0.0005465938337868798,32.0,0,-27.059308205809483,-28.334028951258162,-26.626885298237426,-0.5965076814307898,-12.974136936790487
11514,0.011899363566680567,1.6782962203667162e-05,0.0005371368566161375,32.0,0,-27.093159714132913,-28.369527555059474,-26.660594504391234,-0.5980624289292382,-12.990575781421354
11628,0.011898353634889386,1.649371333428092e-05,0.0005278791689952423,32.0,0,-27.1264264541196,-28.4044136340559,-26.693722064197594,-0.5995897181174638,-13.006729325282455
11742,0.011897378150758446,1.6210520837658056e-05,0.0005188153321425382,32.0,0,-27.15912071657798,-28.438700039172517,-26.726280180933816,-0.6010901455488995,-13.022603608033467
11856,0.011896435816111377,1.593322083779448e-05,0.0005099401003742987,32.0,0,-27.191254458059163,-28.472399272646623,-26.758280726739883,-0.6025642909334802,-13.03820450366901
11970,0.011895525387975968,1.5661655222440396e-05,0.0005012484125124998,32.0,0,-27.222839312678527,-28.505523500330135,-26.78973525430328,-0.6040127177527793,-13.053537726425516
12084,0.0118946456759027,1.5395671389378203e-05,0.0004927353837761139,32.0,0,-27.253886603414248,-28.5380845634488,-26.820655008027888,-0.6054359738473264,-13.068608836424856
12198,0.011893795539432187,1.513512200617932e-05,0.0004843962980799562,32.0,0,-27.28440735291032,-28.57009398984698,-26.851050934714085,-0.6068345919775756,-13.083423245068818
12312,0.0118929738857017,1.4879864782467052e-05,0.00047622660074850975,32.0,0,-27.31441229381021,-28.60156300474494,-26.880933693775784,-0.6082090903599464,-13.097986220197555
12426,0.011892179667183403,1.4629762254017354e-05,0.00046822189160010684,32.0,0,-27.343911878645606,-28.63250254103402,-26.910313667018467,-0.6095599731792062,-13.112302891024406
12540,0.01189141187954477,1.4384681577939312e-05,0.00046037791838779625,32.0,0,-27.3729162893033,-28.662923249133616,-26.93920096800093,-0.6108877310785086,-13.126378252858746
12654,0.01189066955962419,1.414449433830696e-05,0.0004526905705953867,32.0,0,-27.401435446091654,-28.692835506432214,-26.96760545100191,-0.6121928416281929,-13.140217171627723
12768,0.011889951783514789,1.3909076361584275e-05,0.0004451558734935284,32.0,0,-27.4294790164271,-28.722249426333576,-26.99553671961162,-0.6134757697744492,-13.15382438820719
12882,0.011889257664749863,1.3678307541291228e-05,0.00043776998256440404,32.0,0,-27.45705642315978,-28.751174866928004,-27.023004134967202,-0.6147369682688938,-13.167204522571431
12996,0.011888586352584168,1.345207167136472e-05,0.00043052917813659464,32.0,0,-27.484176852556388,-28.779621439307242,-27.050016823649567,-0.6159768780800122,-13.180362077770905
13110,0.011887937030363985,1.323025628773536e-05,0.00042342986033313705,32.0,0,-27.510849261956814,-28.80759851554055,-27.07658368525845,-0.6171959287873676,-13.193301443746345
13224,0.011887308913983003,1.301275251761573e-05,0.0004164685442377768,32.0,0,-27.53708238712111,-28.835115236328644,-27.102713399681484,-0.6183945389594543,-13.206026900987476
13338,0.011886701250416647,1.2799454936072572e-05,0.0004096418552991628,32.0,0,-27.562884749281416,-28.862180518351092,-27.128414434072056,-0.6195731165159952,-13.218542624043835
13452,0.0118861133163318,1.259026142948069e-05,0.0004029465249788727,32.0,0,-27.588264661913286,-28.888803061321926,-27.15369504955001,-0.6207320590754585,-13.230852684894979
13566,0.011885544416767221,1.2385073065499666e-05,0.0003963793865585959,32.0,0,-27.61323023723968,-28.914991354767242,-27.178563307638328,-0.6218717542884642,-13.242961056186635
13680,0.011884993883879879,1.2183793969131638e-05,0.00038993737120055063,32.0,0,-27.63778939248042,-28.940753684538162,-27.203027076448404,-0.6229925801578498,-13.254871614339418
13794,0.011884461075754875,1.1986331204628456e-05,0.00038361750414830074,32.0,0,-27.66194985585906,-28.966098139071455,-27.227094036625655,-0.6240949053459217,-13.266588142535989
13908,0.011883945375273567,1.1792594662843935e-05,0.00037741690113744043,32.0,0,-27.685719172378327,-28.991032615409587,-27.250771687066596,-0.6251790894696257,-13.278114333592422
14022,0.0118834461890385,1.1602496953814007e-05,0.0003713327649358077,32.0,0,-27.70910470937517,-29.015564824991237,-27.274067350417987,-0.6262454833840734,-13.289453792719144
14136,0.011882962946350276,1.1415953304180331e-05,0.0003653623820781868,32.0,0,-27.732113661865114,-29.039702299222984,-27.29698817836805,-0.6272944294550906,-13.300610040176549
14250,0.011882495098234873,1.1232881459339564e-05,0.0003595031197169489,32.0,0,-27.75475305768588,-29.06345239484186,-27.319541156739074,-0.6283262618212114,-13.311586513830113
14364,0.011882042116517562,1.1053201589921917e-05,0.0003537524226500825,32.0,0,-27.777029762449118,-29.086822299078438,-27.341733110390617,-0.6293413066456514,-13.322386571609591
14478,0.01188160349294188,1.0876836202499947e-05,0.0003481078104436941,32.0,0,-27.79895048430895,-29.109819034629158,-27.363570707941456,-0.6303398823586882,-13.33301349387659
14592,0.01188117873832988,1.0703710054213505e-05,0.0003425668747040265,32.0,0,-27.82052177855547,-29.132449464446566,-27.38506046631867,-0.631322299890906,-13.343470485704625
14706,0.011880767381783234,1.053375007114775e-05,0.0003371272764690322,32.0,0,-27.841750052040794,-29.15472029635531,-27.406208755141165,-0.6322888628977114,-13.35376067907557
14820,0.011880368969921253,1.0366885270304732e-05,0.0003317867437067748,32.0,0,-27.862641567445277,-29.17663808750165,-27.427021800945134,-0.6332398679754875,-13.363887134996155
14934,0.01187998306615511,1.0203046684899673e-05,0.0003265430689233064,32.0,0,-27.883202447390516,-29.19820924864362,-27.447505691258144,-0.6341756048698086,-13.373852845538032
15048,0.011879609249995315,1.0042167292925587e-05,0.000321394106878394,32.0,0,-27.903438678406008,-29.21944004828874,-27.467666378528452,-0.6350963566759937,-13.38366073580468
15162,0.0118792471163921,9.88418194869838e-06,0.00031633777239289154,32.0,0,-27.923356114755563,-29.240336616685795,-27.487509683915714,-0.6360024000324185,-13.39331366582839
15276,0.011878896275105192,9.729027317358204e-06,0.0003113720382518419,32.0,0,-27.94296048212957,-29.26090494967684,-27.507041300948952,-0.6368940053067983,-13.402814432400191
15390,0.011878556350103405,9.576641812085851e-06,0.00030649493319550317,32.0,0,-27.962257381208634,-29.281150912415363,-27.526266799057424,-0.6377714367758546,-13.412165770835683
15504,0.011878226978990424,9.426965533956387e-06,0.0003017045399900476,32.0,0,-27.981252291104102,-29.30108024295619,-27.54519162697965,-0.6386349527985535,-13.421370356679425
15618,0.01187790781245784,9.279940214264902e-06,0.00029699899358947565,32.0,0,-27.999950572680522,-29.32069855572246,-27.56382111605572,-0.6394848059832658,-13.430430807350438
15732,0.011877598513761646,9.135509159252535e-06,0.0002923764793611492,32.0,0,-28.01835747176492,-29.340011344854663,-27.582160483407616,-0.6403212433490375,-13.439349683731276
15846,0.011877298758222741,8.993617197058068e-06,0.00028783523138433125,32.0,0,-28.036478122247544,-29.35902398744675,-27.600214835012203,-0.6411445064812753,-13.448129491703027
15960,0.011877008232749434,8.854210626850629e-06,0.0002833735308197755,32.0,0,-28.054317549078533,-29.377741746673657,-27.6179891686712,-0.6419548316820322,-13.456772683628397
16074,0.011876726635381186,8.717237169958489e-06,0.00027898970436525286,32.0,0,-28.071880671164674,-29.39616977481483,-27.63548837688236,-0.6427524501151489,-13.465281659785038
16188,0.011876453674852223,8.582645923026561e-06,0.0002746821227309916,32.0,0,-28.08917230417015,-29.414313116177848,-27.652717249615684,-0.6435375879464638,-13.473658769751099
16302,0.01187618907017442,8.450387312961385e-06,0.00027044919921194303,32.0,0,-28.106197163225428,-29.43217670992604,-27.6696804769986,-0.6443104664792417,-13.481906313744934
16416,0.01187593255023804,8.320413053710323e-06,0.00026628938829428806,32.0,0,-28.122959865547465,-29.449765392814065,-27.686382651913636,-0.6450713022851097,-13.49002654392079
16530,0.011875683853430111,8.192676104690812e-06,0.0002622011843429319,32.0,0,-28.139464932975233,-29.467083901834883,-27.702828272511972,-0.6458203073305586,-13.498021665622181
16644,0.011875442727268934,8.067130630837903e-06,0.0002581831202955745,32.0,0,-28.1557167944234,-29.48413687678166,-27.719021744646277,-0.6465576890992987,-13.505893838594677
16758,0.011875208928054264,7.943731964248924e-06,0.0002542337664588657,32.0,0,-28.171719788257583,-29.500928862727992,-27.7349673842258,-0.6472836507105949,-13.51364517815964
16872,0.01187498222053241,7.822436567213773e-06,0.0002503517293188309,32.0,0,-28.187478164594275,-29.517464312429325,-27.75066941949686,-0.6479983910336777,-13.521277756350388
16986,0.011874762377575647,7.703201996736799e-06,0.0002465356503911349,32.0,0,-28.202996087528078,-29.533747588648875,-27.766131993251435,-0.6487021047984992,-13.528793603012364
17100,0.011874549179874839,7.585986870353997e-06,0.00024278420514960066,32.0,0,-28.21827763728917,-29.549782966410746,-27.78135916496675,-0.649394982702878,-13.536194706868516
17214,0.01187434241564535,7.47075083323092e-06,0.00023909610194793247,32.0,0,-28.23332681233363,-29.56557463518304,-27.796354912878286,-0.6500772115162433,-13.54348301655135
17328,0.011874141880344628,7.3574545265340296e-06,0.0002354700810341494,32.0,0,-28.24814753136913,-29.581126700993526,-27.81112313598882,-0.6507489741800332,-13.550660441602819
17442,0.01187394737640221,7.24605955693909e-06,0.00023190491355120285,32.0,0,-28.262743635318397,-29.5964431884805,-27.825667656015884,-0.651410449904947,-13.557728853443312
17556,0.011873758712960298,7.13652846726524e-06,0.00022839940061318337,32.0,0,-28.277118889222645,-29.611528042881098,-27.839992219279825,-0.6520618142651528,-13.564690086310877
17670,0.011873575705625434,7.02882470820372e-06,0.0002249523723945183,32.0,0,-28.29127698408741,-29.6263851319594,-27.854100498534706,-0.6527032392895166,-13.571545938171745
17784,0.011873398176229798,6.922912611059044e-06,0.00022156268724270924,32.0,0,-28.305221538672694,-29.64101824787662,-27.86799609474418,-0.6533348935500305,-13.578298171603283
17898,0.01187322595260275,6.818757361515073e-06,0.00021822923087406657,32.0,0,-28.31895610122956,-29.655431109005303,-27.88168253880426,-0.6539569422475094,-13.58494851465028
18012,0.011873058868351565,6.7163249742680696e-06,0.00021495091552809747,32.0,0,-28.332484151185035,-29.66962736168975,-27.89516329321492,-0.6545695472946537,-13.591498661655688
18126,0.011872896762650409,6.615582268641965e-06,0.0002117266791934946,32.0,0,-28.345809100777196,-29.68361058195436,-27.908441753702355,-0.655172867396597,-13.597950274066537
18240,0.011872739480038601,6.516496845029483e-06,0.00020855548487374475,32.0,0,-28.358934296642232,-29.697384277161973,-27.921521250793667,-0.65576705812901,-13.604304981216089
18354,0.011872586870226461,6.419037062190518e-06,0.00020543631983323057,32.0,0,-28.371863021355228,-29.71095188762392,-27.934405051345724,-0.6563522720138566,-13.610564381083032
18468,0.011872438787908952,6.323172015307921e-06,0.00020236819492100062,32.0,0,-28.38459849492621,-29.724316788163318,-27.94709636002965,-0.6569286585928991,-13.616730041028433
18582,0.011872295092586575,6.228871514854106e-06,0.00019935014386931863,32.0,0,-28.397143876252958,-29.737482289633384,-27.95959832077257,-0.6574963644989953,-13.622803498511336
18696,0.011872155648393942,6.136106066151876e-06,0.00019638122266123274,32.0,0,-28.409502264532428,-29.75045164039248,-27.971914018158266,-0.6580555335253262,-13.628786261783793
18810,0.011872020323934,6.044846849664915e-06,0.00019346050888109458,32.0,0,-28.421676700631703,-29.76322802773697,-27.984046478787764,-0.6586063066925615,-13.63467981056584
18924,0.011871888992119776,5.95506570194622e-06,0.00019058710111555092,32.0,0,-28.433670168420274,-29.77581457929375,-27.99599867260168,-0.6591488223141021,-13.640485596701337
19038,0.011871761530021677,5.866735097252564e-06,0.00018776011836917005,32.0,0,-28.44548559606488,-29.788214364373623,-28.007773514165287,-0.6596832160593911,-13.646205044795233
19152,0.01187163781872081,5.779828129756566e-06,0.0001849786994784766,32.0,0,-28.457125857287938,-29.800430395286824,-28.019373863917743,-0.6602096210154527,-13.651839552832831
19266,0.011871517743168237,5.694318496381236e-06,0.00018224200258154145,32.0,0,-28.46859377259128,-29.81246562862208,-28.03080252938665,-0.6607281677466028,-13.657390492781786
19380,0.011871401192049207,5.610180480190228e-06,0.00017954920457316406,32.0,0,-28.47989211044568,-29.824322966490374,-28.042062266369054,-0.6612389843525439,-13.662859211177325
19494,0.011871288057652755,5.527388934345228e-06,0.00017689950059388045,32.0,0,-28.491023588448076,-29.836005257734556,-28.05315578008008,-0.6617421965247356,-13.668247029691312
19608,0.01187117823574658,5.445919266581862e-06,0.00017429210354456698,32.0,0,-28.501990874446925,-29.847515299105947,-28.06408572627021,-0.6622379276012338,-13.673555245685593
19722,0.011871071625456102,5.365747424191252e-06,0.0001717262435837624,32.0,0,-28.512796587637055,-29.858855836409113,-28.074854712312288,-0.6627262986199762,-13.678785132750354
19836,0.011870968129148625,5.286849879516114e-06,0.00016920116767981684,32.0,0,-28.52344329962504,-29.870029565615724,-28.085465298259223,-0.6632074283705952,-13.68393794122771
19950,0.011870867652321452,5.209203615888559e-06,0.00016671613916321445,32.0,0,-28.533933535465827,-29.881039133948494,-28.09591999787328,-0.6636814334447845,-13.689014898721213
20064,0.011870770103494395,5.132786114037181e-06,0.0001642704372774363,32.0,0,-28.544269774671765,-29.89188714093638,-28.106221279628002,-0.6641484282853047,-13.694017210591698
20178,0.011870675394106304,5.0575753389356425e-06,0.00016186335676506437,32.0,0,-28.554454452194914,-29.90257613944166,-28.116371567683572,-0.664608525233622,-13.698946060439825
20292,0.011870583438415551,4.983549727058959e-06,0.00015949420746514247,32.0,0,-28.56448995938328,-29.91310863666005,-28.12637324283642,-0.6650618345762838,-13.703802610575845
20406,0.011870494153403584,4.910688174045309e-06,0.00015716231391003753,32.0,0,-28.57437864491209,-29.92348709509458,-28.136228643444,-0.6655084645900167,-13.708588002476958
20520,0.011870407458683205,4.838970022752124e-06,0.00015486701494517646,32.0,0,-28.584122815690623,-29.933713933504006,-28.145940066325398,-0.6659485215856231,-13.713303357232608
20634,0.011870323276409052,4.768375051692946e-06,0.00015260766336676557,32.0,0,-28.593724737745664,-29.943791527826836,-28.15550976763872,-0.6663821099507088,-13.717949775978246
20748,0.011870241531191953,4.698883463822549e-06,0.00015038362554890898,32.0,0,-28.603186637082022,-29.953722212081335,-28.164939963735726,-0.6668093321912713,-13.722528340317742
20862,0.011870162150016449,4.630475875673624e-06,0.00014819428110691255,32.0,0,-28.61251070052096,-29.963508279242586,-28.174232831994633,-0.6672302889721936,-13.727040112734903
20976,0.01187008506216086,4.563133306835583e-06,0.000146039022556376,32.0,0,-28.621699076517334,-29.973151982097136,-28.183390511631668,-0.667645079156665,-13.731486136994453
21090,0.011870010199121008,4.496837169749342e-06,0.0001439172549837744,32.0,0,-28.63075387595584,-29.982655534076006,-28.192415104492085,-0.6680537998445911,-13.735867438532743
21204,0.011869937494535918,4.43156925981336e-06,0.00014182839573998897,32.0,0,-28.63967717292725,-29.992021110066595,-28.201308675821103,-0.6684565464099667,-13.74018502483849
21318,0.011869866884116608,4.367311745797862e-06,0.00013977187411800637,32.0,0,-28.64847100548509,-30.001250847204425,-28.210073255015697,-0.6688534125373407,-13.744439885824015
21432,0.011869798305577436,4.304047160548118e-06,0.00013774713106981163,32.0,0,-28.657137376383385,-30.01034684564491,-28.21871083635746,-0.6692444902573049,-13.748632994187004
21546,0.011869731698569714,4.241758391942836e-06,0.00013575361891097852,32.0,0,-28.665678253796205,-30.019311169316047,-28.227223379727366,-0.6696298699810644,-13.752765305763301
21660,0.011869667004617945,4.180428674158845e-06,0.00013379080103295614,32.0,0,-28.6740955720192,-30.02814584665258,-28.235612811302847,-0.6700096405341681,-13.756837759870928
21774,0.011869604167057983,4.1200415791814485e-06,0.00013185815165460928,32.0,0,-28.68239123215403,-30.03685287131201,-28.24388102423771,-0.6703838891893658,-13.76085127964554
21888,0.011869543130977682,4.060581008544982e-06,0.00012995515552533064,32.0,0,-28.690567102776065,-30.045434202873263,-28.252029879325605,-0.6707527016986256,-13.764806772367686
22002,0.01186948384315973,4.002031185358754e-06,0.00012808130770221781,32.0,0,-28.698625020585716,-30.053891767518255,-28.260061205647148,-0.6711161623243711,-13.768705129782015
22116,0.011869426252025795,3.944376646512756e-06,0.00012623611327271359,32.0,0,-28.70656679104404,-30.06222745869698,-28.267976801201513,-0.6714743538699358,-13.772547228408701
22230,0.011869370307583673,3.88760223517363e-06,0.0001244190871385351,32.0,0,-28.71439418899307,-30.070443137776643,-28.275778433522813,-0.6718273577092533,-13.776333929847336
22344,0.011869315961375415,3.831693093428119e-06,0.00012262975376101118,32.0,0,-28.72210895926122,-30.078540634675203,-28.28346784028171,-0.6721752538158173,-13.780066081073487
22458,0.011869263166427665,3.7766346552013897e-06,0.00012086764694103523,32.0,0,-28.72971281725422,-30.08652174847993,-28.291046729872697,-0.6725181207909695,-13.783744514728145
22572,0.01186921187720382,3.7224126393384396e-06,0.00011913230960859718,32.0,0,-28.737207449532196,-30.094388248051136,-28.298516781987487,-0.6728560358914125,-13.787370049400266
22686,0.01186916204955737,3.669013042893938e-06,0.00011742329359128692,32.0,0,-28.744594514372828,-30.1021418726118,-28.30587964817482,-0.6731890750561581,-13.790943489902567
22800,0.011869113640687408,3.616422134612632e-06,0.00011574015941177604,32.0,0,-28.75187564232158,-30.109784332323283,-28.313136952387193,-0.6735173129327391,-13.79446562754084
22914,0.011869066609095232,3.564626448600679e-06,0.00011408247608837566,32.0,0,-28.75905243672883,-30.117317308847635,-28.32029029151476,-0.6738408229028379,-13.797937240376912
23028,0.011869020914542946,3.5136127781734187e-06,0.00011244982093828856,32.0,0,-28.76612647427461,-30.124742455896843,-28.32734123590691,-0.6741596771072994,-13.801359093485473
23142,0.011868976518012582,3.4633681698461573e-06,0.00011084177937145305,32.0,0,-28.773099305481225,-30.13206139976933,-28.33429132988171,-0.6744739464705359,-13.804731939204892
23256,0.011868933381667786,3.413879917537643e-06,0.00010925794473195257,32.0,0,-28.77997245521395,-30.139275739874165,-28.341142092223645,-0.6747837007243429,-13.808056517382223
23370,0.011868891468815923,3.365135556908738e-06,0.00010769791809383047,32.0,0,-28.786747423170294,-30.14638704924318,-28.347895016669952,-0.6750890084311915,-13.811333555612578
23484,0.011868850743871683,3.317122859847042e-06,0.00010616130808743972,32.0,0,-28.793425684358162,-30.153396875031547,-28.354551572385905,-0.675389937006942,-13.814563769473015
23598,0.011868811172322276,3.269829829128713e-06,0.00010464773074091963,32.0,0,-28.800008689563033,-30.16030673900686,-28.36111320442927,-0.6756865527430479,-13.817747862751027
23712,0.011868772720693166,3.223244693212158e-06,0.00010315680930242187,32.0,0,-28.806497865804673,-30.167118138027266,-28.367581334204285,-0.6759789208282204,-13.820886527667902
23826,0.011868735356515633,3.177355901155303e-06,0.0001016881740771557,32.0,0,-28.812894616783474,-30.173832544508787,-28.373957359905443,-0.6762671053696191,-13.823980445096971
23940,0.01186869904829485,3.1321521177179215e-06,0.00010024146228333782,32.0,0,-28.819200323316945,-30.18045140688225,-28.380242656951356,-0.676551169413541,-13.827030284776987
24054,0.011868663765479431,3.0876222185276763e-06,9.88163178770231e-05,32.0,0,-28.825416343766285,-30.186976150039975,-28.386438578408953,-0.6768311749656274,-13.830036705520687
24168,0.011868629478431755,3.04375528544803e-06,9.741239142328263e-05,32.0,0,-28.831544014453595,-30.1934081757726,-28.39254645540821,-0.6771071830106463,-13.833000355418694
24282,0.011868596158399492,3.0005406020093576e-06,9.602933993813946e-05,32.0,0,-28.837584650069907,-30.1997488631963,-28.398567597547878,-0.6773792535317731,-13.835921872038941
24396,0.01186856377748769,2.9579676489992776e-06,9.466682675129739e-05,32.0,0,-28.84353954407412,-30.205999569170555,-28.404503293292155,-0.6776474455294852,-13.83880188262162
24510,0.011868532308632418,2.9160261001423243e-06,9.332452137032708e-05,32.0,0,-28.849409969083275,-30.212161628706745,-28.410354810358704,-0.6779118170399973,-13.841641004269853
24624,0.011868501725574531,2.874705817920035e-06,9.200209934290877e-05,32.0,0,-28.85519717725438,-30.218236355368088,-28.416123396098364,-0.6781724251533144,-13.844439844136256
24738,0.011868472002834937,2.833996849482299e-06,9.069924212384144e-05,32.0,0,-28.860902400657775,-30.22422504166058,-28.421810277866427,-0.6784293260308613,-13.847198999605316
24852,0.011868443115690267,2.793889422652119e-06,8.941563695333781e-05,32.0,0,-28.866526851642647,-30.23012895941568,-28.427416663386026,-0.6786825749227029,-13.849919058471883
24966,0.01186841504014958,2.754373942068396e-06,8.815097673350915e-05,32.0,0,-28.872071723194477,-30.235949360164838,-28.43294374110372,-0.678932226184449,-13.852600599115783
25080,0.01186838775293166,2.715440985402115e-06,8.690495990114909e-05,32.0,0,-28.87753818928503,-30.241687475505838,-28.438392680537426,-0.6791783332937203,-13.855244190672694
25194,0.011868361231443242,2.677081299681124e-06,8.567729030889098e-05,32.0,0,-28.882927405214637,-30.247344517461453,-28.443764632616944,-0.679420948866299,-13.857850393201291
25308,0.011868335453757674,2.6392857976843513e-06,8.446767712791829e-05,32.0,0,-28.8882405079475,-30.252921678830514,-28.449060730017322,-0.6796601246718955,-13.860419757846916
25422,0.011868310398594702,2.6020455544821355e-06,8.327583471101372e-05,32.0,0,-28.893478616439673,-30.258420133531445,-28.454282087485108,-0.6798959116495987,-13.862952827001683
25536,0.01186828604530025,2.5653518039826563e-06,8.210148249956873e-05,32.0,0,-28.89864283196027,-30.263841036938704,-28.459429802157775,-0.6801283599229785,-13.865450134461273
25650,0.01186826237382767,2.529195935659796e-06,8.094434491205122e-05,32.0,0,-28.903734238405846,-30.269185526212116,-28.464504953876475,-0.6803575188148739,-13.867912205578351
25764,0.011868239364718917,2.493569491267458e-06,7.980415124480098e-05,32.0,0,-28.908753902608293,-30.274454720619346,-28.46950860549222,-0.6805834368618522,-13.870339557412825
25878,0.011868216999086568,2.4584641617186314e-06,7.86806355625106e-05,32.0,0,-28.91370287463633,-30.279649721851644,-28.474441803165764,-0.6808061618283696,-13.872732698878904
25992,0.011868195258596647,2.4238717839808896e-06,7.7573536608932e-05,32.0,0,-28.91858218809067,-30.284771614333174,-28.47930557666126,-0.6810257407206308,-13.87509213088918
26106,0.011868174125451639,2.3897843380818968e-06,7.648259770961415e-05,32.0,0,-28.92339286039323,-30.289821465523836,-28.484100939633876,-0.6812422198001504,-13.87741834649563
26220,0.01186815358237415,2.356193944186597e-06,7.540756666335188e-05,32.0,0,-28.928135893070255,-30.294800326215995,-28.48882888991148,-0.6814556445970412,-13.879711831027791
26334,0.011868133612591317,2.323092859719447e-06,7.43481956764446e-05,32.0,0,-28.932812272029782,-30.299709230825016,-28.49349040977062,-0.6816660599230134,-13.88197306222802
26448,0.011868114199819403,2.2904734766002455e-06,7.330424124888613e-05,32.0,0,-28.93742296783338,-30.304549197674014,-28.49808646620685,-0.6818735098840889,-13.884202510384041
26562,0.011868095328248954,2.25832831848369e-06,7.227546410217232e-05,32.0,0,-28.941968935962375,-30.309321229272804,-28.50261801119962,-0.6820780378930962,-13.886400638458776
26676,0.011868076982530694,2.2266500381540495e-06,7.126162908950773e-05,32.0,0,-28.94645111707879,-30.314026312591146,-28.507085981971784,-0.6822796866818532,-13.88856790221752
26790,0.011868059147761522,2.1954314148923602e-06,7.026250511008105e-05,32.0,0,-28.95087043728087,-30.318665419326596,-28.51149130124388,-0.6824784983131347,-13.890704750352569
26904,0.011868041809471052,2.1646653519640882e-06,6.927786503840379e-05,32.0,0,-28.955227808353623,-30.32323950616696,-28.515834877483393,-0.6826745141923928,-13.892811624605324
27018,0.011868024953608653,2.1343448741447384e-06,6.830748562943275e-05,32.0,0,-28.95952412801427,-30.327749515047437,-28.52011760514893,-0.6828677750792126,-13.894888959885925
27132,0.01186800856653101,2.104463125309381e-06,6.735114745667313e-05,32.0,0,-28.96376028015292,-30.332196373402816,-28.524340364929664,-0.683058321098563,-13.896937184390556
27246,0.011867992634989648,2.075013366066485e-06,6.640863483094917e-05,32.0,0,-28.967937135068336,-30.336580994414483,-28.528504023979952,-0.6832461917517925,-13.898956719716331
27360,0.011867977146119283,2.0459889714874453e-06,6.547973571133642e-05,32.0,0,-28.97205554969913,-30.340904277252715,-28.53260943614934,-0.6834314259274418,-13.900947980973951
27474,0.011867962087426362,2.017383428829685e-06,6.456424167369867e-05,32.0,0,-28.976116367850416,-30.34516710731418,-28.53665744220811,-0.6836140619117957,-13.90291137689817
27588,0.01186794744677795,1.989190335355004e-06,6.36619477863997e-05,32.0,0,-28.980120420416025,-30.349370356454692,-28.540648870068342,-0.683794137399248,-13.904847309955976
27702,0.011867933212391043,1.961403396194081e-06,6.277265258937176e-05,32.0,0,-28.98406852559627,-30.353514883217557,-28.544584535000677,-0.6839716895024527,-13.906756176452758
27816,0.011867919372821948,1.9340164222382273e-06,6.189615800296553e-05,32.0,0,-28.987961489111665,-30.357601533057412,-28.548465239846912,-0.6841467547622825,-13.908638366636348
27930,0.011867905916956656,1.9070233281114507e-06,6.1032269267242504e-05,32.0,0,-28.99180010441235,-30.361631138559748,-28.552291775228444,-0.6843193691575782,-13.91049426479905
28044,0.011867892834000431,1.8804181301567677e-06,6.018079487402405e-05,32.0,0,-28.99558515288352,-30.36560451965615,-28.556064919750664,-0.6844895681147012,-13.912324249377667
28158,0.011867880113468935,1.854194944493454e-06,5.934154650922839e-05,32.0,0,-28.999317404046916,-30.369522483835524,-28.55978544020351,-0.6846573865169227,-13.914128693051628
28272,0.011867867745178656,1.8283479851040957e-06,5.85143389976929e-05,32.0,0,-29.002997615758485,-30.37338582635116,-28.563454091758107,-0.6848228587135983,-13.91590796283923
28386,0.011867855719238273,1.8028715619657963e-06,5.769899023041942e-05,32.0,0,-29.00662653440216,-30.3771953304239,-28.567071618159705,-0.6849860185291986,-13.91766242019198
28500,0.011867844026039768,1.777760079240086e-06,5.68953211125579e-05,32.0,0,-29.01020489508004,-30.380951767441402,-28.570638751916857,-0.6851468992721175,-13.919392421087192
28614,0.011867832656250204,1.7530080334719951e-06,5.6103155511418495e-05,32.0,0,-29.01373342179893,-30.3846558971537,-28.574156214487147,-0.6853055337433666,-13.921098316118773
28728,0.011867821600803801,1.7286100118605637e-06,5.532232018834524e-05,32.0,0,-29.017212827653392,-30.388308467864945,-28.577624716459265,-0.685461954245036,-13.922780450586323
28842,0.011867810850893707,1.7045606905573935e-06,5.455264475963727e-05,32.0,0,-29.020643815005304,-30.39191021662175,-28.58104495773184,-0.6856161925886625,-13.924439164582548
28956,0.011867800397964751,1.6808548329830308e-06,5.3793961625463847e-05,32.0,0,-29.02402707566005,-30.39546186939777,-28.58441762768872,-0.6857682801033872,-13.926074793078984
29070,0.01186779023370576,1.6574872882163054e-06,5.3046105939026465e-05,32.0,0,-29.027363291039407,-30.398964141274966,-28.587743405371082,-0.6859182476439725,-13.927687666010144
29184,0.011867780350042649,1.634452989388485e-06,5.23089155307293e-05,32.0,0,-29.03065313235129,-30.40241773662145,-28.591022959646352,-0.6860661255986634,-13.929278108356089
29298,0.011867770739131315,1.6117469521334054e-06,5.158223087976095e-05,32.0,0,-29.033897260756245,-30.405823349266104,-28.594256949373964,-0.6862119438969217,-13.930846440223446
29412,0.011867761393351025,1.589364273046885e-06,5.0865895057603285e-05,32.0,0,-29.037096327530893,-30.409181662669802,-28.597446023568008,-0.6863557320169729,-13.932392976924936
29526,0.011867752305297725,1.567300128219415e-06,5.015975367157797e-05,32.0,0,-29.0402509742283,-30.41249335009364,-28.600590821556903,-0.6864975189932491,-13.933918029057384
29640,0.011867743467777898,1.5455497717548896e-06,4.946365483744158e-05,32.0,0,-29.043361832835615,-30.41575907476402,-28.603691973140247,-0.6866373334236686,-13.935421902578355
29754,0.01186773487380236,1.5241085343492073e-06,4.877744911204083e-05,32.0,0,-29.0464295259285,-30.418979490034694,-28.606750098742612,-0.6867752034767897,-13.936904898881332
29868,0.011867726516580284,1.5029718218985254e-06,4.810098946642697e-05,32.0,0,-29.04945466682293,-30.42215523954581,-28.609765809564614,-0.6869111568988446,-13.938367314869508
29982,0.011867718389513471,1.4821351141222398e-06,4.7434131226808466e-05,32.0,0,-29.052437859724225,-30.425286957380145,-28.612739707731258,-0.6870452210205952,-13.939809443028256
30096,0.011867710486190671,1.4615939632299488e-06,4.67767320491361e-05,32.0,0,-29.05537969987334,-30.42837526821648,-28.615672386437588,-0.6871774227641191,-13.94123157149628
30210,0.01186770280038233,1.441343992611993e-06,4.612865185545631e-05,32.0,0,-29.05828077369042,-30.431420787480153,-28.618564430091624,-0.687307788649444,-13.942633984135432
30324,0.011867695326035047,1.4213808955534516e-06,4.548975281667831e-05,32.0,0,-29.061141658915993,-30.43442412149092,-28.621416414454817,-0.6874363448010364,-13.944016960599294
30438,0.01186768805726673,1.401700433975187e-06,4.485989929348364e-05,32.0,0,-29.06396292474929,-30.43738586760819,-28.62422890677988,-0.6875631169542346,-13.945380776400519
30552,0.011867680988361558,1.3822984372191029e-06,4.423895780544756e-05,32.0,0,-29.06674513198446,-30.440306614373636,-28.627002465946326,-0.6876881304614936,-13.946725702976975
30666,0.011867674113765107,1.363170800824546e-06,4.362679699352333e-05,32.0,0,-29.069488833144014,-30.443186941651227,-28.629737642593312,-0.6878114102985591,-13.94805200775664
30780,0.011867667428079664,1.3443134853639788e-06,4.302328757422716e-05,32.0,0,-29.072194572610083,-30.446027420764796,-28.63243497925037,-0.6879329810705237,-13.949359954221409
30894,0.011867660926059957,1.325722515285628e-06,4.2428302315857956e-05,32.0,0,-29.07486288675335,-30.448828614633193,-28.6350950104657,-0.6880528670177504,-13.950649801969714
31008,0.0118676546026084,1.3073939777750104e-06,4.1841715990064974e-05,32.0,0,-29.0774943040595,-30.45159107790296,-28.637718262932154,-0.6881710920217382,-13.95192180677806
31122,0.011867648452771062,1.2893240216611864e-06,4.1263405339022324e-05,32.0,0,-29.080089345253697,-30.454315357078755,-28.640305255611104,-0.6882876796108167,-13.953176220661431
31236,0.011867642471733619,1.271508856323118e-06,4.069324904907903e-05,32.0,0,-29.082648523422712,-30.45700199065139,-28.64285649985402,-0.6884026529657857,-13.954413291932672
31350,0.011867636654816984,1.2539447506287626e-06,4.0131127707417306e-05,32.0,0,-29.085172344134875,-30.45965150922369,-28.64537249952198,-0.688516034925446,-13.955633265260772
31464,0.011867630997473778,1.2366280318896117e-06,3.957692377478803e-05,32.0,0,-29.087661305558072,-30.462264435634186,-28.647853751103113,-0.6886278479920239,-13.956836381728197
31578,0.01186762549528437,1.2195550848590206e-06,3.903052153780563e-05,32.0,0,-29.090115898575494,-30.464841285078457,-28.650300743827852,-0.6887381143364968,-13.958022878887121
31692,0.011867620143953313,1.202722350706762e-06,3.8491807106752655e-05,32.0,0,-29.092536606899586,-30.467382565228608,-28.65271395978238,-0.6888468558038287,-13.959192990814762
31806,0.01186761493930567,1.186126326063999e-06,3.79606683553494e-05,32.0,0,-29.094923907183748,-30.469888776350473,-28.65509387401988,-0.6889540939181187,-13.960346948167679
31920,0.01186760987728364,1.1697635620412566e-06,3.743699490672769e-05,32.0,0,-29.097278269132406,-30.472360411418954,-28.65744095467014,-0.6890598498876517,-13.961484978235204
32034,0.011867604953943279,1.1536306633163848e-06,3.6920678091071716e-05,32.0,0,-29.099600155608886,-30.47479795623118,-28.659755663046944,-0.6891641446098556,-13.962607304991856
32148,0.01186760016545092,1.1377242871817394e-06,3.641161092972946e-05,32.0,0,-29.101890022741667,-30.47720188951791,-28.6620384537539,-0.6892669986761876,-13.963714149148924
32262,0.011867595508080577,1.1220411426638684e-06,3.590968809510998e-05,32.0,0,-29.104148320028653,-30.479572683052915,-28.66428977478825,-0.6893684323769255,-13.964805728205143
32376,0.0118675909782103,1.1065779896258115e-06,3.5414805892130654e-05,32.0,0,-29.106375490439707,-30.481910801760456,-28.666510067643,-0.6894684657058584,-13.96588225649644
32490,0.011867586572319658,1.0913316379089908e-06,3.4926862220161795e-05,32.0,0,-29.10857197051746,-30.48421670382103,-28.66869976740729,-0.6895671183649394,-13.966943945244921
32604,0.011867582286986448,1.076298946473408e-06,3.444575655164459e-05,32.0,0,-29.110738190476347,-30.486490840775243,-28.67085930286503,-0.6896644097688135,-13.96799100260694
32718,0.011867578118884269,1.0614768225640845e-06,3.397138990570551e-05,32.0,0,-29.11287457430003,-30.488733657625914,-28.672989096591888,-0.6897603590492838,-13.9690236337204
32832,0.011867574064779559,1.0468622208961294e-06,3.350366481892904e-05,32.0,0,-29.114981539837075,-30.490945592938495,-28.67508956505062,-0.6898549850597085,-13.970042040751206
32946,0.011867570121529065,1.0324521428580883e-06,3.304248532666001e-05,32.0,0,-29.11705949889509,-30.493127078939743,-28.677161118684783,-0.6899483063793233,-13.97104642293897
33060,0.011867566286077262,1.0182436357082882e-06,3.258775692151576e-05,32.0,0,-29.119108857333217,-30.495278541614756,-28.67920416201085,-0.6900403413174587,-13.97203697664192
33174,0.011867562555453733,1.0042337918228988e-06,3.213938655335653e-05,32.0,0,-29.121130015153128,-30.49740040080237,-28.681219093708858,-0.6901311079177289,-13.973013895381031
33288,0.011867558926770997,9.904197479247167e-07,3.169728258240044e-05,32.0,0,-29.123123366588402,-30.499493070288963,-28.683206306711405,-0.6902206239621326,-13.973977369883468
33402,0.011867555397221901,9.767986843556242e-07,3.126135476678898e-05,32.0,0,-29.12508930019253,-30.501556957900664,-28.685166188291273,-0.690308906975049,-13.974927588125228
33516,0.011867551964077527,9.633678243269527e-07,3.0831514237743496e-05,32.0,0,-29.12702819892533,-30.503592465594036,-28.68709912014752,-0.6903959742272324,-13.975864735373136
33630,0.011867548624684945,9.50124433225694e-07,3.0407673474103907e-05,32.0,0,-29.128940440237955,-30.50559998954526,-28.689005478490152,-0.6904818427396873,-13.97678899422609
33744,0.011867545376465045,9.370658179054497e-07,2.9989746288626563e-05,32.0,0,-29.13082639615657,-30.507579920237838,-28.69088563412344,-0.6905665292874898,-13.977700544655631
33858,0.011867542216910314,9.241893259966099e-07,2.9577647790633196e-05,32.0,0,-29.132686433364444,-30.50953264254878,-28.69273995252771,-0.6906500504035704,-13.978599564045842
33972,0.011867539143583057,9.114923452458935e-07,2.9171294377250206e-05,32.0,0,-29.13452091328295,-30.511458535833448,-28.69456879393996,-0.6907324223823847,-13.979486227232577
34086,0.01186753615411336,8.989723028247347e-07,2.8770603708342232e-05,32.0,0,-29.136330192151007,-30.513357974008976,-28.696372513433072,-0.6908136612835676,-13.980360706542063
34200,0.011867533246196984,8.866266647212669e-07,2.8375494681129168e-05,32.0,0,-29.13811462110329,-30.515231325636265,-28.698151460993618,-0.6908937829355049,-13.981223171828827
34314,0.01186753041759375,8.744529350587502e-07,2.7985887420343854e-05,32.0,0,-29.139874546247157,-30.51707895400071,-28.699905981598583,-0.6909728029388561,-13.982073790513018
34428,0.01186752766612559,8.624486555155836e-07,2.7601703250263882e-05,32.0,0,-29.141610308738354,-30.518901217191505,-28.70163641529065,-0.691050736669997,-13.982912727617114
34542,0.011867524989674947,8.50611404670233e-07,2.722286467001859e-05,32.0,0,-29.143322244855412,-30.52069846817981,-28.703343097252407,-0.6911275992844267,-13.983740145802042
34656,0.011867522386182867,8.389387974267345e-07,2.6849295351581635e-05,32.0,0,-29.14501068607278,-30.522471054895423,-28.705026357879174,-0.6912034057201254,-13.984556205402662
34770,0.011867519853647476,8.274284844143797e-07,2.6480920101983655e-05,32.0,0,-29.14667595913298,-30.524219320302397,-28.70668652285081,-0.691278170700818,-13.98536106446271
34884,0.01186751739012241,8.160781513995268e-07,2.6117664857594337e-05,32.0,0,-29.148318386117325,-30.5259436024733,-28.708323913202218,-0.6913519087392244,-13.986154878769153
34998,0.011867514993715144,8.048855187297575e-07,2.575945665966567e-05,32.0,0,-29.14993828451569,-30.527644234662386,-28.70993884539283,-0.6914246341402386,-13.986937801886004
35112,0.011867512662585586,7.938483407667049e-07,2.5406223637218316e-05,32.0,0,-29.15153596729504,-30.52932154537742,-28.711531631374843,-0.6914963610040529,-13.987709985187562
35226,0.011867510394944587,7.82964405340037e-07,2.5057894994820325e-05,32.0,0,-29.153111742966853,-30.53097585845056,-28.713102578660447,-0.6915671032292448,-13.988471577891119
35340,0.011867508189052349,7.722315332035163e-07,2.471440098048988e-05,32.0,0,-29.154665915653574,-30.532607493107857,-28.714651990387928,-0.6916368745157889,-13.989222727089162
35454,0.011867506043217327,7.61647577506033e-07,2.4375672892818728e-05,32.0,0,-29.15619878515384,-30.534216764037858,-28.71618016538672,-0.6917056883680526,-13.989963577781031
35568,0.011867503955794678,7.512104232820914e-07,2.4041643043105867e-05,32.0,0,-29.157710647006756,-30.53580398145892,-28.717687398241395,-0.6917735580977137,-13.99069427290407
35682,0.011867501925184924,7.409179869252421e-07,2.3712244744881228e-05,32.0,0,-29.159201792555116,-30.537369451185583,-28.719173979354636,-0.6918404968266401,-13.991414953364277
35796,0.011867499949832907,7.307682157030698e-07,2.3387412301395514e-05,32.0,0,-29.160672509007583,-30.53891347469381,-28.720640195009224,-0.6919065174897375,-13.992125758066468
35910,0.011867498028226304,7.207590872587155e-07,2.306708099029044e-05,32.0,0,-29.162123079499974,-30.540436349185235,-28.722086327429043,-0.6919716328377356,-13.99282682394397
36024,0.011867496158894571,7.108886091053123e-07,2.2751187046570618e-05,32.0,0,-29.163553783155393,-30.541938367650275,-28.72351265483899,-0.6920358554399118,-13.993518285987797
36138,0.011867494340407674,7.011548181977262e-07,2.243966763684437e-05,32.0,0,-29.16496489514362,-30.543419818930435,-28.724919451524165,-0.6920991976868234,-13.994200277275421
36252,0.0118674925713751,6.915557804297508e-07,2.21324608700002e-05,32.0,0,-29.166356686739373,-30.54488098777944,-28.726306987887906,-0.6921616717929469,-13.994872928999037
36366,0.011867490850444647,6.82089590183428e-07,2.182950575353239e-05,32.0,0,-29.16772942537974,-30.546322154923462,-28.727675530508975,-0.6922232897992894,-13.995536370493378
36480,0.011867489176301389,6.727543698717142e-07,2.1530742197540472e-05,32.0,0,-29.16908337472071,-30.547743597120423,-28.7290253421979,-0.6922840635759685,-13.996190729263141
36594,0.011867487547666523,6.635482695292251e-07,2.1236110998689486e-05,32.0,0,-29.170418794692797,-30.549145587218383,-28.730356682052395,-0.6923440048247388,-13.996836131009923
36708,0.011867485963296698,6.544694663361993e-07,2.0945553815811234e-05,32.0,0,-29.171735941555703,-30.550528394212897,-28.73166980551181,-0.6924031250814906,-13.997472699658754
36822,0.011867484421982492,6.455161642174513e-07,2.0659013167511654e-05,32.0,0,-29.173035067952284,-30.551892283303573,-28.732964964410893,-0.6924614357186879,-13.99810055738421
36936,0.011867482922548097,6.366865934107724e-07,2.037643241342176e-05,32.0,0,-29.174316422961542,-30.553237515949714,-28.73424240703258,-0.6925189479477897,-13.998719824636122
37050,0.011867481463849739,6.279790100664218e-07,2.0097755743419814e-05,32.0,0,-29.175580252150805,-30.554564349925077,-28.735502378159993,-0.6925756728216274,-13.999330620164866
37164,0.01186748004477542,6.193916958263829e-07,1.9822928165156052e-05,32.0,0,-29.176826797627125,-30.555873039371765,-28.73674511912766,-0.6926316212367281,-13.999933061046255
37278,0.011867478664243454,6.109229574407893e-07,1.9551895486522062e-05,32.0,0,-29.17805629808789,-30.557163834853334,-28.737970867871898,-0.6926868039356309,-14.000527262706077
37392,0.01186747732120211,6.025711263729173e-07,1.9284604306952952e-05,32.0,0,-29.179268988870575,-30.558436983407017,-28.739179858980425,-0.6927412315091347,-14.001113338944206
37506,0.011867476014628342,5.943345584092146e-07,1.902100200171138e-05,32.0,0,-29.180465102001797,-30.559692728595138,-28.74037232374118,-0.6927949143985339,-14.001691401958357
37620,0.011867474743527428,5.862116332909798e-07,1.8761036723737365e-05,32.0,0,-29.1816448662455,-30.56093131055574,-28.741548490190404,-0.6928478628978108,-14.002261562367451
37734,0.011867473506931785,5.782007543316771e-07,1.8504657363864996e-05,32.0,0,-29.182808507150526,-30.56215296605247,-28.742708583160002,-0.6929000871557975,-14.002823929234665
37848,0.011867472303900572,5.703003480614291e-07,1.825181357105894e-05,32.0,0,-29.183956247097385,-30.56335792852361,-28.7438528243241,-0.6929515971782926,-14.003378610090078
37962,0.011867471133518628,5.625088638663043e-07,1.8002455714151915e-05,32.0,0,-29.185088305344284,-30.564546428130416,-28.74498143224497,-0.6930024028301472,-14.003925710952975
38076,0.011867469994896029,5.548247736357606e-07,1.775653489386201e-05,32.0,0,-29.186204898072443,-30.565718691804655,-28.746094622418145,-0.6930525138373472,-14.004465336353807
38190,0.01186746888716711,5.472465714159415e-07,1.7514002906228527e-05,32.0,0,-29.187306238430722,-30.566874943295463,-28.74719260731692,-0.6931019397890178,-14.004997589355835
38304,0.0118674678094901,5.397727730579479e-07,1.727481225658239e-05,32.0,0,-29.188392536579673,-30.568015403215487,-28.74827559643618,-0.6931506901394213,-14.005522571576416
38418,0.011867466761046256,5.32401915908278e-07,1.703891613543298e-05,32.0,0,-29.1894639997347,-30.56914028908623,-28.749343796335463,-0.6931987742099357,-14.006040383207951
38532,0.011867465741039277,5.251325584583297e-07,1.6806268404012274e-05,32.0,0,-29.1905208322087,-30.570249815382823,-28.750397410681444,-0.6932462011909702,-14.006551123038545
38646,0.011867464748694741,5.179632800214935e-07,1.6576823595943677e-05,32.0,0,-29.191563235454076,-30.571344193578014,-28.751436640289743,-0.69329298014388,-14.00705488847232
38760,0.011867463783259306,5.108926804323986e-07,1.635053690257358e-05,32.0,0,-29.192591408103986,-30.572423632185536,-28.752461683166093,-0.6933391200028399,-14.007551775549441
38874,0.01186746284400043,5.03919379710059e-07,1.6127364159348547e-05,32.0,0,-29.193605546013057,-30.57348833680279,-28.753472734546854,-0.6933846295766839,-14.008041878965813
38988,0.01186746193020554,4.970420177668519e-07,1.5907261832459196e-05,32.0,0,-29.194605842297435,-30.574538510152877,-28.754469986938975,-0.6934295175507328,-14.008525292092468
39102,0.011867461041181564,4.902592541045437e-07,1.5690187029112945e-05,32.0,0,-29.195592487374288,-30.57557435212604,-28.75545363015928,-0.6934737924885652,-14.00900210699473
39216,0.011867460176254488,4.835697675102959e-07,1.5476097455952907e-05,32.0,0,-29.196565669000567,-30.576596059820393,-28.756423851373196,-0.6935174628338114,-14.009472414450967
39330,0.011867459334768697,4.769722557562404e-07,1.526495143935232e-05,32.0,0,-29.19752557231138,-30.577603827582067,-28.757380835132874,-0.6935605369118426,-14.00993630397116
39444,0.01186745851608641,4.704654353527561e-07,1.5056707907256531e-05,32.0,0,-29.198472379857602,-30.57859784704481,-28.758324763414745,-0.6936030229315245,-14.010393863815166
39558,0.01186745771958746,4.64048041194716e-07,1.4851326366487759e-05,32.0,0,-29.199406271643046,-30.579578307168887,-28.75925581565653,-0.6936449289868647,-14.01084518101066
39672,0.01186745694466853,4.5771882635336285e-07,1.4648766910951568e-05,32.0,0,-29.20032742516093,-30.580545394279447,-28.7601741687936,-0.6936862630586914,-14.011290341370852
39786,0.01186745619074291,4.5147656176374746e-07,1.4448990207267181e-05,32.0,0,-29.201236015429956,-30.581499292104287,-28.761079997294896,-0.6937270330162761,-14.011729429511911
39900,0.01186745545723977,4.4532003596139726e-07,1.4251957480499935e-05,32.0,0,-29.20213221502974,-30.582440181811066,-28.76197347319825,-0.6937672466189361,-14.012162528870144
40014,0.011867454743604016,4.3924805482358517e-07,1.4057630516833449e-05,32.0,0,-29.20301619413575,-30.583368242044024,-28.762854766145217,-0.6938069115176232,-14.012589721718923
40128,0.011867454049295652,4.332594413073693e-07,1.3865971647157066e-05,32.0,0,-29.20388812055369,-30.584283648959953,-28.763724043415294,-0.6938460352564824,-14.013011089185307
40242,0.011867453373789423,4.2735303517992104e-07,1.3676943733998412e-05,32.0,0,-29.20474815975337,-30.58518657626383,-28.764581469959715,-0.6938846252743727,-14.013426711266465
40356,0.01186745271657449,4.2152769279626786e-07,1.349051018084758e-05,32.0,0,-29.205596474902094,-30.586077195243845,-28.765427208434716,-0.6939226889063992,-14.013836666845842
40470,0.011867452077153902,4.1578228681666567e-07,1.330663490515476e-05,32.0,0,-29.20643322689756,-30.58695567480587,-28.766261419234294,-0.6939602333853864,-14.01424103370906
40584,0.011867451455044324,4.101157059889893e-07,1.3125282345943447e-05,32.0,0,-29.207258574400168,-30.587822181507452,-28.76708426052244,-0.6939972658433516,-14.01463988855961
40698,0.011867450849775566,4.0452685489520065e-07,1.2946417444527292e-05,32.0,0,-29.20807267386502,-30.588676879591272,-28.76789588826498,-0.6940337933129374,-14.01503330703429
40812,0.0118674502608903,3.9901465371855506e-07,1.2770005637609923e-05,32.0,0,-29.20887567957328,-30.589519931018152,-28.76869645626085,-0.6940698227288438,-14.015421363718408
40926,0.011867449687943588,3.9357803800312014e-07,1.2596012867268958e-05,32.0,0,-29.20966774366307,-30.590351495499522,-28.769486116172953,-0.69410536092924,-14.015804132160788
41040,0.011867449130502795,3.882159584480326e-07,1.2424405541560792e-05,32.0,0,-29.210449016160105,-30.5911717305294,-28.77026501755854,-0.6941404146571168,-14.016181684888519
41154,0.011867448588146968,3.8292738065651536e-07,1.2255150561461473e-05,32.0,0,-29.211219645007645,-30.591980791415953,-28.771033307899177,-0.694174990561658,-14.01655409342149
41268,0.01186744806046673,3.7771128492690727e-07,1.2088215293744008e-05,32.0,0,-29.211979776096047,-30.592778831312522,-28.771791132630177,-0.6942090951995971,-14.016921428286736
41382,0.011867447547063693,3.7256666604065396e-07,1.1923567563181627e-05,32.0,0,-29.212729553292032,-30.593566001248217,-28.772538635169706,-0.6942427350364999,-14.017283759032516
41496,0.011867447047550458,3.674925330245843e-07,1.1761175659160974e-05,32.0,0,-29.213469118467287,-30.59434245015811,-28.773275956947383,-0.6942759164480935,-14.017641154242263
41610,0.011867446561550202,3.6248790897362636e-07,1.160100831500219e-05,32.0,0,-29.214198611526818,-30.595108324912836,-28.774003237432463,-0.6943086457215396,-14.017993681548228
41724,0.01186744608869626,3.5755183081660915e-07,1.144303470283071e-05,32.0,0,-29.2149181704369,-30.595863770347968,-28.774720614161684,-0.6943409290566831,-14.018341407645044
41838,0.01186744562863208,3.5268334912087296e-07,1.1287224445545232e-05,32.0,0,-29.215627931252392,-30.596608929292717,-28.775428222766536,-0.6943727725673043,-14.018684398302932
41952,0.01186744518101072,3.478815278913131e-07,1.1133547583862131e-05,32.0,0,-29.216328028143913,-30.597343942598446,-28.776126197000337,-0.6944041822823345,-14.019022718380873
42066,0.011867444745494749,3.431454443738256e-07,1.0981974583665042e-05,32.0,0,-29.21701859342448,-30.5980689491666,-28.77681466876475,-0.6944351641470781,-14.01935643183949
42180,0.011867444321755889,3.3847418885333713e-07,1.083247633707658e-05,32.0,0,-29.217699757575737,-30.598784085976245,-28.77749376813595,-0.694465724024381,-14.019685601753745
42294,0.011867443909474928,3.3386686447962967e-07,1.068502413372087e-05,32.0,0,-29.218371649273855,-30.599489488111274,-28.77816362339043,-0.6944958676958078,-14.020010290325477
42408,0.011867443508341072,3.2932258705503364e-07,1.0539589680787183e-05,32.0,0,-29.219034395415093,-30.60018528878715,-28.778824361030438,-0.6945256008627867,-14.020330558895745
42522,0.011867443118052238,3.248404848625096e-07,1.039614508123698e-05,32.0,0,-29.219688121140823,-30.600871619377315,-28.779476105809007,-0.694554929147767,-14.020646467956999
42636,0.011867442738314471,3.204196984891655e-07,1.0254662824063827e-05,32.0,0,-29.220332949862396,-30.601548609439135,-28.78011898075463,-0.6945838580953078,-14.020958077165057
42750,0.011867442368841772,3.1605938062483303e-07,1.0115115794711494e-05,32.0,0,-29.2209690032855,-30.60221638673956,-28.78075310719561,-0.6946123931732091,-14.021265445350918
42864,0.011867442009356006,3.117586959071565e-07,9.977477259221089e-06,32.0,0,-29.221596401434116,-30.60287507728026,-28.781378604783917,-0.6946405397735723,-14.021568630532368
42978,0.01186744165958656,3.0751682073285375e-07,9.841720858643276e-06,32.0,0,-29.222215262674354,-30.60352480532257,-28.78199559151892,-0.6946683032138841,-14.021867689925472
43092,0.01186744131927014,3.0333294309361523e-07,9.707820606789355e-06,32.0,0,-29.22282570373769,-30.60416569341197,-28.782604183770587,-0.694695688738072,-14.02216267995587
43206,0.011867440988150683,2.992062624013252e-07,9.575750878997374e-06,32.0,0,-29.223427839744023,-30.604797862402215,-28.78320449630241,-0.6947227015175316,-14.02245365626989
43320,0.011867440665979063,2.9513598932933365e-07,9.445486416306022e-06,32.0,0,-29.224021784224313,-30.60542143147914,-28.783796642294025,-0.6947493466521679,-14.022740673745538
43434,0.011867440352512896,2.9112134563795386e-07,9.317002311958646e-06,32.0,0,-29.224607649142904,-30.60603651818407,-28.78438073336344,-0.6947756291713837,-14.023023786503282
43548,0.011867440047516458,2.871615640280561e-07,9.190274002877862e-06,32.0,0,-29.2251855449196,-30.606643238436963,-28.784956879588993,-0.6948015540350848,-14.023303047916734
43662,0.011867439750760371,2.832558879626347e-07,9.06527728847378e-06,32.0,0,-29.2257555804513,-30.607241706559176,-28.78552518953099,-0.6948271261346564,-14.023578510623109
43776,0.011867439462021385,2.7940357152829446e-07,8.941988285524944e-06,32.0,0,-29.226317863133364,-30.60783203529586,-28.786085770252956,-0.6948523502939445,-14.023850226533614
43890,0.011867439181082606,2.756038792734015e-07,8.82038346417655e-06,32.0,0,-29.226872498880745,-30.60841433583814,-28.78663872734271,-0.6948772312701682,-14.0241182468436
44004,0.011867438907732812,2.718560860568947e-07,8.70043961078611e-06,32.0,0,-29.22741959214871,-30.60898871784482,-28.787184164932967,-0.6949017737548905,-14.02438262204263
44118,0.011867438641766474,2.6815947689688845e-07,8.582133851432176e-06,32.0,0,-29.227959245953294,-30.60955528946393,-28.78772218572182,-0.6949259823749326,-14.024643401924367
44232,0.011867438382983871,2.645133468313639e-07,8.465443615973697e-06,32.0,0,-29.228491561891477,-30.61011415735387,-28.788252890992776,-0.6949498616932807,-14.024900635596355
44346,0.01186743813119043,2.609170007590901e-07,8.35034666340515e-06,32.0,0,-29.229016640161046,-30.610665426704205,-28.788776380634562,-0.6949734162099763,-14.025154371489574
44460,0.011867437886197063,2.5736975332153644e-07,8.236821056733723e-06,32.0,0,-29.229534579580193,-30.611209201256372,-28.78929275316071,-0.6949966503630215,-14.02540465736801
44574,0.01186743764781976,2.5387092873380864e-07,8.124845172061044e-06,32.0,0,-29.230045477606847,-30.611745583323774,-28.789802105728725,-0.6950195685292194,-14.025651540337897
44688,0.011867437415879544,2.504198606643904e-07,8.01439768119356e-06,32.0,0,-29.230549430357645,-30.612274673811886,-28.790304534159116,-0.6950421750250667,-14.025895066857013
44802,0.011867437190202123,2.470158920947732e-07,7.905457554569015e-06,32.0,0,-29.231046532626724,-30.612796572237816,-28.790800132954,-0.6950644741075603,-14.026135282743656
44916,0.01186743697061814,2.436583751875102e-07,7.79800406355395e-06,32.0,0,-29.231536877904155,-30.613311376749795,-28.791288995315597,-0.6950864699750663,-14.026372233185665
45030,0.011867436756962798,2.403466711448885e-07,7.692016763454191e-06,32.0,0,-29.23202055839418,-30.613819184146237,-28.791771213164317,-0.6951081667681256,-14.026605962749187
45144,0.011867436549075575,2.370801501012121e-07,7.5874754927605655e-06,32.0,0,-29.232497665033208,-30.614320089894598,-28.792246877156725,-0.6951295685702559,-14.02683651538736
45258,0.011867436346800615,2.3385819095537635e-07,7.4843603774842754e-06,32.0,0,-29.23296828750746,-30.61481418815005,-28.792716076703183,-0.6951506794087767,-14.02706393444894
45372,0.011867436149986001,2.3068018129757394e-07,7.382651815185443e-06,32.0,0,-29.233432514270433,-30.61530157177355,-28.793178899985104,-0.695171503255552,-14.027288262686627
45486,0.011867435958484203,2.2754551722722737e-07,7.28233048097361e-06,32.0,0,-29.23389043256008,-30.615782332350143,-28.793635433972273,-0.6951920440278121,-14.027509542265475
45600,0.01186743577215136,2.2445360329015343e-07,7.183377317417262e-06,32.0,0,-29.234342128415747,-30.616256560206587,-28.794085764439586,-0.6952123055888817,-14.027727814771046
45714,0.011867435590847953,2.2140385230306006e-07,7.0857735308534995e-06,32.0,0,-29.2347876866949,-30.616724344428924,-28.794529975983767,-0.6952322917489534,-14.027943121217497
45828,0.011867435414437744,2.1839568526869933e-07,6.989500594277942e-06,32.0,0,-29.23522719108956,-30.617185772879797,-28.79496815203978,-0.695252006265823,-14.028155502055544
45942,0.011867435242788611,2.1542853125276467e-07,6.894540231401627e-06,32.0,0,-29.235660724142548,-30.617640932215437,-28.795400374896975,-0.6952714528456256,-14.028364997180315
46056,0.011867435075771765,2.1250182726088388e-07,6.800874427296278e-06,32.0,0,-29.236088367263488,-30.618089907902466,-28.79582672571505,-0.6952906351435426,-14.028571645939083
46170,0.011867434913262016,2.0961501813682518e-07,6.708485413949296e-06,32.0,0,-29.236510200744522,-30.61853278423443,-28.79624728453974,-0.6953095567645269,-14.02877548713888
46284,0.011867434755137515,2.0676755643592277e-07,6.617355669463697e-06,32.0,0,-29.23692630377598,-30.618969644348198,-28.79666213031838,-0.695328221264004,-14.028976559054055
46398,0.011867434601279741,2.0395890232940574e-07,6.5274679183198876e-06,32.0,0,-29.23733675446153,-30.619400570239907,-28.79707134091509,-0.695346632148545,-14.029174899433636
46512,0.01186743445157337,2.011885234868266e-07,6.438805125644299e-06,32.0,0,-29.23774162983341,-30.619825642780917,-28.797474993125864,-0.6953647928765619,-14.029370545508662
46626,0.011867434305906217,1.9845589497532927e-07,6.351350487887139e-06,32.0,0,-29.238141005867213,-30.620244941733393,-28.797873162693406,-0.695382706858984,-14.029563533999372
46740,0.01186743416416917,1.9576049914441548e-07,6.265087442240685e-06,32.0,0,-29.238534957496686,-30.620658545765714,-28.79826592432177,-0.6954003774598957,-14.029753901122318
46854,0.011867434026256011,1.9310182553933346e-07,6.179999648041436e-06,32.0,0,-29.23892355862807,-30.621066532467683,-28.798653351690767,-0.6954178079972151,-14.029941682597341
46968,0.011867433892063333,1.9047937078651232e-07,6.096071002212645e-06,32.0,0,-29.23930688215448,-30.62146897836548,-28.799035517470198,-0.6954350017433163,-14.030126913654497
47082,0.011867433761490746,1.8789263848080032e-07,6.01328560515142e-06,32.0,0,-29.239684999969835,-30.62186595893638,-28.799412493333815,-0.695451961925669,-14.030309629040817
47196,0.011867433634440348,1.853411391221363e-07,5.931627806360356e-06,32.0,0,-29.240057982982826,-30.622257548623352,-28.79978434997319,-0.6954686917274671,-14.030489863027036
47310,0.011867433510817062,1.8282438998645082e-07,5.85108214349734e-06,32.0,0,-29.24042590113051,-30.622643820849408,-28.800151157111323,-0.6954851942882423,-14.030667649414209
47424,0.011867433390528238,1.8034191503799946e-07,5.771633393130915e-06,32.0,0,-29.240788823391828,-30.62302484803167,-28.800512983516036,-0.6955014727044625,-14.030843021540191
47538,0.011867433273483923,1.7789324484335283e-07,5.693266521154286e-06,32.0,0,-29.241146817800846,-30.62340070159538,-28.80086989701325,-0.6955175300301425,-14.031016012286097
47652,0.011867433159596364,1.7547791645700682e-07,5.615966719327251e-06,32.0,0,-29.241499951459843,-30.62377145198762,-28.801221964499994,-0.6955333692774185,-14.031186654082601
47766,0.011867433048780318,1.730954733632649e-07,5.5397193706814755e-06,32.0,0,-29.24184829055226,-30.62413716869081,-28.801569251957297,-0.695548993417147,-14.031354978916196
47880,0.011867432940952884,1.7074546535013926e-07,5.464510071071809e-06,32.0,0,-29.24219190035531,-30.624497920236127,-28.801911824462824,-0.6955644053794671,-14.031521018335328
47994,0.01186743283603334,1.684274484434956e-07,5.390324611839837e-06,32.0,0,-29.242530845252723,-30.624853774216646,-28.80224974620346,-0.6955796080543557,-14.031684803456487
48108,0.011867432733943141,1.6614098480531255e-07,5.31714897970989e-06,32.0,0,-29.242865188746862,-30.625204797300306,-28.80258308048755,-0.6955946042922081,-14.031846364970162
48222,0.011867432634605919,1.638856426576121e-07,5.244969352601651e-06,32.0,0,-29.24319499347111,-30.625551055242703,-28.80291188975708,-0.6956093969043666,-14.03200573314675
48336,0.011867432537947344,1.61660996187485e-07,5.173772108653529e-06,32.0,0,-29.243520321201796,-30.625892612899733,-28.803236235599684,-0.695623988663666,-14.03216293784236
48450,0.011867432443895045,1.5946662547978815e-07,5.103543806886047e-06,32.0,0,-29.243841232870057,-30.62622953424001,-28.803556178760402,-0.6956383823049733,-14.032318008504543
48564,0.011867432352378674,1.573021164009298e-07,5.034271191221682e-06,32.0,0,-29.244157788573524,-30.626561882357105,-28.80387177915336,-0.6956525805256992,-14.032470974177942
48678,0.011867432263329765,1.5516706055631738e-07,4.965941191876129e-06,32.0,0,-29.244470047587825,-30.626889719481703,-28.804183095873256,-0.6956665859863436,-14.032621863509876
48792,0.011867432176681795,1.530610551849745e-07,4.89854092098347e-06,32.0,0,-29.244778068377983,-30.627213106993455,-28.80449018720665,-0.6956804013109777,-14.032770704755803
48906,0.011867432092369852,1.509837030883251e-07,4.8320576653503836e-06,32.0,0,-29.245081908609542,-30.627532105432728,-28.80479311064312,-0.6956940290877575,-14.032917525784743
49020,0.01186743201033091,1.4893461254832556e-07,4.76647888907942e-06,32.0,0,-29.245381625159666,-30.627846774512285,-28.805091922886334,-0.6957074718694379,-14.033062354084647
49134,0.011867431930503615,1.4691339725376006e-07,4.70179222823549e-06,32.0,0,-29.245677274127978,-30.628157173128553,-28.805386679864768,-0.6957207321738249,-14.033205216767593
49248,0.01186743185282831,1.4491967622824663e-07,4.637985488979162e-06,32.0,0,-29.245968910847342,-30.628463359373036,-28.805677436742535,-0.6957338124842951,-14.033346140575036
49362,0.011867431777246872,1.4295307373414513e-07,4.575046649862152e-06,32.0,0,-29.246256589894358,-30.62876539054333,-28.80596424792985,-0.695746715250253,-14.033485151882896
49476,0.01186743170370277,1.4101321923737068e-07,4.512963849587139e-06,32.0,0,-29.24654036509986,-30.629063323154057,-28.80624716709342,-0.6957594428875994,-14.033622276706586
49590,0.011867431632141108,1.3909974729574995e-07,4.451725390856288e-06,32.0,0,-29.24682028955918,-30.629357212947756,-28.806526247166758,-0.6957719977792094,-14.033757540706025
49704,0.011867431562508331,1.3721229750587975e-07,4.391319743626096e-06,32.0,0,-29.24709641564228,-30.629647114905445,-28.80680154036024,-0.69578438227537,-14.03389096919051
49818,0.011867431494752374,1.3535051444231048e-07,4.33173552952207e-06,32.0,0,-29.247368795003766,-30.62993308325711,-28.80707309817107,-0.6957965986942355,-14.034022587123541
49932,0.011867431428822656,1.3351404755982906e-07,4.272961529983639e-06,32.0,0,-29.247637478592697,-30.63021517149213,-28.80734097139314,-0.6958086493222881,-14.034152419127636
50046,0.011867431364669884,1.3170255115390275e-07,4.214986683339964e-06,32.0,0,-29.247902516662382,-30.63049343236937,-28.807605210126663,-0.6958205364147374,-14.034280489488957
50160,0.011867431302246134,1.299156842736286e-07,4.157800079561095e-06,32.0,0,-29.248163958779884,-30.630767917927344,-28.807865863787793,-0.6958322621959948,-14.034406822162017
50274,0.011867431241504682,1.2815311066444411e-07,4.10139094960558e-06,32.0,0,-29.248421853835527,-30.631038679494043,-28.808122981117975,-0.6958438288600646,-14.034531440774192
50388,0.011867431182400238,1.264144986932521e-07,4.045748684943823e-06,32.0,0,-29.248676250052164,-30.631305767696784,-28.808376610193278,-0.6958552385709793,-14.034654368630251
50502,0.011867431124888538,1.2469952130221424e-07,3.990862820223567e-06,32.0,0,-29.248927194994426,-30.63156923247183,-28.808626798433554,-0.6958664934632096,-14.034775628716801
50616,0.011867431068926704,1.2300785593138246e-07,3.936723028698412e-06,32.0,0,-29.249174735577686,-30.63182912307388,-28.808873592611423,-0.6958775956420798,-14.034895243706659
50730,0.011867431014472915,1.2133918444011938e-07,3.883319130065058e-06,32.0,0,-29.249418918077076,-30.63208548808548,-28.809117038861224,-0.6958885471841495,-14.035013235963168
50844,0.011867430961486403,1.1969319308650657e-07,3.830641084558787e-06,32.0,0,-29.249659788136267,-30.632338375426205,-28.809357182687755,-0.6958993501376268,-14.035129627544451
50958,0.01186743090992774,1.1806957242939511e-07,3.778678989319989e-06,32.0,0,-29.24989739077614,-30.63258783236185,-28.809594068974963,-0.6959100065227551,-14.035244440207617
51072,0.011867430859758351,1.1646801728216243e-07,3.7274230688466322e-06,32.0,0,-29.250131770403318,-30.632833905513372,-28.809827741994443,-0.6959205183321943,-14.035357695412909
51186,0.011867430810940719,1.148882266541859e-07,3.676863703439282e-06,32.0,0,-29.25036297081871,-30.63307664086576,-28.8100582454139,-0.6959308875314058,-14.035469414327759
51300,0.011867430763438462,1.1332990369066273e-07,3.626991381115557e-06,32.0,0,-29.250591035225703,-30.633316083776762,-28.81028562230538,-0.6959411160590154,-14.035579617830832
51414,0.011867430717216075,1.1179275561430737e-07,3.5777967395655694e-06,32.0,0,-29.250816006238473,-30.633552278985544,-28.81050991515353,-0.6959512058271978,-14.035688326515997
51528,0.011867430672239018,1.1027649366576534e-07,3.5292705345682044e-06,32.0,0,-29.25103792589006,-30.63378527062116,-28.810731165863636,-0.6959611587220341,-14.03579556069624
51642,0.011867430628473733,1.0878083305813756e-07,3.4814036512833775e-06,32.0,0,-29.251256835640312,-30.634015102210906,-28.81094941576954,-0.6959709766038635,-14.0359013404075
51756,0.011867430585887594,1.0730549291431112e-07,3.4341871019362875e-06,32.0,0,-29.25147277638372,-30.63424181668861,-28.811164705641513,-0.6959806613076529,-14.036005685412505
51870,0.011867430544448733,1.058501962045364e-07,3.387612017455912e-06,32.0,0,-29.251685788457362,-30.63446545640281,-28.811377075694068,-0.6959902146433287,-14.036108615204506
51984,0.011867430504126192,1.0441466970760521e-07,3.3416696587436026e-06,32.0,0,-29.251895911648358,-30.634686063124725,-28.81158656559346,-0.6959996383961233,-14.036210149010989
52098,0.011867430464889962,1.0299864394944333e-07,3.296351397678217e-06,32.0,0,-29.25210318520146,-30.6349036780562,-28.81179321446527,-0.6960089343269348,-14.0363103057973
52212,0.011867430426710715,1.0160185315290416e-07,3.2516487302405653e-06,32.0,0,-29.252307647826566,-30.635118341837543,-28.811997060901835,-0.6960181041726372,-14.036409104270273
52326,0.011867430389559945,1.0022403519654431e-07,3.207553265783611e-06,32.0,0,-29.252509337706005,-30.63533009455522,-28.812198142969564,-0.6960271496464183,-14.036506562881758
52440,0.011867430353409942,9.886493153278271e-08,3.1640567322075456e-06,32.0,0,-29.252708292501783,-30.635538975749412,-28.812396498216124,-0.6960360724381116,-14.036602699832125
52554,0.011867430318233714,9.752428717567524e-08,3.1211509651475165e-06,32.0,0,-29.252904549362718,-30.635745024421542,-28.812592163677554,-0.6960448742145,-14.036697533073708
52668,0.011867430284004997,9.620185063270718e-08,3.078827922363524e-06,32.0,0,-29.253098144931457,-30.635948279041678,-28.81278517588531,-0.6960535566196635,-14.036791080314218
52782,0.011867430250698271,9.489737385749268e-08,3.0370796557996873e-06,32.0,0,-29.25328911535148,-30.636148777555757,-28.812975570873167,-0.6960621212752508,-14.036883359020083
52896,0.011867430218288686,9.361061219916139e-08,2.9958983451465416e-06,32.0,0,-29.25347749627384,-30.636346557392837,-28.813163384184016,-0.696070569780814,-14.036974386419775
53010,0.011867430186752044,9.234132436696697e-08,2.95527626134231e-06,32.0,0,-29.253663322864,-30.636541655472126,-28.813348650876627,-0.696078903714111,-14.037064179507045
53124,0.01186743015606479,9.108927236944252e-08,2.915205793258818e-06,32.0,0,-29.253846629808457,-30.636734108210014,-28.81353140553228,-0.696087124631391,-14.037152755044172
53238,0.011867430126204122,8.985422148043515e-08,2.875679424566725e-06,32.0,0,-29.254027451321313,-30.636923951526924,-28.813711682261285,-0.6960952340676982,-14.037240129565113
53352,0.011867430097147628,8.863594018747587e-08,2.83668974890601e-06,32.0,0,-29.254205821150702,-30.637111220854123,-28.813889514709437,-0.6961032335371622,-14.037326319378632
53466,0.011867430068873771,8.74342001426296e-08,2.7982294540471375e-06,32.0,0,-29.254381772585205,-30.637295951140413,-28.81406493606438,-0.6961111245332892,-14.037411340571394
53580,0.011867430041361338,8.624877613255628e-08,2.760291338007813e-06,32.0,0,-29.254555338460182,-30.63747817685874,-28.814237979061897,-0.6961189085292268,-14.037495209011006
53694,0.011867430014589902,8.50794460208007e-08,2.7228682853555817e-06,32.0,0,-29.25472655116391,-30.637657932012722,-28.81440867599208,-0.6961265869780656,-14.037577940349005
53808,0.011867429988539437,8.392599072046157e-08,2.6859532905717574e-06,32.0,0,-29.25489544264373,-30.63783525014305,-28.814577058705424,-0.6961341613131007,-14.037659550023827
53922,0.011867429963190538,8.278819413625483e-08,2.6495394342664028e-06,32.0,0,-29.255062044412107,-30.638010164333863,-28.814743158618878,-0.6961416329481098,-14.037740053263736
54036,0.011867429938524281,8.166584312982862e-08,2.6136198971297404e-06,32.0,0,-29.25522638755255,-30.638182707218967,-28.81490700672175,-0.6961490032776042,-14.037819465089681
54150,0.011867429914522278,8.055872747950746e-08,2.578187949362295e-06,32.0,0,-29.255388502725474,-30.638352910987958,-28.81506863358154,-0.6961562736771252,-14.037897800318136
54264,0.011867429891166644,7.946663984293972e-08,2.5432369532434213e-06,32.0,0,-29.255548420173987,-30.638520807392375,-28.81522806934973,-0.6961634455034735,-14.0379750735639
54378,0.011867429868439961,7.838937571269617e-08,2.5087603693153636e-06,32.0,0,-29.255706169729688,-30.63868642775164,-28.81538534376751,-0.6961705200949638,-14.038051299242856
54492,0.01186742984632527,7.732673337530794e-08,2.474751736404717e-06,32.0,0,-29.255861780818154,-30.638849802959015,-28.815540486171336,-0.696177498771715,-14.03812649157471
54606,0.011867429824806038,7.627851387366678e-08,2.441204692792119e-06,32.0,0,-29.2560152824646,-30.639010963487387,-28.815693525498503,-0.6961843828358624,-14.038200664585657
54720,0.011867429803866292,7.524452098360171e-08,2.4081129534891803e-06,32.0,0,-29.256166703299304,-30.63916993939501,-28.815844490292562,-0.6961911735718134,-14.038273832111011
54834,0.011867429783490398,7.422456115081551e-08,2.3754703268061845e-06,32.0,0,-29.256316071563027,-30.63932676033123,-28.815993408708763,-0.6961978722464958,-14.038346007797857
54948,0.011867429763663154,7.321844346988443e-08,2.343270701760171e-06,32.0,0,-29.25646341511231,-30.639481455542004,-28.816140308519284,-0.6962044801095963,-14.038417205107583
55062,0.011867429744369773,7.222597964483933e-08,2.311508054343286e-06,32.0,0,-29.256608761424786,-30.63963405387548,-28.81628521711855,-0.6962109983937911,-14.038487437318457
55176,0.011867429725595872,7.124698395681832e-08,2.280176434212216e-06,32.0,0,-29.256752137604263,-30.63978458378737,-28.81642816152833,-0.6962174283149827,-14.03855671752809
55290,0.011867429707327508,7.028127322019225e-08,2.249269989429494e-06,32.0,0,-29.256893570385934,-30.639933073346374,-28.81656916840287,-0.69622377107253,-14.038625058655942
55404,0.011867429689550955,6.93286667553786e-08,2.2187829279210385e-06,32.0,0,-29.25703308614134,-30.640079550239427,-28.816708264033895,-0.696230027849473,-14.038692473445737
55518,0.011867429672253122,6.838898634910223e-08,2.1887095506157184e-06,32.0,0,-29.257170710883397,-30.640224041776904,-28.816845474355564,-0.6962361998127473,-14.038758974467857
55632,0.011867429655420918,6.746205621590276e-08,2.159044233544964e-06,32.0,0,-29.257306470271217,-30.64036657489783,-28.81698082494936,-0.6962422881134226,-14.038824574121735
55746,0.011867429639041934,6.654770298379617e-08,2.1297814244429943e-06,32.0,0,-29.257440389615013,-30.640507176174836,-28.817114341048885,-0.696248293886904,-14.03888928463816
55860,0.011867429623103902,6.564575564199415e-08,2.100915647226325e-06,32.0,0,-29.257572493880854,-30.64064587181933,-28.817246047544675,-0.696254218253158,-14.038953118081622
55974,0.011867429607594989,6.475604551441828e-08,2.0724415120585055e-06,32.0,0,-29.25770280769533,-30.64078268768627,-28.817375968988806,-0.6962600623169105,-14.039016086352532
56088,0.011867429592503623,6.387840622774372e-08,2.0443536880967617e-06,32.0,0,-29.257831355350206,-30.640917649279093,-28.817504129599534,-0.6962658271678571,-14.039078201189511
56202,0.011867429577818578,6.301267367878288e-08,2.016646928564702e-06,32.0,0,-29.257958160806968,-30.64105078175454,-28.817630553265893,-0.6962715138808924,-14.039139474171561
56316,0.011867429563528823,6.215868600911008e-08,1.989316048865319e-06,32.0,0,-29.258083247701396,-30.64118210992733,-28.817755263552147,-0.6962771235162724,-14.039199916720255
56430,0.011867429549623772,6.131628356578585e-08,1.9623559409037624e-06,32.0,0,-29.258206639347975,-30.641311658274905,-28.817878283702257,-0.6962826571198434,-14.039259540101913
56544,0.011867429536093129,6.048530887235821e-08,1.9357615646187915e-06,32.0,0,-29.258328358744222,-30.641439450941967,-28.81799963664421,-0.6962881157232317,-14.039318355429689
56658,0.011867429522926668,5.966560660840927e-08,1.9095279482501524e-06,32.0,0,-29.258448428575115,-30.641565511745018,-28.818119344994354,-0.6962935003440324,-14.039376373665663
56772,0.011867429510114666,5.885702356404873e-08,1.8836501899248646e-06,32.0,0,-29.258566871217276,-30.64168986417691,-28.81823743106168,-0.696298811986012,-14.039433605622927
56886,0.011867429497647611,5.805940862583247e-08,1.8581234563832161e-06,32.0,0,-29.25868370874322,-30.641812531411166,-28.81835391685194,-0.6963040516392802,-14.039490061967582
57000,0.011867429485516093,5.72726127384764e-08,1.832942971905089e-06,32.0,0,-29.258798962925493,-30.6419335363064,-28.81846882407186,-0.6963092202804907,-14.039545753220787
57114,0.011867429473711204,5.6496488881361236e-08,1.8081040324212599e-06,32.0,0,-29.25891265524075,-30.642052901410594,-28.818582174133173,-0.6963143188730256,-14.039600689760697
57228,0.011867429462224062,5.573089204126255e-08,1.783601999838372e-06,32.0,0,-29.25902480687382,-30.64217064896534,-28.818693988156674,-0.6963193483671676,-14.039654881824442
57342,0.011867429451046163,5.4975679175254064e-08,1.7594322942827956e-06,32.0,0,-29.25913543872169,-30.64228680091001,-28.818804286976157,-0.6963243097002756,-14.03970833951003
57456,0.011867429440169101,5.423070919865281e-08,1.7355903974275007e-06,32.0,0,-29.25924457139734,-30.64240137888585,-28.81891309114232,-0.696329203796978,-14.039761072778248
57570,0.011867429429584875,5.349584294572031e-08,1.7120718594182729e-06,32.0,0,-29.25935222523374,-30.642514404240117,-28.81902042092669,-0.6963340315693288,-14.039813091454555
57684,0.011867429419285558,5.277094314939787e-08,1.6888722878629415e-06,32.0,0,-29.259458420287608,-30.64262589803004,-28.81912629632536,-0.696338793917001,-14.039864405230901
57798,0.01186742940926344,5.205587440874071e-08,1.6659873467210597e-06,32.0,0,-29.259563176343175,-30.642735881026752,-28.819230737062774,-0.6963434917274222,-14.039915023667557
57912,0.011867429399511086,5.135050318543995e-08,1.6434127634272301e-06,32.0,0,-29.259666512915903,-30.64284437371923,-28.819333762595427,-0.696348125875971,-14.039964956194908
58026,0.011867429390021281,5.0654697738756294e-08,1.621144323596605e-06,32.0,0,-29.259768449256132,-30.642951396318132,-28.81943539211551,-0.6963526972261305,-14.040014212115226
58140,0.011867429380786868,4.996832813795332e-08,1.599177863109125e-06,32.0,0,-29.259869004352723,-30.643056968759584,-28.819535644554513,-0.6963572066296548,-14.040062800604424
58254,0.011867429371801004,4.92912662164165e-08,1.5775092886325786e-06,32.0,0,-29.259968196936658,-30.643161110708917,-28.819634538586815,-0.6963616549267099,-14.040110730713765
58368,0.01186742936305702,4.862338555879538e-08,1.5561345471759866e-06,32.0,0,-29.260066045484436,-30.643263841564366,-28.819732092633114,-0.696366042946068,-14.040158011371567
58482,0.011867429354548398,4.796456146760052e-08,1.5350496514362757e-06,32.0,0,-29.260162568221606,-30.643365180460673,-28.81982832486391,-0.6963703715052254,-14.04020465138486
58596,0.011867429346268794,4.7314670944494005e-08,1.5142506643669178e-06,32.0,0,-29.260257783126274,-30.643465146272764,-28.819923253202994,-0.6963746414105771,-14.040250659441083
58710,0.011867429338211983,4.6673592672204845e-08,1.4937337032664808e-06,32.0,0,-29.26035170793229,-30.643563757619184,-28.820016895330667,-0.6963788534575663,-14.040296044109665
58824,0.011867429330372064,4.604120698070089e-08,1.4734949368921288e-06,32.0,0,-29.26044436013276,-30.643661032865698,-28.82010926868721,-0.6963830084308349,-14.040340813843677
58938,0.011867429322743147,4.54173958272278e-08,1.4535305904509376e-06,32.0,0,-29.26053575698318,-30.643756990128594,-28.820200390476,-0.6963871071043538,-14.040384976981368
59052,0.011867429315319538,4.480204278278592e-08,1.4338369325509459e-06,32.0,0,-29.260625915504765,-30.64385164727823,-28.820290277666857,-0.6963911502415925,-14.040428541747772
59166,0.01186742930809572,4.4195033001937416e-08,1.4144102942624536e-06,32.0,0,-29.26071485248759,-30.643945021942283,-28.82037894699917,-0.6963951385956476,-14.04047151625623
59280,0.011867429301066327,4.359625320151959e-08,1.3952470457281052e-06,32.0,0,-29.260802584493767,-30.64403713150908,-28.820466414985024,-0.696399072909386,-14.040513908509904
59394,0.011867429294226144,4.3005591643727577e-08,1.3763436152328877e-06,32.0,0,-29.26088912786051,-30.644127993130876,-28.820552697912337,-0.6964029539155889,-14.040555726403296
59508,0.01186742928757008,4.2422938108783226e-08,1.3576964679282763e-06,32.0,0,-29.26097449870328,-30.644217623727062,-28.8206378118479,-0.6964067823370823,-14.04059697772373
59622,0.011867429281093127,4.184818388285696e-08,1.3393021301306374e-06,32.0,0,-29.261058712918693,-30.644306039987267,-28.820721772640322,-0.6964105588868751,-14.040637670152769
59736,0.011867429274790427,4.128122171746778e-08,1.3211571683471637e-06,32.0,0,-29.26114178618756,-30.644393258374652,-28.820804595923132,-0.6964142842683084,-14.040677811267726
59850,0.011867429268657423,4.072194584281629e-08,1.3032581965028609e-06,32.0,0,-29.261223733977847,-30.644479295128797,-28.82088629711757,-0.6964179591751546,-14.040717408543015
59964,0.011867429262689437,4.017025192135965e-08,1.285601878122242e-06,32.0,0,-29.26130457154753,-30.644564166268875,-28.82096689143557,-0.6964215842917718,-14.040756469351594
60078,0.011867429256882077,3.96260370287423e-08,1.268184917514221e-06,32.0,0,-29.261384313947453,-30.64464788759657,-28.821046393882547,-0.6964251602932271,-14.04079500096631
60192,0.011867429251230984,3.908919965087669e-08,1.251004063314197e-06,32.0,0,-29.261462976024166,-30.644730474699124,-28.821124819260255,-0.6964286878454253,-14.04083301056132
60306,0.011867429245731965,3.855963965291306e-08,1.234056114162861e-06,32.0,0,-29.261540572422717,-30.644811942952185,-28.821202182169532,-0.6964321676052229,-14.040870505213366
60420,0.011867429240380941,3.803725825631119e-08,1.2173379069307442e-06,32.0,0,-29.261617117589353,-30.644892307522692,-28.821278497013033,-0.6964356002205662,-14.04090749190314
60534,0.011867429235173949,3.7521958034617234e-08,1.2008463264066221e-06,32.0,0,-29.26169262577426,-30.644971583371785,-28.821353777997963,-0.6964389863306065,-14.040943977516598
60648,0.011867429230107049,3.701364287723584e-08,1.1845782942939813e-06,32.0,0,-29.261767111034224,-30.64504978525751,-28.821428039138684,-0.696442326565808,-14.040979968846228
60762,0.011867429225176534,3.6512217995322366e-08,1.1685307763218365e-06,32.0,0,-29.261840587235227,-30.64512692773762,-28.82150129425935,-0.69644562154809,-14.041015472592319
60876,0.011867429220378683,3.601758987354104e-08,1.1527007818100936e-06,32.0,0,-29.261913068055144,-30.64520302517232,-28.821573556996537,-0.6964488718909114,-14.041050495364232
60990,0.011867429215709924,3.5529666284624697e-08,1.1370853603911515e-06,32.0,0,-29.26198456698614,-30.645278091726944,-28.821644840801742,-0.6964520781994278,-14.041085043681628
61104,0.011867429211166824,3.504835624131186e-08,1.1216815904559004e-06,32.0,0,-29.262055097337342,-30.645352141374605,-28.821715158943945,-0.6964552410705663,-14.0411191239757
61218,0.011867429206745961,3.45735699984322e-08,1.1064866137073764e-06,32.0,0,-29.262124672237263,-30.645425187898752,-28.821784524512033,-0.696458361093151,-14.04115274259034
61332,0.011867429202444083,3.4105219040654544e-08,1.0914975880636617e-06,32.0,0,-29.262193304636266,-30.645497244895857,-28.82185295041731,-0.6964614388480171,-14.041185905783387
61446,0.011867429198257966,3.3643216039283656e-08,1.0767117240070193e-06,32.0,0,-29.262261007308986,-30.645568325777884,-28.82192044939589,-0.696464474908123,-14.041218619727735
61560,0.01186742919418443,3.318747486918916e-08,1.0621262604066814e-06,32.0,0,-29.262327792856716,-30.64563844377481,-28.82198703401106,-0.6964674698386423,-14.041250890512533
61674,0.011867429190220576,3.273791056619585e-08,1.0477384798601949e-06,32.0,0,-29.262393673709806,-30.645707611937116,-28.82205271665566,-0.6964704241970806,-14.0412827241443
61788,0.011867429186363338,3.229443932673719e-08,1.033545702447178e-06,32.0,0,-29.262458662129898,-30.645775843138196,-28.822117509554367,-0.6964733385333813,-14.041314126548055
61902,0.011867429182609966,3.1856978481258675e-08,1.0195452788153282e-06,32.0,0,-29.262522770212325,-30.645843150076807,-28.822181424766033,-0.6964762133900264,-14.041345103568428
62016,0.011867429178957561,3.142544649113366e-08,1.0057346035667608e-06,32.0,0,-29.262586009888278,-30.645909545279437,-28.822244474185883,-0.6964790493021292,-14.041375660970763
62130,0.011867429175403395,3.099976292126691e-08,9.921110967537746e-07,32.0,0,-29.262648392927108,-30.64597504110256,-28.82230666954775,-0.6964818467975464,-14.041405804442148
62244,0.011867429171944917,3.057984843133829e-08,9.786722264260621e-07,32.0,0,-29.26270993093849,-30.646039649735112,-28.822368022426332,-0.6964846063969704,-14.041435539592557
62358,0.011867429168579479,3.0165624757427495e-08,9.654154827100558e-07,32.0,0,-29.262770635374604,-30.646103383200618,-28.822428544239262,-0.6964873286140378,-14.041464871955835
62472,0.011867429165304588,2.9757014701963908e-08,9.523383948242727e-07,32.0,0,-29.2628305175323,-30.646166253359535,-28.822488246249332,-0.6964900139554029,-14.041493806990768
62586,0.011867429162117811,2.9353942117531172e-08,9.394385281358073e-07,32.0,0,-29.262889588555137,-30.646228271911383,-28.822547139566495,-0.6964926629208504,-14.041522350082067
62700,0.011867429159016795,2.8956331887602945e-08,9.267134766791193e-07,32.0,0,-29.262947859435524,-30.646289450397013,-28.822605235150036,-0.696495276003385,-14.041550506541409
62814,0.011867429155999254,2.8564109922298854e-08,9.141608727575454e-07,32.0,0,-29.263005341016775,-30.646349800200714,-28.822662543810566,-0.6964978536893296,-14.041578281608418
62928,0.011867429153062846,2.817720313155168e-08,9.017783743075352e-07,32.0,0,-29.263062043995134,-30.646409332552373,-28.822719076212078,-0.6965003964583925,-14.041605680451642
63042,0.011867429150205411,2.7795539426170577e-08,8.895636707772221e-07,32.0,0,-29.26311797892173,-30.646468058529564,-28.822774842873912,-0.6965029047837972,-14.041632708169535
63156,0.011867429147425002,2.7419047687320445e-08,8.775144943291407e-07,32.0,0,-29.263173156204598,-30.64652598905958,-28.82282985417272,-0.6965053791323282,-14.041659369791365
63270,0.011867429144719296,2.7047657770732658e-08,8.65628596283575e-07,32.0,0,-29.263227586110624,-30.646583134921542,-28.822884120344447,-0.6965078199644452,-14.041685670278223
63384,0.011867429142086421,2.668130047737058e-08,8.539037587869981e-07,32.0,0,-29.26328127876742,-30.646639506748336,-28.82293765148616,-0.6965102277343629,-14.041711614523875
63498,0.01186742913952437,2.6319907561503895e-08,8.423378018344213e-07,32.0,0,-29.26333424416524,-30.64669511502868,-28.822990457558028,-0.6965126028901306,-14.041737207355734
63612,0.011867429137031297,2.596341168907458e-08,8.3092856808849e-07,32.0,0,-29.263386492158887,-30.646749970109028,-28.823042548385125,-0.6965149458737231,-14.041762453535743
63726,0.01186742913460525,2.561174645333037e-08,8.196739326629628e-07,32.0,0,-29.263438032469455,-30.646804082195512,-28.823093933659276,-0.6965172571211282,-14.041787357761246
63840,0.011867429132244499,2.5264846337874834e-08,8.085718017910684e-07,32.0,0,-29.263488874686242,-30.646857461355832,-28.82314462294086,-0.6965195370624009,-14.041811924665884
63954,0.011867429129947276,2.4922646724547408e-08,7.976201040901001e-07,32.0,0,-29.26353902826851,-30.6469101175212,-28.823194625660626,-0.6965217861217785,-14.04183615882047
64068,0.011867429127711855,2.45850838698204e-08,7.8681679738971e-07,32.0,0,-29.26358850254721,-30.646962060488143,-28.823243951121427,-0.6965240047177381,-14.041860064733827
64182,0.011867429125536589,2.4252094901566194e-08,7.761598773806068e-07,32.0,0,-29.263637306726803,-30.647013299920324,-28.823292608499965,-0.6965261932630866,-14.041883646853625
64296,0.01186742912341982,2.3923617791349928e-08,7.656473511061986e-07,32.0,0,-29.26368544988689,-30.647063845350356,-28.823340606848486,-0.6965283521650255,-14.041906909567226
64410,0.01186742912136005,2.3599591360355945e-08,7.552772641237208e-07,32.0,0,-29.263732940983964,-30.647113706181624,-28.82338795509651,-0.6965304818252375,-14.041929857202497
64524,0.011867429119355616,2.3279955256088708e-08,7.450476837712468e-07,32.0,0,-29.263779788853064,-30.64716289168996,-28.82343466205245,-0.6965325826399598,-14.041952494028601
64638,0.011867429117405175,2.296464995203259e-08,7.349567075818076e-07,32.0,0,-29.26382600220947,-30.64721141102546,-28.823480736405305,-0.6965346550000524,-14.041974824256844
64752,0.011867429115507207,2.2653616728548403e-08,7.250024542497589e-07,32.0,0,-29.263871589650233,-30.647259273214146,-28.82352618672625,-0.6965366992910741,-14.041996852041407
64866,0.011867429113660283,2.2346797654154585e-08,7.151830697530321e-07,32.0,0,-29.263916559655883,-30.647306487159636,-28.82357102147025,-0.6965387158933587,-14.042018581480145
64980,0.01186742911186305,2.204413559902005e-08,7.054967240205976e-07,32.0,0,-29.26396092059194,-30.647353061644843,-28.823615248977625,-0.6965407051820764,-14.042040016615351
65094,0.01186742911011417,2.1745574192226734e-08,6.959416156334885e-07,32.0,0,-29.264004680710503,-30.647399005333597,-28.823658877475605,-0.6965426675273212,-14.042061161434507
65208,0.011867429108412353,2.1451057844529078e-08,6.865159639056532e-07,32.0,0,-29.26404784815178,-30.647444326772245,-28.823701915079884,-0.6965446032941582,-14.042082019871033
65322,0.011867429106756321,2.1160531711687974e-08,6.772180153581854e-07,32.0,0,-29.26409043094564,-30.647489034391313,-28.82374436979614,-0.6965465128427062,-14.04210259580503
65436,0.011867429105144838,2.0873941692766337e-08,6.68046038907017e-07,32.0,0,-29.26413243701305,-30.64753313650697,-28.82378624952149,-0.696548396528204,-14.042122893063969
65550,0.011867429103576707,2.059123442557207e-08,6.589983234965376e-07,32.0,0,-29.264173874167618,-30.647576641322658,-28.823827562045977,-0.6965502547010639,-14.04214291542344
65664,0.011867429102050757,2.031235727539276e-08,6.500731856072937e-07,32.0,0,-29.264214750117016,-30.64761955693062,-28.82386831505407,-0.6965520877069575,-14.042162666607847
65778,0.011867429100565863,2.003725831530813e-08,6.412689656599588e-07,32.0,0,-29.264255072464398,-30.64766189131338,-28.823908516126025,-0.6965538958868657,-14.042182150291106
65892,0.011867429099120945,1.9765886326534586e-08,6.32584024034894e-07,32.0,0,-29.264294848709888,-30.647703652345253,-28.823948172739367,-0.6965556795771434,-14.042201370097308
66006,0.011867429097714887,1.9498190787059727e-08,6.240167398893048e-07,32.0,0,-29.2643340862519,-30.64774484779382,-28.823987292270235,-0.6965574391095943,-14.04222032960144
66120,0.01186742909634662,1.923412185419904e-08,6.155655246403991e-07,32.0,0,-29.264372792388563,-30.64778548532133,-28.824025881994782,-0.6965591748115165,-14.042239032329999
66234,0.011867429095015262,1.8973630372286805e-08,6.072287992709186e-07,32.0,0,-29.264410974319087,-30.647825572486177,-28.824063949090508,-0.696560887005763,-14.042257481761686
66348,0.011867429093719628,1.8716667838217357e-08,5.990050143018662e-07,32.0,0,-29.264448639145083,-30.647865116744324,-28.824101500637656,-0.696562576010825,-14.042275681328052
66462,0.011867429092458848,1.846318642331458e-08,5.908926379802538e-07,32.0,0,-29.264485793871863,-30.647904125450598,-28.82413854362044,-0.6965642421408716,-14.04229363441411
66576,0.01186742909123204,1.8213138937052313e-08,5.828901623879334e-07,32.0,0,-29.26452244540985,-30.647942605860205,-28.824175084928452,-0.6965658857058015,-14.042311344359005
66690,0.01186742909003821,1.7966478832345075e-08,5.749960939939734e-07,32.0,0,-29.2645586005757,-30.647980565129963,-28.824211131357856,-0.6965675070113347,-14.04232881445662
66804,0.01186742908887647,1.7723160192414847e-08,5.672089658391108e-07,32.0,0,-29.264594266093766,-30.648018010319685,-28.824246689612718,-0.6965691063590205,-14.04234604795617
66918,0.011867429087746054,1.748313773204704e-08,5.595273274688815e-07,32.0,0,-29.264629448597194,-30.648054948393508,-28.824281766306235,-0.6965706840463392,-14.042363048062844
67032,0.011867429086646002,1.7246366766346053e-08,5.519497501410223e-07,32.0,0,-29.264664154629262,-30.64809138622115,-28.824316367961952,-0.6965722403667278,-14.042379817938382
67146,0.011867429085575547,1.7012803228914507e-08,5.444748225870339e-07,32.0,0,-29.2646983906445,-30.648127330579232,-28.82435050101499,-0.6965737756096563,-14.042396360701662
67260,0.011867429084533884,1.6782403643233293e-08,5.371011549289716e-07,32.0,0,-29.264732163010006,-30.648162788152522,-28.824384171813268,-0.6965752900606612,-14.04241267942929
67374,0.011867429083520254,1.6555125127574526e-08,5.298273711888401e-07,32.0,0,-29.264765478006577,-30.64819776553519,-28.824417386618663,-0.6965767840014097,-14.04242877715618
67488,0.011867429082533852,1.6330925380395428e-08,5.226521205607748e-07,32.0,0,-29.26479834182986,-30.64823226923203,-28.82445015160817,-0.6965782577097622,-14.042444656876107
67602,0.011867429081574047,1.6109762677994546e-08,5.155740691083797e-07,32.0,0,-29.26483076059153,-30.648266305659643,-28.824482472875058,-0.6965797114597916,-14.042460321542253
67716,0.011867429080640032,1.5891595849551634e-08,5.085918935195575e-07,32.0,0,-29.264862740320435,-30.648299881147707,-28.824514356430033,-0.6965811455218773,-14.042475774067796
67830,0.011867429079731154,1.567638429993014e-08,5.017043008763497e-07,32.0,0,-29.264894286963724,-30.648333001940106,-28.824545808202334,-0.6965825601627218,-14.042491017326425
67944,0.011867429078846725,1.546408797753163e-08,4.949100046937507e-07,32.0,0,-29.264925406387945,-30.648365674196082,-28.824576834040837,-0.6965839556454129,-14.042506054152875
68058,0.011867429077986087,1.5254667364781683e-08,4.882077460080974e-07,32.0,0,-29.264956104380108,-30.64839790399142,-28.82460743971514,-0.6965853322294835,-14.04252088734346
68172,0.01186742907714859,1.504808350007979e-08,4.815962701556002e-07,32.0,0,-29.264986386648847,-30.64842969731956,-28.82463763091668,-0.6965866901709324,-14.042535519656617
68286,0.011867429076333647,1.4844297933049091e-08,4.750743500440337e-07,32.0,0,-29.265016258825355,-30.648461060092686,-28.824667413259704,-0.6965880297222943,-14.042549953813364
68400,0.011867429075540578,1.46432727412268e-08,4.686407738926299e-07,32.0,0,-29.26504572646458,-30.64849199814294,-28.824696792282452,-0.6965893511326963,-14.04256419249788
68514,0.011867429074768891,1.4444970516635636e-08,4.6229434422312497e-07,32.0,0,-29.265074795046196,-30.648522517223338,-28.82472577344806,-0.696590654647867,-14.042578238357942
68628,0.011867429074017987,1.4249354359051778e-08,4.560338784035311e-07,32.0,0,-29.26510346997555,-30.64855262300899,-28.82475436214563,-0.6965919405102164,-14.042592094005457
68742,0.01186742907328721,1.4056387868051064e-08,4.4985821239099814e-07,32.0,0,-29.265131756584786,-30.648582321098075,-28.824782563691258,-0.6965932089588677,-14.04260576201693
68856,0.011867429072576142,1.3866035140632842e-08,4.437661960862127e-07,32.0,0,-29.265159660133776,-30.648611617012897,-28.82481038332896,-0.6965944602296986,-14.04261924493394
68970,0.011867429071884187,1.3678260749727498e-08,4.3775669795217383e-07,32.0,0,-29.265187185811104,-30.648640516200963,-28.824837826231732,-0.6965956945554002,-14.04263254526365
69084,0.011867429071210859,1.349302976093402e-08,4.318285965951661e-07,32.0,0,-29.265214338735067,-30.648669024035936,-28.824864897502444,-0.696596912165503,-14.042645665479226
69198,0.011867429070555631,1.3310307711982534e-08,4.2598079256869736e-07,32.0,0,-29.265241123954617,-30.648697145818684,-28.824891602174848,-0.6965981132864268,-14.042658608020332
69312,0.011867429069918027,1.3130060601019236e-08,4.2021219287260036e-07,32.0,0,-29.26526754645023,-30.64872488677819,-28.824917945214434,-0.6965992981415221,-14.042671375293558
69426,0.01186742906929756,1.2952254889351897e-08,4.1452172916541384e-07,32.0,0,-29.265293611134943,-30.648752252072637,-28.824943931519446,-0.6966004669511155,-14.042683969672897
69540,0.011867429068693806,1.2776857499490298e-08,4.089083412327584e-07,32.0,0,-29.2653193228552,-30.648779246790305,-28.82496956592175,-0.6966016199325512,-14.042696393500169
69654,0.011867429068106287,1.2603835797154962e-08,4.033709855730801e-07,32.0,0,-29.26534468639177,-30.648805875950483,-28.82499485318772,-0.6966027573002188,-14.042708649085446
69768,0.01186742906753459,1.2433157590560981e-08,3.979086287117502e-07,32.0,0,-29.265369706460675,-30.64883214450451,-28.825019798019174,-0.6966038792656102,-14.042720738707525
69882,0.011867429066978245,1.226479112398379e-08,3.9252025723959513e-07,32.0,0,-29.26539438771399,-30.6488580573366,-28.8250444050542,-0.6966049860373494,-14.042732664614311
69996,0.011867429066436865,1.2098705078192169e-08,3.872048670845427e-07,32.0,0,-29.26541873474078,-30.648883619264787,-28.825068678868053,-0.6966060778212342,-14.042744429023243
70110,0.011867429065910085,1.193486855135107e-08,3.8196147334413933e-07,32.0,0,-29.265442752067933,-30.648908835041826,-28.825092623973973,-0.6966071548202691,-14.04275603412172
70224,0.011867429065397457,1.1773251061934549e-08,3.7678909272239445e-07,32.0,0,-29.265466444160996,-30.648933709356065,-28.825116244824077,-0.6966082172347093,-14.0427674820675
70338,0.011867429064898568,1.1613822549751038e-08,3.716867725529612e-07,32.0,0,-29.265489815424985,-30.648958246832372,-28.825139545810142,-0.6966092652621044,-14.042778774989122
70452,0.011867429064413201,1.1456553348353802e-08,3.666535552157465e-07,32.0,0,-29.265512870205264,-30.648982452032882,-28.825162531264432,-0.6966102990973213,-14.042789914986257
70566,0.011867429063940792,1.1301414208264708e-08,3.616885085729606e-07,32.0,0,-29.26553561278829,-30.64900632945796,-28.825185205460524,-0.6966113189325864,-14.042800904130136
70680,0.011867429063481122,1.1148376263877124e-08,3.567907091616308e-07,32.0,0,-29.265558047402493,-30.649029883546984,-28.825207572614094,-0.6966123249575115,-14.042811744463929
70794,0.011867429063033837,1.0997411047414998e-08,3.519592440706416e-07,32.0,0,-29.265580178218958,-30.6490531186792,-28.825229636883694,-0.6966133173591562,-14.04282243800313
70908,0.011867429062598555,1.0848490478456187e-08,3.4719321450976236e-07,32.0,0,-29.265602009352286,-30.649076039174503,-28.825251402371546,-0.6966142963220421,-14.042832986735919
71022,0.011867429062175009,1.0701586854725782e-08,3.4249173511574466e-07,32.0,0,-29.265623544861327,-30.649098649294263,-28.825272873124273,-0.6966152620281818,-14.04284339262353
71136,0.01186742906176282,1.0556672845511333e-08,3.378539336828444e-07,32.0,0,-29.265644788749928,-30.649120953242114,-28.82529405313368,-0.6966162146571262,-14.042853657600633
71250,0.011867429061361756,1.0413721499968561e-08,3.3327894414666424e-07,32.0,0,-29.265665744967727,-30.64914295516476,-28.82531494633751,-0.6966171543859933,-14.042863783575696
71364,0.011867429060971463,1.0272706227725533e-08,3.287659145082777e-07,32.0,0,-29.265686417410805,-30.64916465915268,-28.82533555662013,-0.6966180813895063,-14.042873772431317
71478,0.01186742906059166,1.013360079364493e-08,3.2431400916605436e-07,32.0,0,-29.265706809922474,-30.649186069240983,-28.825355887813284,-0.6966189958400143,-14.042883626024587
71592,0.011867429060222097,9.996379333216795e-09,3.1992239702123166e-07,32.0,0,-29.265726926293986,-30.649207189410088,-28.825375943696827,-0.6966198979075345,-14.042893346187448
71706,0.01186742905986246,9.861016310355999e-09,3.155902620267374e-07,32.0,0,-29.26574677026523,-30.64922802358646,-28.825395727999368,-0.6966207877597796,-14.042902934727005
71820,0.011867429059512496,9.727486557387145e-09,3.1131679860808473e-07,32.0,0,-29.265766345525414,-30.649248575643423,-28.825415244399036,-0.6966216655621901,-14.042912393425901
71934,0.011867429059171966,9.595765232033775e-09,3.0710121283838103e-07,32.0,0,-29.26578565571378,-30.649268849401803,-28.825434496524114,-0.6966225314779653,-14.042921724042612
72048,0.011867429058840607,9.465827835834023e-09,3.0294271658022804e-07,32.0,0,-29.26580470442028,-30.649288848630654,-28.82545348795374,-0.6966233856680929,-14.042930928311808
72162,0.011867429058518088,9.337650204665287e-09,2.988405439098879e-07,32.0,0,-29.265823495186172,-30.649308577047975,-28.825472222218544,-0.6966242282913802,-14.042940007944637
72276,0.011867429058204343,9.211208494497987e-09,2.9479392529639504e-07,32.0,0,-29.265842031504818,-30.649328038321407,-28.825490702801353,-0.6966250595044844,-14.04294896462908
72390,0.011867429057898967,9.086479191225237e-09,2.9080210769903046e-07,32.0,0,-29.265860316822195,-30.64934723606889,-28.82550893313779,-0.6966258794619381,-14.04295780003025
72504,0.011867429057601808,8.96343909766596e-09,2.868643558202706e-07,32.0,0,-29.265878354537627,-30.649366173859352,-28.82552691661694,-0.6966266883161816,-14.042966515790692
72618,0.011867429057312664,8.842065325749735e-09,2.82979931577913e-07,32.0,0,-29.265896148004387,-30.649384855213395,-28.825544656581993,-0.6966274862175857,-14.042975113530709
72732,0.01186742905703133,8.722335308543869e-09,2.7914810971858e-07,32.0,0,-29.26591370053029,-30.649403283603892,-28.825562156330815,-0.6966282733144881,-14.042983594848646
72846,0.011867429056757502,8.604226774880821e-09,2.753681868392004e-07,32.0,0,-29.265931015378396,-30.64942146245671,-28.82557941911664,-0.6966290497532243,-14.04299196132121
72960,0.011867429056491078,8.487717760165255e-09,2.7163945338489097e-07,32.0,0,-29.265948095767538,-30.649439395151283,-28.825596448148612,-0.6966298156781265,-14.043000214503737
73074,0.011867429056231778,8.37278659674282e-09,2.679612143240609e-07,32.0,0,-29.26596494487291,-30.649457085021265,-28.825613246592386,-0.6966305712315947,-14.043008355930489
73188,0.011867429055979513,8.259411907943295e-09,2.643327913502989e-07,32.0,0,-29.265981565826728,-30.649474535355157,-28.82562981757075,-0.6966313165540889,-14.043016387114955
73302,0.01186742905573399,8.147572609437657e-09,2.6075350550634985e-07,32.0,0,-29.26599796171879,-30.649491749396937,-28.825646164164212,-0.6966320517841648,-14.043024309550127
73416,0.011867429055495055,8.037247906171326e-09,2.572226922097515e-07,32.0,0,-29.26601413559702,-30.64950873034658,-28.8256622894115,-0.6966327770585027,-14.043032124708748
73530,0.011867429055262581,7.928417278624184e-09,2.53739696945746e-07,32.0,0,-29.266030090468035,-30.64952548136077,-28.825678196310218,-0.6966334925119337,-14.04303983404363
73644,0.011867429055036368,7.821060491017138e-09,2.5030386532411896e-07,32.0,0,-29.266045829297763,-30.649542005553393,-28.825693887817348,-0.6966341982774604,-14.043047438987902
73758,0.01186742905481618,7.715157576410217e-09,2.4691456787091136e-07,32.0,0,-29.266061355011924,-30.649558305996187,-28.82570936684983,-0.6966348944862852,-14.04305494095528
73872,0.011867429054602,7.610688838919359e-09,2.4357117018731124e-07,32.0,0,-29.266076670496638,-30.64957438571925,-28.825724636285067,-0.6966355812678245,-14.043062341340315
73986,0.011867429054393521,7.50763485655079e-09,2.4027304648027097e-07,32.0,0,-29.266091778598884,-30.64959024771166,-28.825739698961513,-0.6966362587497616,-14.043069641518693
74100,0.011867429054190682,7.405976461635075e-09,2.3701958806404403e-07,32.0,0,-29.266106682127123,-30.649605894921965,-28.82575455767914,-0.6966369270580264,-14.043076842847443
74214,0.011867429053993262,7.305694750727426e-09,2.3381019042119066e-07,32.0,0,-29.26612138385176,-30.649621330258853,-28.825769215200054,-0.6966375863168599,-14.04308394666523
74328,0.01186742905380121,7.206771080012986e-09,2.3064425551520812e-07,32.0,0,-29.266135886505662,-30.649636556591545,-28.825783674248893,-0.6966382366488164,-14.043090954292582
74442,0.011867429053614256,7.1091870504104696e-09,2.2752119241948242e-07,32.0,0,-29.266150192784693,-30.649651576750394,-28.825797937513382,-0.6966388781747791,-14.043097867032118
74556,0.01186742905343239,7.012924515829032e-09,2.2444042332694422e-07,32.0,0,-29.26616430534817,-30.64966639352746,-28.82581200764488,-0.696639511014014,-14.043104686168846
74670,0.011867429053255387,6.9179655759871115e-09,2.2140137173280254e-07,32.0,0,-29.26617822681945,-30.64968100967695,-28.825825887258823,-0.6966401352841517,-14.04311141297034
74784,0.011867429053083139,6.824292576817468e-09,2.184034782485442e-07,32.0,0,-29.26619195978629,-30.649695427915777,-28.82583957893519,-0.6966407511012382,-14.043118048687028
74898,0.011867429052915582,6.731888099575411e-09,2.1544618075741157e-07,32.0,0,-29.26620550680143,-30.64970965092406,-28.825853085219055,-0.6966413585797544,-14.04312459455238
75012,0.01186742905275245,6.64073496064531e-09,2.125289336857141e-07,32.0,0,-29.26621887038303,-30.649723681345606,-28.825866408620993,-0.6966419578326192,-14.043131051783174
75126,0.011867429052593737,6.5508162096919615e-09,2.0965118914804418e-07,32.0,0,-29.266232053015155,-30.649737521788406,-28.825879551617586,-0.6966425489712237,-14.043137421579699
75240,0.011867429052439305,6.462115131813462e-09,2.0681241436328463e-07,32.0,0,-29.266245057148186,-30.649751174825138,-28.82589251665185,-0.6966431321054531,-14.043143705125978
75354,0.011867429052289017,6.374615228581264e-09,2.0401208406983686e-07,32.0,0,-29.266257885199337,-30.649764642993638,-28.82590530613375,-0.6966437073437116,-14.043149903590024
75468,0.011867429052142773,6.288300234818002e-09,2.0124967395245923e-07,32.0,0,-29.26627053955309,-30.64977792879735,-28.82591792244057,-0.696644274792918,-14.043156018123998
75582,0.011867429052000474,6.203154100474157e-09,1.9852466971550657e-07,32.0,0,-29.266283022561616,-30.649791034705817,-28.82593036791741,-0.6966448345585535,-14.043162049864472
75696,0.01186742905186198,6.1191609915339455e-09,1.958365709702215e-07,32.0,0,-29.266295336545237,-30.649803963155147,-28.82594264487762,-0.6966453867446729,-14.04316799993262
75810,0.011867429051727182,6.036305290917141e-09,1.9318487289544652e-07,32.0,0,-29.266307483792822,-30.649816716548422,-28.82595475560318,-0.6966459314539151,-14.04317386943443
75924,0.011867429051596079,5.954571596197859e-09,1.9056907807506852e-07,32.0,0,-29.266319466562287,-30.649829297256204,-28.825966702345205,-0.6966464687875311,-14.043179659460911
76038,0.011867429051468478,5.873944710095082e-09,1.8798871175809262e-07,32.0,0,-29.26633128708092,-30.64984170761695,-28.825978487324303,-0.6966469988454035,-14.043185371088294
76152,0.011867429051344299,5.79440964004449e-09,1.854432819163317e-07,32.0,0,-29.26634294754587,-30.649853949937427,-28.825990112731,-0.6966475217260562,-14.043191005378239
76266,0.011867429051223448,5.715951598670446e-09,1.8293232668070173e-07,32.0,0,-29.266354450124517,-30.649866026493157,-28.826001580726153,-0.6966480375266815,-14.043196563378014
76380,0.011867429051105853,5.638556004062862e-09,1.8045537167292388e-07,32.0,0,-29.266365796954872,-30.649877939528857,-28.826012893441362,-0.696648546343161,-14.043202046120715
76494,0.011867429050991425,5.5622084569389575e-09,1.7801195755984603e-07,32.0,0,-29.266376990146,-30.649889691258824,-28.82602405297934,-0.6966490482700671,-14.043207454625435
76608,0.011867429050880122,5.486894768884427e-09,1.7560163061921933e-07,32.0,0,-29.266388031778458,-30.6499012838674,-28.826035061414363,-0.6966495434006964,-14.043212789897478
76722,0.011867429050771766,5.412600936637358e-09,1.7322394385074228e-07,32.0,0,-29.266398923904493,-30.64991271950928,-28.826045920792538,-0.6966500318270851,-14.043218052928514
76836,0.011867429050666326,5.339313146216542e-09,1.7087845406686206e-07,32.0,0,-29.266409668548686,-30.64992400031005,-28.82605663313234,-0.6966505136400155,-14.043223244696799
76950,0.01186742905056372,5.267017774056116e-09,1.6856472585193426e-07,32.0,0,-29.266420267708146,-30.649935128366476,-28.82606720042487,-0.6966509889290486,-14.043228366167343
77064,0.011867429050463873,5.195701372990185e-09,1.662823273426441e-07,32.0,0,-29.266430723352904,-30.649946105746892,-28.826077624634248,-0.6966514577825249,-14.043233418292058
77178,0.011867429050366751,5.125350692856762e-09,1.6403083803884786e-07,32.0,0,-29.26644103742636,-30.649956934491666,-28.826087907698017,-0.6966519202875961,-14.043238402009989
77292,0.011867429050272186,5.055952650995102e-09,1.6180983305686955e-07,32.0,0,-29.266451211845574,-30.64996761661351,-28.826098051527463,-0.6966523765302223,-14.043243318247452
77406,0.011867429050180171,4.987494343413189e-09,1.5961890614115494e-07,32.0,0,-29.266461248501617,-30.649978154097887,-28.826108058008,-0.6966528265952147,-14.043248167918225
77520,0.011867429050090644,4.91996304665053e-09,1.574576455279705e-07,32.0,0,-29.26647114926,-30.64998854890335,-28.826117928999487,-0.6966532705662201,-14.043252951923701
77634,0.011867429050003559,4.853346201592614e-09,1.5532565201863775e-07,32.0,0,-29.266480915960944,-30.64999880296196,-28.826127666336628,-0.6966537085257579,-14.043257671153073
77748,0.011867429049918754,4.787631428635401e-09,1.5322252725924354e-07,32.0,0,-29.26649055041973,-30.650008918179594,-28.826137271829246,-0.6966541405552359,-14.043262326483493
77862,0.01186742904983628,4.722806503383983e-09,1.5114788223869629e-07,32.0,0,-29.266500054427055,-30.650018896436304,-28.826146747262666,-0.6966545667349586,-14.043266918780223
77976,0.011867429049756018,4.658859380633796e-09,1.4910132898804027e-07,32.0,0,-29.266509429749394,-30.650028739586695,-28.82615609439803,-0.6966549871441349,-14.043271448896808
78090,0.011867429049677868,4.595778172432979e-09,1.4708248832662627e-07,32.0,0,-29.26651867812928,-30.650038449460254,-28.82616531497264,-0.6966554018609037,-14.04327591767524
78204,0.01186742904960186,4.533551151056816e-09,1.4509098670291107e-07,32.0,0,-29.266527801285644,-30.650048027861697,-28.826174410700258,-0.6966558109623521,-14.04328032594611
78318,0.011867429049527896,4.472166741724755e-09,1.4312644882623092e-07,32.0,0,-29.26653680091416,-30.650057476571295,-28.826183383271452,-0.6966562145245156,-14.043284674528756
78432,0.011867429049455928,4.411613539032877e-09,1.4118851532167195e-07,32.0,0,-29.266545678687507,-30.650066797345186,-28.826192234353865,-0.6966566126224011,-14.043288964231415
78546,0.011867429049385841,4.351880290019248e-09,1.3927682391891336e-07,32.0,0,-29.266554436255706,-30.650075991915756,-28.82620096559258,-0.6966570053300036,-14.043293195851378
78660,0.011867429049317698,4.292955881740359e-09,1.3739101765145081e-07,32.0,0,-29.266563075246474,-30.65008506199192,-28.8262095786104,-0.6966573927203157,-14.043297370175152
78774,0.011867429049251376,4.234829362465735e-09,1.3553074547959985e-07,32.0,0,-29.266571597265443,-30.650094009259426,-28.82621807500812,-0.6966577748653335,-14.043301487978567
78888,0.011867429049186829,4.177489929213143e-09,1.3369566379508143e-07,32.0,0,-29.26658000389654,-30.650102835381244,-28.82622645636492,-0.6966581518360861,-14.043305550026982
79002,0.011867429049124039,4.120926923404643e-09,1.318854301056385e-07,32.0,0,-29.266588296702203,-30.65011154199779,-28.826234724238542,-0.6966585237026428,-14.043309557075363
79116,0.011867429049062909,4.0651298254862564e-09,1.3009971137005987e-07,32.0,0,-29.266596477223715,-30.650120130727238,-28.82624288016562,-0.6966588905341173,-14.043313509868451
79230,0.011867429049003453,4.0100882662277434e-09,1.283381700129854e-07,32.0,0,-29.26660454698152,-30.650128603165893,-28.826250925662027,-0.696659252398684,-14.043317409140915
79344,0.011867429048945603,3.9557920130095615e-09,1.2660048370657465e-07,32.0,0,-29.266612507475436,-30.650136960888425,-28.82625886222307,-0.696659609363605,-14.043321255617471
79458,0.011867429048889277,3.902230976042479e-09,1.2488632552158678e-07,32.0,0,-29.266620360184966,-30.65014520544818,-28.82626669132382,-0.6966599614952267,-14.043325050013015
79572,0.011867429048834447,3.849395192933552e-09,1.231953773757242e-07,32.0,0,-29.26662810656962,-30.65015333837747,-28.826274414419384,-0.6966603088589974,-14.043328793032773
79686,0.011867429048781138,3.797274842503863e-09,1.215273259450025e-07,32.0,0,-29.266635748069096,-30.65016136118784,-28.826282032945123,-0.6966606515194709,-14.043332485372407
79800,0.011867429048729262,3.745860239686555e-09,1.198818639698149e-07,32.0,0,-29.26664328610362,-30.65016927537039,-28.826289548317003,-0.6966609895403398,-14.043336127718158
79914,0.011867429048678768,3.6951418259497153e-09,1.1825867988738283e-07,32.0,0,-29.26665072207418,-30.650177082396006,-28.826296961931792,-0.6966613229844283,-14.043339720746983
80028,0.011867429048629608,3.64511017393124e-09,1.1665747537148303e-07,32.0,0,-29.266658057362793,-30.65018478371567,-28.82630427516736,-0.6966616519137065,-14.043343265126676
80142,0.011867429048581806,3.59575598047428e-09,1.1507794978812684e-07,32.0,0,-29.26666529333276,-30.650192380760718,-28.826311489382906,-0.6966619763893137,-14.043346761515972
80256,0.011867429048535248,3.5470700687273193e-09,1.1351981660675503e-07,32.0,0,-29.2666724313289,-30.650199874943073,-28.8263186059192,-0.6966622964715516,-14.043350210564693
80370,0.011867429048489964,3.4990433984903575e-09,1.1198277678571512e-07,32.0,0,-29.266679472677843,-30.650207267655563,-28.82632562609889,-0.696662612219913,-14.043353612913858
80484,0.011867429048445906,3.4516670368001622e-09,1.1046655455445181e-07,32.0,0,-29.26668641868826,-30.650214560272143,-28.826332551226695,-0.6966629236930756,-14.043356969195807
80598,0.011867429048403029,3.4049321734307995e-09,1.0897086004210433e-07,32.0,0,-29.266693270651096,-30.650221754148184,-28.82633938258969,-0.6966632309489329,-14.043360280034321
80712,0.011867429048361305,3.358830126976336e-09,1.0749541674592676e-07,32.0,0,-29.266700029839768,-30.65022885062067,-28.826346121457473,-0.696663534044591,-14.043363546044729
80826,0.011867429048320718,3.3133523269883973e-09,1.0603995401900373e-07,32.0,0,-29.26670669751053,-30.6502358510085,-28.82635276908249,-0.6966638330363789,-14.043366767834028
80940,0.011867429048281192,3.268490316779858e-09,1.0460419824501997e-07,32.0,0,-29.266713274902546,-30.650242756612712,-28.826359326700214,-0.6966641279798677,-14.043369946000997
81054,0.011867429048242737,3.2242357598764554e-09,1.031878841287359e-07,32.0,0,-29.266719763238246,-30.650249568716717,-28.82636579552938,-0.6966644189298735,-14.043373081136298
81168,0.011867429048205352,3.180580429548007e-09,1.0179074696540025e-07,32.0,0,-29.2667261637235,-30.650256288586547,-28.826372176772235,-0.6966647059404703,-14.04337617382261
81282,0.011867429048168959,3.1375162117473243e-09,1.0041252604191189e-07,32.0,0,-29.26673247754785,-30.650262917471103,-28.826378471614735,-0.6966649890650018,-14.043379224634705
81396,0.011867429048133493,3.0950350985216407e-09,9.905296674631396e-08,32.0,0,-29.26673870588471,-30.650269456602352,-28.82638468122677,-0.6966652683560812,-14.043382234139584
81510,0.01186742904809902,3.053129198721631e-09,9.771181746546442e-08,32.0,0,-29.26674484989161,-30.65027590719562,-28.82639080676241,-0.6966655438656251,-14.043385202896568
81624,0.011867429048065497,3.011790722115895e-09,9.638882906194252e-08,32.0,0,-29.26675091071041,-30.650282270449697,-28.826396849360055,-0.6966658156448284,-14.043388131457384
81738,0.011867429048032837,2.9710119792279346e-09,9.508375250050886e-08,32.0,0,-29.266756889467498,-30.650288547547202,-28.826402810142724,-0.696666083744207,-14.043391020366315
81852,0.011867429048001055,2.930785396733921e-09,9.379634835043464e-08,32.0,0,-29.266762787274065,-30.65029473965475,-28.82640869021824,-0.696666348213584,-14.043393870160264
81966,0.01186742904797016,2.891103494116522e-09,9.252637498294254e-08,32.0,0,-29.26676860522616,-30.650300847923123,-28.82641449067939,-0.696666609102114,-14.043396681368865
82080,0.011867429047940066,2.851958897345419e-09,9.127359820509489e-08,32.0,0,-29.266774344405057,-30.65030687348751,-28.826420212604173,-0.6966668664582822,-14.043399454514569
82194,0.011867429047910782,2.8133443305416236e-09,9.003778286483162e-08,32.0,0,-29.266780005877354,-30.650312817467768,-28.826425857055995,-0.6966671203299203,-14.04340219011276
82308,0.011867429047882313,2.77525261247087e-09,8.8818704196544e-08,32.0,0,-29.266785590695235,-30.650318680968553,-28.826431425083864,-0.6966673707642069,-14.04340488867184
82422,0.011867429047854596,2.737676667781551e-09,8.761613094088468e-08,32.0,0,-29.266791099896626,-30.650324465079578,-28.826436917722578,-0.6966676178076837,-14.043407550693335
82536,0.011867429047827623,2.7006095129900936e-09,8.642983782153833e-08,32.0,0,-29.266796534505374,-30.650330170875826,-28.826442335992937,-0.6966678615062708,-14.043410176671983
82650,0.011867429047801392,2.6640442529823517e-09,8.52596108750016e-08,32.0,0,-29.266801895531504,-30.650335799417658,-28.826447680901886,-0.6966681019052503,-14.043412767095793
82764,0.011867429047775819,2.627974091041296e-09,8.410522920387536e-08,32.0,0,-29.266807183971327,-30.650341351751138,-28.826452953442768,-0.696668339049304,-14.043415322446196
82878,0.011867429047750993,2.5923923302936907e-09,8.296647443345106e-08,32.0,0,-29.26681240080766,-30.65034682890815,-28.826458154595457,-0.6966685729825087,-14.0434178431981
82992,0.011867429047726792,2.55729235124855e-09,8.184313957088787e-08,32.0,0,-29.26681754701006,-30.650352231906584,-28.82646328532656,-0.6966688037483321,-14.04342032981997
83106,0.011867429047703264,2.522667634087245e-09,8.073501798748154e-08,32.0,0,-29.2668226235349,-30.650357561750564,-28.826468346589607,-0.6966690313896676,-14.04342278277393
83220,0.011867429047680391,2.4885117382231147e-09,7.96419006640693e-08,32.0,0,-29.266827631325636,-30.650362819430608,-28.82647333932519,-0.6966692559488216,-14.043425202515854
83334,0.011867429047658057,2.454818319487763e-09,7.856358007994585e-08,32.0,0,-29.266832571312932,-30.65036800592382,-28.826478264461183,-0.6966694774675233,-14.043427589495437
83448,0.011867429047636383,2.4215811104428134e-09,7.749986195175465e-08,32.0,0,-29.26683744441487,-30.6503731221941,-28.82648312291291,-0.6966696959869427,-14.043429944156285
83562,0.011867429047615254,2.3887939371682367e-09,7.645054811706363e-08,32.0,0,-29.266842251537057,-30.65037816919226,-28.82648791558327,-0.6966699115476936,-14.043432266936007
83676,0.011867429047594753,2.356450707099944e-09,7.541543929446346e-08,32.0,0,-29.26684699357289,-30.65038314785623,-28.82649264336294,-0.6966701241898295,-14.043434558266256
83790,0.01186742904757476,2.324545403905015e-09,7.439434930427131e-08,32.0,0,-29.26685167140361,-30.650388059111283,-28.826497307130545,-0.6966703339528802,-14.043436818572877
83904,0.011867429047555316,2.293072104806815e-09,7.338708341914858e-08,32.0,0,-29.266856285898594,-30.65039290387013,-28.826501907752817,-0.6966705408758167,-14.043439048275925
84018,0.011867429047536408,2.2620249511318494e-09,7.23934531940149e-08,32.0,0,-29.2668608379154,-30.65039768303316,-28.826506446084768,-0.6966707449971078,-14.043441247789787
84132,0.011867429047517957,2.2313981789949294e-09,7.141327877929007e-08,32.0,0,-29.26686532829997,-30.6504023974885,-28.826510922969774,-0.6966709463546743,-14.043443417523207
84246,0.011867429047500048,2.2011860937235073e-09,7.044637870055616e-08,32.0,0,-29.26686975788683,-30.650407048112324,-28.826515339239855,-0.6966711449859456,-14.04344555787943
84360,0.01186742904748263,2.1713830805032237e-09,6.94925680749515e-08,32.0,0,-29.26687412749917,-30.650411635768908,-28.826519695715735,-0.6966713409278353,-14.043447669256219
84474,0.011867429047465673,2.141983598673313e-09,6.855167192927838e-08,32.0,0,-29.266878437949046,-30.650416161310815,-28.826523993207015,-0.6966715342167578,-14.043449752045957
84588,0.01186742904744914,2.112982185914523e-09,6.762351614380288e-08,32.0,0,-29.26688269003751,-30.65042062557909,-28.826528232512352,-0.696671724888636,-14.043451806635709
84702,0.011867429047433067,2.0843734539849817e-09,6.670792632319942e-08,32.0,0,-29.2668868845548,-30.65042502940336,-28.826532414419585,-0.696671912978896,-14.043453833407305
84816,0.011867429047417418,2.0561520799621465e-09,6.580473381369133e-08,32.0,0,-29.266891022280397,-30.650429373602055,-28.826536539705884,-0.6966720985225024,-14.0434558327374
84930,0.011867429047402223,2.0283128262008976e-09,6.491377050976856e-08,32.0,0,-29.266895103983273,-30.6504336589825,-28.82654060913789,-0.6966722815539385,-14.043457804997562
85044,0.011867429047387397,2.0008505085316665e-09,6.403487474740916e-08,32.0,0,-29.26689913042198,-30.650437886341095,-28.826544623471875,-0.6966724621072113,-14.043459750554312
85158,0.011867429047373033,1.973760029921957e-09,6.316787296645218e-08,32.0,0,-29.266903102344774,-30.65044205646344,-28.826548583453853,-0.6966726402158806,-14.043461669769211
85272,0.011867429047358984,1.947036353883611e-09,6.231261466282569e-08,32.0,0,-29.266907020489814,-30.650446170124503,-28.826552489819747,-0.6966728159130428,-14.04346356299892
85386,0.011867429047345357,1.920674511385212e-09,6.146893290198708e-08,32.0,0,-29.266910885585215,-30.65045022808876,-28.8265563432955,-0.6966729892313519,-14.043465430595278
85500,0.011867429047332055,1.8946696089187035e-09,6.063667776398446e-08,32.0,0,-29.26691469834929,-30.650454231110352,-28.826560144597252,-0.6966731602030151,-14.04346727290536
85614,0.011867429047319189,1.869016808235563e-09,5.98156904384969e-08,32.0,0,-29.266918459490586,-30.650458179933185,-28.82656389443143,-0.6966733288598086,-14.043469090271541
85728,0.011867429047306569,1.8437113435587254e-09,5.9005817247025887e-08,32.0,0,-29.266922169708092,-30.650462075291124,-28.826567593494907,-0.6966734952330716,-14.04347088303156
85842,0.011867429047294348,1.8187485101831156e-09,5.820691113110664e-08,32.0,0,-29.266925829691267,-30.65046591790806,-28.826571242475097,-0.6966736593537328,-14.043472651518577
85956,0.011867429047282435,1.7941236690096996e-09,5.74188252631673e-08,32.0,0,-29.266929440120308,-30.650469708498093,-28.82657484205012,-0.6966738212522798,-14.043474396061244
86070,0.01186742904727085,1.7698322454400684e-09,5.6641404836756744e-08,32.0,0,-29.266933001666164,-30.65047344776567,-28.826578392888923,-0.6966739809588058,-14.04347611698377
86184,0.011867429047259593,1.7458697210350187e-09,5.587451127331938e-08,32.0,0,-29.26693651499069,-30.650477136405687,-28.826581895651383,-0.6966741385029906,-14.043477814605964
86298,0.011867429047248614,1.7222316463209447e-09,5.511800403509913e-08,32.0,0,-29.26693998074681,-30.650480775103617,-28.826585350988438,-0.6966742939141138,-14.043479489243309
86412,0.011867429047237942,1.6989136272842167e-09,5.4371738340731425e-08,32.0,0,-29.266943399578587,-30.650484364535668,-28.82658875954221,-0.6966744472210517,-14.04348114120701
86526,0.011867429047227544,1.6759113280430565e-09,5.3635575617512196e-08,32.0,0,-29.266946772121376,-30.650487905368927,-28.82659212194618,-0.6966745984522993,-14.04348277080408
86640,0.011867429047217411,1.6532204775564444e-09,5.290938210097679e-08,32.0,0,-29.266950099001907,-30.650491398261373,-28.826595438825162,-0.69667474763596,-14.043484378337348
86754,0.011867429047207603,1.6308368507534296e-09,5.2193019401758314e-08,32.0,0,-29.26695338083844,-30.650494843862123,-28.82659871079557,-0.6966748947997561,-14.043485964105553
86868,0.011867429047198032,1.6087562952883031e-09,5.1486357859113047e-08,32.0,0,-29.266956618240847,-30.65049824281148,-28.826601938465434,-0.6966750399710361,-14.04348752840338
86982,0.011867429047188731,1.5869747044489758e-09,5.078926280083533e-08,32.0,0,-29.266959811810775,-30.650501595741122,-28.826605122434604,-0.6966751831767812,-14.04348907152155
87096,0.01186742904717967,1.5654880313691647e-09,5.0101607622311663e-08,32.0,0,-29.266962962141694,-30.650504903274125,-28.82660826329475,-0.6966753244436026,-14.043490593746823
87210,0.011867429047170844,1.5442922831923266e-09,4.942326117093744e-08,32.0,0,-29.26696606981906,-30.65050816602515,-28.82661136162958,-0.696675463797752,-14.043492095362081
87324,0.011867429047162256,1.5233835190109628e-09,4.8754101109858145e-08,32.0,0,-29.26696913542039,-30.650511384600552,-28.826614418014874,-0.6966756012651281,-14.043493576646387
87438,0.011867429047153908,1.5027578518494468e-09,4.809400277365561e-08,32.0,0,-29.26697215951537,-30.650514559598427,-28.826617433018594,-0.6966757368712763,-14.043495037875008
87552,0.011867429047145788,1.4824114511060818e-09,4.7442839501504394e-08,32.0,0,-29.26697514266598,-30.650517691608812,-28.826620407201048,-0.6966758706413988,-14.043496479319492
87666,0.011867429047137874,1.4623405345790264e-09,4.680049441392851e-08,32.0,0,-29.266978085426608,-30.65052078121375,-28.826623341114942,-0.6966760026003548,-14.043497901247717
87780,0.011867429047130144,1.4425413711444192e-09,4.6166843334837417e-08,32.0,0,-29.266980988344116,-30.65052382898738,-28.826626235305493,-0.6966761327726625,-14.04349930392392
87894,0.01186742904712269,1.4230102823432617e-09,4.554177559886978e-08,32.0,0,-29.266983851957956,-30.650526835496116,-28.826629090310558,-0.696676261182519,-14.04350068760877
88008,0.01186742904711538,1.4037436374118222e-09,4.492516824580792e-08,32.0,0,-29.266986676800318,-30.650529801298656,-28.82663190666069,-0.6966763878537856,-14.043502052559413
88122,0.011867429047108299,1.3847378585010762e-09,4.431691016227162e-08,32.0,0,-29.266989463396122,-30.65053272694612,-28.82663468487925,-0.6966765128099962,-14.043503399029483
88236,0.011867429047101391,1.3659894091029561e-09,4.371688905365062e-08,32.0,0,-29.266992212263236,-30.650535612982242,-28.826637425482545,-0.6966766360743821,-14.043504727269223
88350,0.011867429047094693,1.347494810480545e-09,4.312498953568215e-08,32.0,0,-29.26699492391248,-30.650538459943323,-28.826640128979864,-0.6966767576698439,-14.043506037525459
88464,0.011867429047088103,1.3292506169780724e-09,4.254110552553999e-08,32.0,0,-29.26699759884778,-30.650541268358428,-28.826642795873617,-0.6966768776189816,-14.043507330041678
88578,0.01186742904708184,1.3113906492703044e-09,4.196952080330553e-08,32.0,0,-29.267000217449432,-30.65054401762881,-28.826645406603067,-0.6966769950420071,-14.043508595337734
88692,0.011867429047075637,1.2936352942037734e-09,4.140128000837111e-08,32.0,0,-29.267002820713746,-30.650546750796536,-28.8266480020413,-0.6966771117772745,-14.043509853222853
88806,0.011867429047069628,1.2761203422824655e-09,4.08407353421434e-08,32.0,0,-29.267005388731597,-30.650549446959005,-28.826650562339033,-0.6966772269320236,-14.043511094077042
88920,0.011867429047063734,1.258842534488057e-09,4.028777986129226e-08,32.0,0,-29.267007921980216,-30.650552106617248,-28.826653087972062,-0.6966773405276516,-14.043512318130894
89034,0.01186742904705806,1.2417986609185872e-09,3.9742309996310026e-08,32.0,0,-29.267010420930355,-30.65055473026551,-28.826655579409724,-0.6966774525852667,-14.043513525611875
89148,0.01186742904705251,1.2249855535243632e-09,3.9204225588860515e-08,32.0,0,-29.26701288604642,-30.65055731839137,-28.826658037115028,-0.696677563125695,-14.043514716744381
89262,0.011867429047047106,1.208400089355638e-09,3.8673426786408015e-08,32.0,0,-29.267015317786488,-30.65055987147577,-28.82666046154467,-0.6966776721694801,-14.043515891749758
89376,0.011867429047041859,1.1920391853756518e-09,3.814981470351525e-08,32.0,0,-29.267017716602467,-30.650562389993176,-28.826662853149216,-0.6966777797368876,-14.043517050846365
89490,0.011867429047036741,1.175899800691952e-09,3.763329248250663e-08,32.0,0,-29.26702008294014,-30.650564874411593,-28.826665212373086,-0.6966778858478986,-14.043518194249598
89604,0.011867429047031749,1.1599789353017537e-09,3.712376420280278e-08,32.0,0,-29.267022417239247,-30.65056732519273,-28.826667539654718,-0.6966779905222448,-14.04351932217195
89718,0.011867429047026912,1.1442736326753815e-09,3.662113355016498e-08,32.0,0,-29.26702471993357,-30.650569742791987,-28.826669835426575,-0.6966780937793668,-14.043520434823005
89832,0.011867429047022215,1.1287809721722676e-09,3.6125311121202405e-08,32.0,0,-29.26702699145102,-30.65057212765865,-28.82667210011529,-0.6966781956384555,-14.04352153240954
89946,0.011867429047017604,1.1134980772246277e-09,3.563620020903643e-08,32.0,0,-29.26702923221373,-30.650574480235896,-28.826674334141718,-0.6966782961184445,-14.043522615135524
90060,0.011867429047013163,1.0984221025487545e-09,3.515370975943619e-08,32.0,0,-29.2670314426381,-30.650576800960916,-28.826676537921017,-0.6966783952380022,-14.043523683202157
90174,0.0118674290470088,1.0835502510840877e-09,3.4677753917988347e-08,32.0,0,-29.267033623134893,-30.65057909026498,-28.826678711862712,-0.6966784930155513,-14.043524736807925
90288,0.011867429047004571,1.0688797571016819e-09,3.420824209484579e-08,32.0,0,-29.26703577410932,-30.65058134857349,-28.826680856370785,-0.6966785894692555,-14.043525776148611
90402,0.011867429047000477,1.0544078932407228e-09,3.37450878736916e-08,32.0,0,-29.26703789596109,-30.650583576306133,-28.82668297184376,-0.6966786846170484,-14.043526801417372
90516,0.011867429046996506,1.0403729779870612e-09,3.3295916932460914e-08,32.0,0,-29.267039953748366,-30.650585736777437,-28.82668502344483,-0.6966787768920636,-14.04352779573046
90542,0.011867429046995634,1.037267508408047e-09,0.0,1.9073486328125e-06,24,-29.26704040906987,-30.650586214819587,-28.826685477397533,-0.6966787973095276,-14.043528015739662
